SEASON_YEAR,TEAM_ID,TEAM_ABBREVIATION,TEAM_NAME,GAME_ID,GAME_DATE,MATCHUP,WL,MIN,E_OFF_RATING,OFF_RATING,E_DEF_RATING,DEF_RATING,E_NET_RATING,NET_RATING,AST_PCT,AST_TO,AST_RATIO,OREB_PCT,DREB_PCT,REB_PCT,TM_TOV_PCT,EFG_PCT,TS_PCT,E_PACE,PACE,PACE_PER40,POSS,PIE,GP_RANK,W_RANK,L_RANK,W_PCT_RANK,MIN_RANK,OFF_RATING_RANK,DEF_RATING_RANK,NET_RATING_RANK,AST_PCT_RANK,AST_TO_RANK,AST_RATIO_RANK,OREB_PCT_RANK,DREB_PCT_RANK,REB_PCT_RANK,TM_TOV_PCT_RANK,EFG_PCT_RANK,TS_PCT_RANK,PACE_RANK,PIE_RANK,AVAILABLE_FLAG
2025-26,1610612737,ATL,Atlanta Hawks,0022500775,2026-02-11T00:00:00,ATL @ CHA,L,48.0,104.7,108.1,108.1,110.0,-3.4,-1.9,0.757,2.15,20.0,0.26,0.638,0.463,0.131,0.5,0.55,102.0,99.5,82.92,99,0.518,1,27,27,27,2,40,19,32,16,27,37,27,43,32,25,47,45,43,25,1
2025-26,1610612737,ATL,Atlanta Hawks,0022500765,2026-02-09T00:00:00,ATL @ MIN,L,48.0,102.4,106.4,126.3,127.8,-24.0,-21.4,0.5,1.05,13.2,0.381,0.81,0.552,0.174,0.475,0.521,111.3,108.5,90.42,109,0.365,1,27,27,27,2,44,48,51,56,56,56,4,5,5,43,50,49,5,54,1
2025-26,1610612737,ATL,Atlanta Hawks,0022500751,2026-02-07T00:00:00,ATL vs. CHA,L,48.0,118.4,122.7,123.5,129.9,-5.0,-7.2,0.698,3.0,21.9,0.222,0.571,0.404,0.103,0.591,0.623,101.3,97.0,80.83,97,0.474,1,27,27,27,2,10,52,38,33,16,19,43,55,54,16,15,13,48,36,1
2025-26,1610612737,ATL,Atlanta Hawks,0022500735,2026-02-05T00:00:00,ATL vs. UTA,W,48.0,122.1,122.2,115.8,120.2,6.3,2.0,0.708,3.4,22.2,0.377,0.579,0.482,0.101,0.531,0.56,101.0,99.0,82.5,99,0.568,1,1,1,1,2,11,40,23,32,11,16,6,54,24,14,38,40,45,9,1
2025-26,1610612737,ATL,Atlanta Hawks,0022500720,2026-02-03T00:00:00,ATL @ MIA,W,48.0,117.9,118.7,106.0,107.5,11.8,11.2,0.694,3.78,22.4,0.204,0.724,0.473,0.084,0.589,0.595,108.1,107.0,89.17,107,0.533,1,1,1,1,2,22,14,13,35,8,14,50,18,28,6,16,20,12,20,1
2025-26,1610612737,ATL,Atlanta Hawks,0022500698,2026-01-31T00:00:00,ATL @ IND,L,48.0,113.4,113.8,117.0,119.4,-3.6,-5.7,0.543,2.5,17.1,0.255,0.69,0.443,0.092,0.531,0.567,109.8,108.5,90.42,109,0.469,1,27,27,27,2,31,38,35,55,20,50,32,27,43,8,37,37,5,37,1
2025-26,1610612737,ATL,Atlanta Hawks,0022500682,2026-01-29T00:00:00,ATL vs. HOU,L,48.0,91.4,95.6,114.5,114.3,-23.1,-18.7,0.559,1.58,14.8,0.317,0.552,0.432,0.133,0.43,0.448,92.4,90.5,75.42,90,0.378,1,27,27,27,2,54,28,48,54,42,55,13,56,48,26,55,56,56,53,1
2025-26,1610612737,ATL,Atlanta Hawks,0022500673,2026-01-28T00:00:00,ATL @ BOS,W,48.0,119.7,120.6,109.2,110.4,10.5,10.2,0.644,3.22,21.0,0.245,0.647,0.45,0.093,0.581,0.593,97.4,96.5,80.42,97,0.532,1,1,1,1,2,18,20,14,48,14,29,33,38,41,10,18,21,50,21,1
2025-26,1610612737,ATL,Atlanta Hawks,0022500659,2026-01-26T00:00:00,ATL vs. IND,W,48.0,119.5,118.9,101.8,106.4,17.7,12.5,0.714,2.5,21.9,0.275,0.769,0.524,0.126,0.592,0.626,112.2,110.0,91.67,111,0.547,1,1,1,1,2,21,12,11,27,20,20,22,8,13,22,14,10,3,16,1
2025-26,1610612737,ATL,Atlanta Hawks,0022500636,2026-01-23T00:00:00,ATL vs. PHX,W,48.0,110.0,108.9,102.0,102.0,7.9,6.9,0.651,1.33,20.1,0.238,0.755,0.526,0.208,0.611,0.625,100.5,101.0,84.17,101,0.524,1,1,1,1,2,38,7,16,45,49,36,38,11,10,55,9,11,37,23,1
2025-26,1610612737,ATL,Atlanta Hawks,0022500623,2026-01-21T00:00:00,ATL @ MEM,W,48.0,114.2,118.1,111.0,117.3,3.2,0.8,0.791,2.0,21.8,0.346,0.635,0.49,0.162,0.576,0.605,109.2,104.5,87.08,105,0.522,1,1,1,1,2,24,34,27,5,30,21,10,44,20,38,21,18,22,24,1
2025-26,1610612737,ATL,Atlanta Hawks,0022500014,2026-01-19T00:00:00,ATL vs. MIL,L,48.0,107.3,107.8,113.1,108.7,-5.9,-0.9,0.846,3.3,21.7,0.283,0.884,0.534,0.098,0.469,0.516,100.8,102.5,85.42,102,0.493,1,27,27,27,2,41,16,28,2,13,22,20,1,9,12,51,50,30,30,1
2025-26,1610612737,ATL,Atlanta Hawks,0022500594,2026-01-17T00:00:00,ATL vs. BOS,L,48.0,97.7,101.0,123.7,125.7,-26.0,-24.8,0.763,2.42,19.2,0.266,0.714,0.46,0.114,0.446,0.484,107.6,105.0,87.5,105,0.4,1,27,27,27,2,48,47,54,14,24,42,25,19,34,19,54,54,20,49,1
2025-26,1610612737,ATL,Atlanta Hawks,0022500585,2026-01-15T00:00:00,ATL @ POR,L,48.0,97.4,97.1,111.9,112.5,-14.5,-15.4,0.657,1.15,16.9,0.208,0.667,0.451,0.192,0.519,0.557,104.1,104.0,86.67,104,0.423,1,27,27,27,2,50,23,44,43,54,51,48,32,39,51,43,41,24,45,1
2025-26,1610612737,ATL,Atlanta Hawks,0022500569,2026-01-13T00:00:00,ATL @ LAL,L,48.0,113.8,114.9,138.0,138.2,-24.2,-23.4,0.667,5.0,20.5,0.263,0.632,0.411,0.059,0.515,0.537,102.1,101.5,84.58,101,0.386,1,27,27,27,2,29,55,53,40,3,34,26,46,53,2,44,46,34,51,1
2025-26,1610612737,ATL,Atlanta Hawks,0022500556,2026-01-11T00:00:00,ATL @ GSW,W,48.0,120.4,122.8,106.5,108.8,13.9,13.9,0.717,3.67,22.3,0.275,0.74,0.505,0.089,0.569,0.59,103.6,101.5,84.58,101,0.552,1,1,1,1,2,9,17,8,26,9,15,22,12,16,7,23,23,34,13,1
2025-26,1610612737,ATL,Atlanta Hawks,0022500537,2026-01-09T00:00:00,ATL @ DEN,W,48.0,112.5,114.6,90.8,91.6,21.7,23.0,0.674,5.17,23.1,0.137,0.884,0.479,0.063,0.574,0.574,96.8,95.5,79.58,96,0.6,1,1,1,1,2,30,1,3,39,2,10,55,1,26,3,22,32,52,4,1
2025-26,1610612737,ATL,Atlanta Hawks,0022500519,2026-01-07T00:00:00,ATL vs. NOP,W,48.0,104.0,110.4,90.9,93.5,13.1,16.9,0.682,1.43,19.5,0.333,0.786,0.564,0.198,0.558,0.571,111.2,106.5,88.75,106,0.555,1,1,1,1,2,35,3,6,38,47,39,11,6,4,54,27,33,16,12,1
2025-26,1610612737,ATL,Atlanta Hawks,0022500504,2026-01-05T00:00:00,ATL @ TOR,L,48.0,95.0,94.3,110.9,113.5,-15.9,-19.1,0.8,1.87,19.0,0.228,0.833,0.505,0.142,0.461,0.509,105.8,105.0,87.5,106,0.413,1,27,27,27,2,55,26,50,3,37,43,41,3,17,28,52,51,20,47,1
2025-26,1610612737,ATL,Atlanta Hawks,0022500488,2026-01-03T00:00:00,ATL @ TOR,L,48.0,108.0,108.3,124.7,125.2,-16.7,-16.9,0.762,2.0,21.2,0.226,0.727,0.454,0.148,0.555,0.589,107.9,107.5,89.58,108,0.431,1,27,27,27,2,39,45,45,15,30,28,42,17,38,33,29,26,10,43,1
2025-26,1610612737,ATL,Atlanta Hawks,0022500479,2026-01-02T00:00:00,ATL @ NYK,W,48.0,107.8,106.7,92.3,95.2,15.5,11.5,0.738,2.38,21.4,0.196,0.683,0.465,0.125,0.545,0.561,105.1,104.0,86.67,104,0.56,1,1,1,1,2,42,4,12,21,26,26,51,29,31,21,31,39,24,11,1
2025-26,1610612737,ATL,Atlanta Hawks,0022500463,2025-12-31T00:00:00,ATL vs. MIN,W,48.0,120.0,127.3,102.1,102.0,17.9,25.3,0.745,3.8,23.9,0.379,0.712,0.536,0.101,0.567,0.567,102.5,99.5,82.92,99,0.6,1,1,1,1,2,3,8,2,20,7,5,5,21,8,14,25,36,43,3,1
2025-26,1610612737,ATL,Atlanta Hawks,0022500455,2025-12-29T00:00:00,ATL @ OKC,L,48.0,116.8,118.3,124.9,128.4,-8.1,-10.1,0.696,2.0,20.9,0.222,0.667,0.424,0.147,0.603,0.617,111.3,109.0,90.83,109,0.441,1,27,27,27,2,23,51,41,34,30,31,43,32,51,31,10,17,4,40,1
2025-26,1610612737,ATL,Atlanta Hawks,0022500435,2025-12-27T00:00:00,ATL vs. NYK,L,48.0,120.3,121.4,123.0,124.3,-2.7,-2.9,0.767,2.75,22.1,0.255,0.589,0.43,0.117,0.579,0.62,104.0,103.0,85.83,103,0.499,1,27,27,27,2,16,44,33,10,18,17,31,51,49,20,20,16,28,29,1
2025-26,1610612737,ATL,Atlanta Hawks,0022500423,2025-12-26T00:00:00,ATL vs. MIA,L,48.0,100.7,100.9,113.6,113.5,-12.9,-12.6,0.65,1.24,18.3,0.13,0.714,0.451,0.191,0.541,0.589,110.6,110.5,92.08,110,0.434,1,27,27,27,2,49,27,43,46,52,46,56,19,39,50,34,25,2,42,1
2025-26,1610612737,ATL,Atlanta Hawks,0022500411,2025-12-23T00:00:00,ATL vs. CHI,L,48.0,112.0,115.0,114.2,116.7,-2.2,-1.7,0.792,3.17,24.4,0.212,0.68,0.441,0.112,0.579,0.592,110.1,107.5,89.58,107,0.483,1,27,27,27,2,28,33,30,4,15,3,47,31,45,17,19,22,10,32,1
2025-26,1610612737,ATL,Atlanta Hawks,0022500396,2025-12-21T00:00:00,ATL vs. CHI,L,48.0,129.2,138.9,138.0,140.7,-8.8,-1.9,0.765,3.9,24.1,0.306,0.66,0.479,0.093,0.638,0.669,113.1,108.0,90.0,108,0.48,1,27,27,27,2,1,56,31,13,6,4,14,37,25,9,5,4,8,35,1
2025-26,1610612737,ATL,Atlanta Hawks,0022500383,2025-12-19T00:00:00,ATL vs. SAS,L,48.0,90.7,92.5,121.1,117.8,-30.4,-25.3,0.684,1.53,17.9,0.22,0.733,0.442,0.16,0.457,0.485,106.0,106.5,88.75,106,0.351,1,27,27,27,2,56,36,55,37,45,48,45,16,44,37,53,53,16,56,1
2025-26,1610612737,ATL,Atlanta Hawks,0022500371,2025-12-18T00:00:00,ATL @ CHA,L,48.0,117.0,121.2,123.7,127.9,-6.7,-6.7,0.646,2.07,20.9,0.304,0.698,0.494,0.144,0.582,0.62,107.6,104.0,86.67,104,0.458,1,27,27,27,2,17,49,37,47,28,30,16,25,18,30,17,15,24,38,1
2025-26,1610612737,ATL,Atlanta Hawks,0022501217,2025-12-14T00:00:00,ATL vs. PHI,W,48.0,111.9,116.5,111.7,112.5,0.2,4.0,0.767,1.94,20.8,0.404,0.631,0.525,0.165,0.52,0.554,106.0,103.5,86.25,103,0.515,1,1,1,1,2,26,23,21,10,35,33,3,47,12,39,42,43,27,26,1
2025-26,1610612737,ATL,Atlanta Hawks,0022501210,2025-12-12T00:00:00,ATL @ DET,L,48.0,108.9,106.5,131.8,134.0,-22.9,-27.5,0.718,1.4,18.4,0.347,0.7,0.506,0.185,0.524,0.583,106.7,107.0,89.17,108,0.392,1,27,27,27,2,43,54,56,24,48,45,9,24,15,47,41,28,12,50,1
2025-26,1610612737,ATL,Atlanta Hawks,0022500351,2025-12-06T00:00:00,ATL @ WAS,W,48.0,125.8,128.4,111.2,114.9,14.6,13.6,0.692,2.4,22.8,0.426,0.829,0.614,0.147,0.597,0.629,104.3,101.5,84.58,102,0.591,1,1,1,1,2,2,29,10,36,25,11,1,4,1,32,12,9,34,5,1
2025-26,1610612737,ATL,Atlanta Hawks,0022500340,2025-12-05T00:00:00,ATL vs. DEN,L,48.0,126.6,126.7,127.4,125.2,-0.8,1.4,0.714,2.5,23.2,0.234,0.739,0.484,0.133,0.621,0.652,105.1,106.0,88.33,105,0.489,1,27,27,27,2,5,45,25,27,20,9,39,14,22,26,6,6,18,31,1
2025-26,1610612737,ATL,Atlanta Hawks,0022500327,2025-12-03T00:00:00,ATL vs. LAC,L,48.0,91.9,95.8,118.8,118.6,-26.9,-22.7,0.588,1.25,15.7,0.208,0.667,0.426,0.167,0.476,0.505,98.5,96.5,80.42,96,0.354,1,27,27,27,2,53,37,52,51,51,54,49,32,50,40,49,52,50,55,1
2025-26,1610612737,ATL,Atlanta Hawks,0022500309,2025-12-01T00:00:00,ATL @ DET,L,48.0,96.2,97.0,97.5,98.0,-1.2,-1.0,0.711,1.8,19.7,0.173,0.588,0.379,0.149,0.506,0.522,101.7,101.0,84.17,101,0.481,1,27,27,27,2,51,5,29,31,38,38,54,52,56,34,46,48,37,34,1
2025-26,1610612737,ATL,Atlanta Hawks,0022500304,2025-11-30T00:00:00,ATL @ PHI,W,58.0,108.4,110.9,104.1,104.7,4.3,6.3,0.75,1.57,19.3,0.377,0.766,0.576,0.18,0.534,0.582,107.5,105.93,88.28,128,0.542,1,1,1,1,1,34,11,18,17,43,41,7,10,2,45,35,29,19,17,1
2025-26,1610612737,ATL,Atlanta Hawks,0022500069,2025-11-28T00:00:00,ATL vs. CLE,W,48.0,117.7,121.5,115.2,115.0,2.5,6.5,0.75,2.57,23.2,0.245,0.686,0.47,0.131,0.615,0.635,108.6,107.0,89.17,107,0.537,1,1,1,1,2,15,30,17,17,19,7,33,28,29,24,7,8,12,19,1
2025-26,1610612737,ATL,Atlanta Hawks,0022500057,2025-11-25T00:00:00,ATL @ WAS,L,48.0,105.6,109.7,128.9,128.2,-23.3,-18.4,0.767,1.74,21.3,0.358,0.78,0.543,0.184,0.532,0.554,104.7,103.0,85.83,103,0.416,1,27,27,27,2,37,50,47,10,39,27,8,7,6,46,36,44,28,46,1
2025-26,1610612737,ATL,Atlanta Hawks,0022500276,2025-11-23T00:00:00,ATL vs. CHA,W,48.0,116.4,118.9,108.1,115.8,8.4,3.2,0.711,3.56,22.7,0.286,0.638,0.458,0.095,0.555,0.576,99.4,95.0,79.17,95,0.515,1,1,1,1,2,20,32,22,30,10,13,19,42,37,11,29,30,54,27,1
2025-26,1610612737,ATL,Atlanta Hawks,0022500270,2025-11-22T00:00:00,ATL @ NOP,W,48.0,120.6,116.2,98.4,101.0,22.2,15.1,0.667,4.0,20.3,0.24,0.635,0.441,0.071,0.561,0.585,97.5,98.0,81.67,99,0.576,1,1,1,1,2,27,6,7,40,5,35,36,44,45,4,26,27,47,8,1
2025-26,1610612737,ATL,Atlanta Hawks,0022500267,2025-11-20T00:00:00,ATL @ SAS,L,48.0,122.7,123.5,128.3,131.1,-5.7,-7.5,0.612,1.88,21.4,0.195,0.735,0.489,0.157,0.678,0.679,104.0,102.5,85.42,102,0.456,1,27,27,27,2,8,53,40,50,36,25,52,15,21,35,1,3,30,39,1
2025-26,1610612737,ATL,Atlanta Hawks,0022500251,2025-11-18T00:00:00,ATL vs. DET,L,48.0,110.2,112.0,118.2,117.6,-7.9,-5.6,0.738,1.63,21.7,0.255,0.707,0.466,0.19,0.569,0.598,101.6,101.0,84.17,100,0.43,1,27,27,27,2,32,35,34,21,40,23,29,22,30,49,24,19,37,44,1
2025-26,1610612737,ATL,Atlanta Hawks,0022500239,2025-11-16T00:00:00,ATL @ PHX,W,48.0,119.7,121.6,114.7,119.6,5.0,2.0,0.778,2.06,23.6,0.256,0.585,0.438,0.167,0.612,0.649,105.0,102.0,85.0,102,0.541,1,1,1,1,2,14,39,24,8,29,6,28,53,47,40,8,7,32,18,1
2025-26,1610612737,ATL,Atlanta Hawks,0022500227,2025-11-13T00:00:00,ATL @ UTA,W,48.0,121.5,122.2,109.7,113.0,11.8,9.3,0.783,2.0,23.2,0.234,0.66,0.46,0.167,0.644,0.662,110.0,108.0,90.0,108,0.548,1,1,1,1,2,11,25,15,7,30,7,39,36,35,40,4,5,8,14,1
2025-26,1610612737,ATL,Atlanta Hawks,0022500223,2025-11-12T00:00:00,ATL @ SAC,W,48.0,122.4,122.0,90.2,92.6,32.2,29.4,0.857,2.0,26.1,0.282,0.768,0.568,0.193,0.676,0.702,109.8,108.5,90.42,109,0.714,1,1,1,1,2,13,2,1,1,30,1,21,9,3,52,2,1,5,1,1
2025-26,1610612737,ATL,Atlanta Hawks,0022500206,2025-11-10T00:00:00,ATL @ LAC,W,48.0,107.4,111.7,108.5,110.9,-1.1,0.8,0.789,2.5,21.6,0.306,0.74,0.525,0.128,0.53,0.566,95.9,93.0,77.5,94,0.525,1,1,1,1,2,33,21,26,6,20,24,14,12,11,23,39,38,55,22,1
2025-26,1610612737,ATL,Atlanta Hawks,0022500185,2025-11-08T00:00:00,ATL vs. LAL,W,48.0,119.8,124.5,105.4,103.0,14.4,21.5,0.771,3.36,25.3,0.239,0.681,0.462,0.112,0.602,0.623,99.3,98.5,82.08,98,0.586,1,1,1,1,2,7,9,4,9,12,2,37,30,33,18,11,12,46,6,1
2025-26,1610612737,ATL,Atlanta Hawks,0022500030,2025-11-07T00:00:00,ATL vs. TOR,L,48.0,91.4,96.0,106.9,107.9,-15.5,-11.9,0.727,1.26,15.9,0.413,0.691,0.542,0.188,0.391,0.457,104.1,101.0,84.17,101,0.435,1,27,27,27,2,52,15,42,23,50,53,2,26,7,48,56,55,37,41,1
2025-26,1610612737,ATL,Atlanta Hawks,0022500166,2025-11-04T00:00:00,ATL vs. ORL,W,48.0,121.6,125.7,109.2,112.0,12.3,13.7,0.575,1.15,17.2,0.27,0.646,0.482,0.198,0.646,0.702,103.5,100.5,83.75,101,0.577,1,1,1,1,2,6,22,9,53,54,49,24,39,23,53,3,2,42,7,1
2025-26,1610612737,ATL,Atlanta Hawks,0022500151,2025-11-02T00:00:00,ATL @ CLE,L,48.0,101.5,101.9,106.4,109.3,-5.0,-7.5,0.718,1.22,19.4,0.244,0.707,0.515,0.215,0.545,0.59,108.7,107.0,89.17,107,0.508,1,27,27,27,2,47,18,39,24,53,40,35,23,14,56,31,24,12,28,1
2025-26,1610612737,ATL,Atlanta Hawks,0022500020,2025-10-31T00:00:00,ATL @ IND,W,48.0,127.0,126.7,100.4,106.9,26.5,19.8,0.588,3.0,20.8,0.289,0.623,0.491,0.099,0.596,0.623,104.2,101.0,84.17,101,0.64,1,1,1,1,2,4,13,5,51,16,32,17,49,19,13,13,14,37,2,1
2025-26,1610612737,ATL,Atlanta Hawks,0022500130,2025-10-29T00:00:00,ATL @ BKN,W,48.0,119.8,120.6,111.0,115.5,8.8,5.2,0.75,4.13,22.8,0.288,0.604,0.448,0.082,0.543,0.57,99.3,97.0,80.83,97,0.548,1,1,1,1,2,18,31,20,17,4,12,18,50,42,5,33,35,48,15,1
2025-26,1610612737,ATL,Atlanta Hawks,0022500115,2025-10-27T00:00:00,ATL @ CHI,L,48.0,117.4,117.1,119.4,123.1,-2.0,-5.9,0.653,5.33,22.1,0.192,0.644,0.402,0.057,0.556,0.576,106.0,104.5,87.08,105,0.483,1,27,27,27,2,25,42,36,44,1,18,53,40,55,1,28,31,22,33,1
2025-26,1610612737,ATL,Atlanta Hawks,0022500101,2025-10-25T00:00:00,ATL vs. OKC,L,48.0,103.9,104.2,117.8,123.2,-13.8,-19.0,0.714,1.47,18.0,0.333,0.627,0.476,0.177,0.506,0.531,97.8,95.5,79.58,96,0.406,1,27,27,27,2,46,43,49,27,46,47,11,48,27,44,45,47,52,48,1
2025-26,1610612737,ATL,Atlanta Hawks,0022500090,2025-10-24T00:00:00,ATL @ ORL,W,48.0,106.4,109.9,102.6,103.9,3.8,6.0,0.634,1.63,18.7,0.255,0.642,0.46,0.158,0.529,0.57,104.3,102.0,85.0,101,0.566,1,1,1,1,2,36,10,19,49,41,44,29,41,35,36,40,34,32,10,1
2025-26,1610612737,ATL,Atlanta Hawks,0022500082,2025-10-22T00:00:00,ATL vs. TOR,L,48.0,103.3,104.4,120.3,122.1,-17.0,-17.7,0.658,1.56,16.7,0.214,0.667,0.416,0.142,0.478,0.555,114.5,113.0,94.17,113,0.384,1,27,27,27,2,45,41,46,42,44,52,46,32,52,29,48,42,1,52,1
2025-26,1610612738,BOS,Boston Celtics,0022500778,2026-02-11T00:00:00,BOS vs. CHI,W,48.0,121.9,127.8,106.4,108.2,15.5,19.6,0.592,2.07,20.0,0.417,0.745,0.586,0.144,0.611,0.616,100.2,97.0,80.83,97,0.586,1,1,1,1,2,13,19,13,18,25,10,8,10,4,38,13,17,14,15,1
2025-26,1610612738,BOS,Boston Celtics,0022500757,2026-02-08T00:00:00,BOS vs. NYK,L,48.0,94.1,94.7,117.4,120.7,-23.3,-26.0,0.647,2.2,16.4,0.322,0.739,0.505,0.106,0.408,0.451,94.6,93.0,77.5,94,0.37,1,36,36,36,2,54,43,53,8,18,37,33,12,34,17,54,54,41,53,1
2025-26,1610612738,BOS,Boston Celtics,0022500741,2026-02-06T00:00:00,BOS vs. MIA,W,48.0,100.9,106.5,102.2,103.2,-1.3,3.3,0.486,1.06,13.4,0.346,0.736,0.543,0.174,0.476,0.521,95.5,92.5,77.08,92,0.502,1,1,1,1,2,44,10,31,46,51,49,24,14,17,51,49,48,43,32,1
2025-26,1610612738,BOS,Boston Celtics,0022500728,2026-02-04T00:00:00,BOS @ HOU,W,48.0,121.5,126.7,103.7,102.2,17.8,24.5,0.667,1.73,18.6,0.462,0.736,0.6,0.167,0.539,0.577,91.7,90.5,75.42,90,0.607,1,1,1,1,2,16,8,8,6,35,17,1,14,1,46,27,24,51,7,1
2025-26,1610612738,BOS,Boston Celtics,0022500721,2026-02-03T00:00:00,BOS @ DAL,W,48.0,112.0,115.8,105.6,104.2,6.4,11.6,0.574,2.7,19.9,0.275,0.709,0.5,0.105,0.557,0.56,96.4,95.5,79.58,95,0.536,1,1,1,1,2,34,13,19,23,14,12,46,25,35,15,19,28,30,22,1
2025-26,1610612738,BOS,Boston Celtics,0022500702,2026-02-01T00:00:00,BOS vs. MIL,W,48.0,117.9,124.4,90.2,90.8,27.8,33.6,0.585,2.4,18.2,0.407,0.709,0.56,0.116,0.527,0.547,89.2,86.5,72.08,86,0.666,1,1,1,1,2,22,1,4,21,16,22,10,25,10,24,30,34,54,4,1
2025-26,1610612738,BOS,Boston Celtics,0022500689,2026-01-30T00:00:00,BOS vs. SAC,W,48.0,120.4,124.4,98.8,103.3,21.6,21.1,0.595,3.57,18.8,0.327,0.635,0.477,0.078,0.548,0.56,93.6,90.0,75.0,90,0.592,1,1,1,1,2,20,12,12,17,7,15,31,44,45,6,24,29,52,11,1
2025-26,1610612738,BOS,Boston Celtics,0022500673,2026-01-28T00:00:00,BOS vs. ATL,L,48.0,109.2,110.4,119.7,120.6,-10.5,-10.2,0.5,1.31,15.7,0.353,0.755,0.55,0.167,0.522,0.552,97.4,96.5,80.42,96,0.468,1,36,36,36,2,41,42,49,43,45,41,19,7,15,46,34,31,20,43,1
2025-26,1610612738,BOS,Boston Celtics,0022500660,2026-01-26T00:00:00,BOS vs. POR,W,48.0,97.2,104.1,95.7,95.9,1.5,8.2,0.615,1.41,17.1,0.333,0.735,0.524,0.173,0.506,0.521,101.6,98.0,81.67,98,0.528,1,1,1,1,2,50,3,26,12,44,31,26,16,27,50,42,47,11,23,1
2025-26,1610612738,BOS,Boston Celtics,0022500647,2026-01-24T00:00:00,BOS @ CHI,L,48.0,109.9,120.7,119.3,123.9,-9.4,-3.3,0.636,4.67,20.4,0.321,0.698,0.485,0.065,0.52,0.539,98.2,92.0,76.67,92,0.492,1,36,36,36,2,26,47,42,10,3,9,34,30,42,3,37,39,48,36,1
2025-26,1610612738,BOS,Boston Celtics,0022500637,2026-01-23T00:00:00,BOS @ BKN,W,58.0,112.0,118.2,112.5,114.5,-0.5,3.6,0.714,3.89,21.5,0.286,0.596,0.433,0.082,0.55,0.56,94.3,91.03,75.86,110,0.512,1,1,1,1,1,31,31,29,1,6,6,44,49,50,8,23,27,50,30,1
2025-26,1610612738,BOS,Boston Celtics,0022500621,2026-01-21T00:00:00,BOS vs. IND,W,48.0,117.8,117.8,98.9,103.0,18.9,14.9,0.571,1.5,17.1,0.34,0.689,0.537,0.158,0.545,0.601,103.1,101.0,84.17,101,0.591,1,1,1,1,2,32,9,16,24,40,31,25,34,23,44,26,18,5,13,1
2025-26,1610612738,BOS,Boston Celtics,0022500017,2026-01-19T00:00:00,BOS @ DET,L,48.0,107.1,110.8,107.1,111.8,0.0,-1.1,0.394,0.93,10.5,0.377,0.698,0.538,0.151,0.476,0.535,96.7,93.0,77.5,93,0.44,1,36,36,36,2,40,27,39,51,54,54,15,29,22,41,50,42,41,48,1
2025-26,1610612738,BOS,Boston Celtics,0022500594,2026-01-17T00:00:00,BOS @ ATL,W,48.0,123.7,125.7,97.7,101.0,26.0,24.8,0.587,1.59,18.5,0.286,0.734,0.54,0.162,0.626,0.656,107.6,105.0,87.5,105,0.6,1,1,1,1,2,18,6,7,20,37,19,44,17,20,45,9,8,1,10,1
2025-26,1610612738,BOS,Boston Celtics,0022500580,2026-01-15T00:00:00,BOS @ MIA,W,48.0,122.7,124.0,117.7,117.5,5.0,6.4,0.537,1.69,15.7,0.423,0.692,0.558,0.135,0.522,0.583,96.9,96.5,80.42,96,0.519,1,1,1,1,2,23,34,27,39,36,40,7,33,11,33,35,22,20,28,1
2025-26,1610612738,BOS,Boston Celtics,0022500559,2026-01-12T00:00:00,BOS @ IND,L,48.0,102.2,104.3,104.7,105.4,-2.5,-1.0,0.55,1.83,17.3,0.265,0.809,0.531,0.13,0.506,0.522,93.8,92.5,77.08,92,0.48,1,36,36,36,2,49,16,38,33,33,30,48,1,24,29,41,45,43,39,1
2025-26,1610612738,BOS,Boston Celtics,0022500545,2026-01-10T00:00:00,BOS vs. SAS,L,48.0,99.2,96.9,100.2,104.2,-1.0,-7.2,0.579,2.2,16.9,0.2,0.75,0.487,0.102,0.495,0.501,97.8,97.0,80.83,98,0.489,1,36,36,36,2,53,13,47,22,18,33,53,8,40,10,46,51,14,37,1
2025-26,1610612738,BOS,Boston Celtics,0022500532,2026-01-09T00:00:00,BOS vs. TOR,W,48.0,129.7,135.9,123.9,125.8,5.8,10.1,0.596,2.8,20.7,0.366,0.723,0.557,0.109,0.621,0.655,95.4,92.5,77.08,92,0.521,1,1,1,1,2,8,51,21,16,12,8,16,20,12,18,10,9,43,26,1
2025-26,1610612738,BOS,Boston Celtics,0022500520,2026-01-07T00:00:00,BOS vs. DEN,L,48.0,116.3,119.6,120.6,122.6,-4.3,-3.0,0.372,1.14,12.1,0.429,0.673,0.546,0.152,0.532,0.541,94.6,92.5,77.08,92,0.449,1,36,36,36,2,29,45,41,53,50,53,6,36,16,42,28,37,43,46,1
2025-26,1610612738,BOS,Boston Celtics,0022500503,2026-01-05T00:00:00,BOS vs. CHI,W,48.0,117.7,121.1,103.7,107.4,14.0,13.6,0.524,2.75,15.6,0.381,0.796,0.563,0.084,0.5,0.524,97.6,94.5,78.75,95,0.525,1,1,1,1,2,25,18,18,42,13,42,14,3,9,9,45,44,34,25,1
2025-26,1610612738,BOS,Boston Celtics,0022500493,2026-01-03T00:00:00,BOS @ LAC,W,48.0,154.7,158.7,123.0,123.7,31.7,35.0,0.566,5.0,21.1,0.455,0.744,0.598,0.065,0.677,0.7,93.9,92.5,77.08,92,0.587,1,1,1,1,2,1,46,3,29,2,7,2,11,2,3,4,4,43,14,1
2025-26,1610612738,BOS,Boston Celtics,0022500474,2026-01-01T00:00:00,BOS @ SAC,W,48.0,116.6,127.7,114.5,111.6,2.1,16.1,0.568,1.92,18.7,0.349,0.783,0.573,0.138,0.603,0.632,97.8,94.5,78.75,94,0.553,1,1,1,1,2,15,26,15,26,28,16,23,5,6,35,14,12,34,19,1
2025-26,1610612738,BOS,Boston Celtics,0022500459,2025-12-30T00:00:00,BOS @ UTA,W,48.0,127.6,127.7,116.7,117.8,10.9,9.9,0.563,3.38,19.3,0.292,0.729,0.51,0.079,0.58,0.619,101.6,101.0,84.17,101,0.545,1,1,1,1,2,14,37,22,31,9,13,42,19,29,7,17,15,5,21,1
2025-26,1610612738,BOS,Boston Celtics,0022500444,2025-12-28T00:00:00,BOS @ POR,L,48.0,101.5,105.9,111.5,110.7,-10.0,-4.8,0.475,1.0,13.9,0.302,0.647,0.471,0.186,0.511,0.543,104.3,102.5,85.42,102,0.458,1,36,36,36,2,47,24,44,47,52,47,37,43,46,52,39,36,2,45,1
2025-26,1610612738,BOS,Boston Celtics,0022500426,2025-12-26T00:00:00,BOS @ IND,W,48.0,140.1,137.3,121.0,118.4,19.0,18.8,0.553,1.86,18.6,0.325,0.702,0.529,0.137,0.687,0.715,100.4,102.5,85.42,102,0.577,1,1,1,1,2,6,39,14,32,29,17,32,28,26,34,3,1,2,16,1
2025-26,1610612738,BOS,Boston Celtics,0022500403,2025-12-22T00:00:00,BOS vs. IND,W,48.0,103.7,106.2,98.0,100.0,5.6,6.2,0.5,1.46,14.1,0.358,0.792,0.575,0.134,0.489,0.529,98.1,96.0,80.0,97,0.592,1,1,1,1,2,46,5,28,43,41,46,17,4,5,30,47,43,24,12,1
2025-26,1610612738,BOS,Boston Celtics,0022500388,2025-12-20T00:00:00,BOS @ TOR,W,48.0,117.2,124.4,101.2,103.2,15.9,21.2,0.5,2.0,16.4,0.415,0.717,0.566,0.122,0.526,0.551,95.2,91.5,76.25,90,0.564,1,1,1,1,2,20,10,11,43,26,37,9,22,7,27,31,32,49,18,1
2025-26,1610612738,BOS,Boston Celtics,0022500381,2025-12-19T00:00:00,BOS vs. MIA,W,48.0,125.8,125.2,106.9,113.7,18.9,11.5,0.568,1.56,18.2,0.268,0.621,0.486,0.155,0.665,0.697,105.6,102.5,85.42,103,0.606,1,1,1,1,2,19,30,20,26,39,21,47,47,41,43,5,5,2,8,1
2025-26,1610612738,BOS,Boston Celtics,0022501222,2025-12-15T00:00:00,BOS vs. DET,L,48.0,105.1,112.9,113.1,117.9,-8.0,-5.0,0.421,1.23,13.2,0.25,0.623,0.446,0.14,0.524,0.559,99.4,94.0,78.33,93,0.469,1,36,36,36,2,37,38,45,50,48,50,50,46,47,36,32,30,37,42,1
2025-26,1610612738,BOS,Boston Celtics,0022501206,2025-12-11T00:00:00,BOS @ MIL,L,48.0,101.0,105.2,120.6,120.8,-19.6,-15.6,0.529,1.29,13.5,0.35,0.75,0.5,0.146,0.466,0.51,98.1,96.0,80.0,96,0.383,1,36,36,36,2,48,44,52,41,46,48,20,8,35,39,51,50,24,52,1
2025-26,1610612738,BOS,Boston Celtics,0022500358,2025-12-07T00:00:00,BOS @ TOR,W,48.0,127.2,126.0,113.9,117.7,13.3,8.3,0.545,2.18,17.8,0.313,0.652,0.479,0.115,0.587,0.616,97.2,96.0,80.0,96,0.525,1,1,1,1,2,17,36,24,36,20,25,36,42,44,21,15,16,24,24,1
2025-26,1610612738,BOS,Boston Celtics,0022500338,2025-12-05T00:00:00,BOS vs. LAL,W,48.0,129.5,132.6,112.0,108.2,17.5,24.4,0.674,1.94,22.8,0.256,0.717,0.506,0.168,0.69,0.706,95.5,96.0,80.0,95,0.604,1,1,1,1,2,9,19,9,5,27,2,49,21,31,48,1,3,24,9,1
2025-26,1610612738,BOS,Boston Celtics,0022500334,2025-12-04T00:00:00,BOS @ WAS,W,48.0,141.4,150.5,100.0,102.0,41.4,48.5,0.648,3.5,23.0,0.435,0.654,0.551,0.103,0.646,0.674,102.1,98.0,81.67,97,0.704,1,1,1,1,2,2,7,1,7,8,1,5,41,13,12,6,6,11,1,1
2025-26,1610612738,BOS,Boston Celtics,0022500320,2025-12-02T00:00:00,BOS vs. NYK,W,48.0,133.5,138.2,123.8,130.0,9.6,8.2,0.367,1.8,14.9,0.35,0.63,0.5,0.112,0.638,0.66,93.3,89.5,74.58,89,0.512,1,1,1,1,2,5,52,25,54,34,44,20,45,35,20,7,7,53,31,1
2025-26,1610612738,BOS,Boston Celtics,0022500302,2025-11-30T00:00:00,BOS @ CLE,W,48.0,119.7,121.9,117.7,118.6,2.0,3.3,0.475,1.0,14.3,0.404,0.66,0.54,0.198,0.58,0.624,97.7,96.5,80.42,96,0.519,1,1,1,1,2,24,40,30,47,52,45,11,38,19,53,16,14,20,27,1
2025-26,1610612738,BOS,Boston Celtics,0022500293,2025-11-29T00:00:00,BOS @ MIN,L,48.0,115.5,119.8,116.9,124.0,-1.4,-4.2,0.533,2.18,17.4,0.333,0.711,0.505,0.115,0.552,0.56,100.7,96.0,80.0,96,0.469,1,36,36,36,2,28,48,43,40,20,29,26,24,33,21,21,26,24,41,1
2025-26,1610612738,BOS,Boston Celtics,0022500060,2025-11-26T00:00:00,BOS vs. DET,W,48.0,118.7,120.6,113.1,117.5,5.7,3.1,0.632,1.85,17.8,0.294,0.567,0.441,0.134,0.552,0.6,99.7,97.0,80.83,97,0.514,1,1,1,1,2,27,34,33,11,31,25,40,52,48,30,22,20,14,29,1
2025-26,1610612738,BOS,Boston Celtics,0022500277,2025-11-23T00:00:00,BOS vs. ORL,W,48.0,144.2,142.3,128.3,133.0,15.9,9.3,0.547,5.8,21.8,0.194,0.582,0.429,0.052,0.688,0.706,98.1,97.0,80.83,97,0.548,1,1,1,1,2,3,54,23,35,1,5,54,51,52,1,2,2,14,20,1
2025-26,1610612738,BOS,Boston Celtics,0022500049,2025-11-21T00:00:00,BOS vs. BKN,L,48.0,110.3,108.2,115.0,116.5,-4.7,-8.2,0.571,1.85,17.6,0.288,0.78,0.505,0.134,0.528,0.546,96.7,97.0,80.83,97,0.426,1,36,36,36,2,42,32,48,24,31,27,43,6,32,30,29,35,14,50,1
2025-26,1610612738,BOS,Boston Celtics,0022500250,2025-11-18T00:00:00,BOS @ BKN,W,48.0,117.2,118.9,103.3,104.2,13.9,14.7,0.676,1.25,18.9,0.3,0.714,0.542,0.211,0.62,0.654,96.2,95.0,79.17,95,0.571,1,1,1,1,2,30,15,17,4,47,14,38,23,18,54,11,10,33,17,1
2025-26,1610612738,BOS,Boston Celtics,0022500233,2025-11-16T00:00:00,BOS vs. LAC,W,48.0,125.4,128.7,120.2,125.5,5.3,3.2,0.565,4.33,18.1,0.4,0.659,0.51,0.064,0.524,0.548,97.3,94.0,78.33,94,0.497,1,1,1,1,2,11,50,32,30,5,23,12,39,30,2,33,33,37,34,1
2025-26,1610612738,BOS,Boston Celtics,0022500216,2025-11-12T00:00:00,BOS vs. MEM,W,48.0,134.7,136.5,93.7,99.0,41.0,37.5,0.68,3.09,22.4,0.44,0.657,0.564,0.115,0.611,0.628,99.4,96.0,80.0,96,0.675,1,1,1,1,2,7,4,2,3,10,3,4,40,8,21,12,13,24,3,1
2025-26,1610612738,BOS,Boston Celtics,0022500209,2025-11-11T00:00:00,BOS @ PHI,L,48.0,101.7,106.4,109.3,108.5,-7.6,-2.1,0.639,2.09,16.9,0.328,0.804,0.55,0.117,0.462,0.498,95.9,94.0,78.33,94,0.499,1,36,36,36,2,45,22,40,9,23,34,30,2,14,25,52,52,37,33,1
2025-26,1610612738,BOS,Boston Celtics,0022500193,2025-11-09T00:00:00,BOS @ ORL,W,48.0,114.4,115.6,110.2,112.6,4.2,3.0,0.55,1.57,16.7,0.32,0.667,0.484,0.146,0.547,0.578,97.0,95.5,79.58,96,0.493,1,1,1,1,2,35,28,34,33,38,36,35,37,43,39,25,23,30,35,1
2025-26,1610612738,BOS,Boston Celtics,0022500028,2025-11-07T00:00:00,BOS @ ORL,L,48.0,105.7,111.1,123.4,124.2,-17.7,-13.1,0.605,1.86,18.3,0.357,0.739,0.529,0.141,0.521,0.539,101.8,99.0,82.5,99,0.426,1,36,36,36,2,39,49,51,13,29,20,18,12,25,37,36,40,8,51,1
2025-26,1610612738,BOS,Boston Celtics,0022500174,2025-11-05T00:00:00,BOS vs. WAS,W,48.0,137.0,138.8,107.1,107.0,29.9,31.8,0.596,4.43,21.8,0.295,0.681,0.495,0.071,0.632,0.652,99.6,99.0,82.5,98,0.612,1,1,1,1,2,4,17,6,15,4,4,39,35,38,5,8,11,8,5,1
2025-26,1610612738,BOS,Boston Celtics,0022500158,2025-11-03T00:00:00,BOS vs. UTA,L,48.0,104.4,107.3,106.1,108.2,-1.7,-1.0,0.568,2.1,16.2,0.236,0.583,0.398,0.104,0.478,0.522,98.8,96.5,80.42,96,0.475,1,36,36,36,2,43,19,36,28,22,39,51,50,53,14,48,46,20,40,1
2025-26,1610612738,BOS,Boston Celtics,0022500146,2025-11-01T00:00:00,BOS vs. HOU,L,48.0,98.9,103.1,127.5,132.0,-28.5,-28.9,0.6,2.4,16.9,0.328,0.615,0.437,0.102,0.456,0.476,101.2,97.5,81.25,98,0.324,1,36,36,36,2,51,53,54,14,16,35,29,48,49,10,53,53,13,54,1
2025-26,1610612738,BOS,Boston Celtics,0022500021,2025-10-31T00:00:00,BOS @ PHI,W,48.0,108.7,112.4,108.3,111.3,0.4,1.0,0.591,2.6,18.1,0.35,0.733,0.514,0.103,0.505,0.513,100.0,97.0,80.83,97,0.467,1,1,1,1,2,38,25,35,19,15,23,20,18,28,12,44,49,14,44,1
2025-26,1610612738,BOS,Boston Celtics,0022500128,2025-10-29T00:00:00,BOS vs. CLE,W,48.0,128.1,131.6,104.4,109.4,23.7,22.2,0.69,2.9,19.9,0.386,0.696,0.54,0.105,0.553,0.592,99.1,95.5,79.58,95,0.607,1,1,1,1,2,10,23,10,2,11,11,13,31,20,15,20,21,30,6,1
2025-26,1610612738,BOS,Boston Celtics,0022500117,2025-10-27T00:00:00,BOS @ NOP,W,48.0,125.0,128.4,90.6,95.7,34.4,32.7,0.543,2.08,17.6,0.449,0.707,0.589,0.126,0.579,0.6,98.5,94.5,78.75,95,0.688,1,1,1,1,2,12,2,5,37,24,28,3,27,3,28,18,19,34,2,1
2025-26,1610612738,BOS,Boston Celtics,0022500106,2025-10-26T00:00:00,BOS @ DET,L,48.0,108.1,114.1,112.4,120.2,-4.4,-6.1,0.425,1.42,12.7,0.333,0.526,0.43,0.121,0.505,0.54,105.2,99.0,82.5,99,0.446,1,36,36,36,2,36,41,46,49,43,51,26,54,51,26,43,38,8,47,1
2025-26,1610612738,BOS,Boston Celtics,0022500018,2025-10-24T00:00:00,BOS @ NYK,L,48.0,98.3,101.1,109.4,112.9,-11.0,-11.8,0.543,1.19,15.2,0.235,0.545,0.396,0.17,0.518,0.536,96.3,93.5,77.92,94,0.438,1,36,36,36,2,52,29,50,38,49,43,52,53,54,49,38,41,40,49,1
2025-26,1610612738,BOS,Boston Celtics,0022500083,2025-10-22T00:00:00,BOS vs. PHI,L,48.0,112.1,116.0,114.5,117.0,-2.3,-1.0,0.39,1.45,12.2,0.294,0.694,0.49,0.11,0.511,0.566,102.8,100.0,83.33,100,0.489,1,36,36,36,2,33,33,37,52,42,52,40,32,39,19,39,25,7,38,1
2025-26,1610612739,CLE,Cleveland Cavaliers,0022500776,2026-02-11T00:00:00,CLE vs. WAS,W,48.0,132.3,130.2,104.7,107.6,27.6,22.6,0.667,1.43,19.6,0.447,0.631,0.563,0.198,0.639,0.695,106.1,105.5,87.92,106,0.635,1,1,1,1,3,8,17,5,21,45,27,3,40,4,52,5,3,9,3,1
2025-26,1610612739,CLE,Cleveland Cavaliers,0022500767,2026-02-09T00:00:00,CLE @ DEN,W,48.0,117.0,121.4,114.3,117.0,2.8,4.4,0.581,2.08,18.1,0.294,0.588,0.441,0.122,0.549,0.585,102.0,99.0,82.5,98,0.479,1,1,1,1,3,21,31,31,46,25,39,34,51,48,15,31,30,38,37,1
2025-26,1610612739,CLE,Cleveland Cavaliers,0022500756,2026-02-07T00:00:00,CLE @ SAC,W,48.0,125.6,128.2,122.6,123.5,3.1,4.6,0.652,2.5,20.3,0.372,0.653,0.522,0.117,0.585,0.647,103.9,102.5,85.42,103,0.542,1,1,1,1,3,9,48,30,27,15,21,10,37,21,11,21,10,29,24,1
2025-26,1610612739,CLE,Cleveland Cavaliers,0022500732,2026-02-04T00:00:00,CLE @ LAC,W,48.0,124.3,125.3,88.1,91.9,36.2,33.3,0.6,3.33,20.7,0.308,0.744,0.505,0.091,0.592,0.598,101.5,99.0,82.5,99,0.656,1,1,1,1,3,15,3,1,42,5,17,27,15,26,6,19,25,38,1,1
2025-26,1610612739,CLE,Cleveland Cavaliers,0022500710,2026-02-01T00:00:00,CLE @ POR,W,48.0,125.8,127.5,101.6,106.7,24.2,20.7,0.82,2.93,26.5,0.279,0.544,0.43,0.137,0.637,0.654,106.3,103.0,85.83,102,0.633,1,1,1,1,3,10,14,7,2,11,1,39,53,50,26,6,9,23,4,1
2025-26,1610612739,CLE,Cleveland Cavaliers,0022500693,2026-01-30T00:00:00,CLE @ PHX,L,48.0,104.8,108.7,119.0,121.2,-14.2,-12.5,0.756,1.55,21.4,0.382,0.698,0.52,0.212,0.541,0.555,106.9,104.0,86.67,104,0.445,1,35,35,35,3,41,42,49,5,42,15,8,27,22,54,33,41,20,43,1
2025-26,1610612739,CLE,Cleveland Cavaliers,0022500671,2026-01-28T00:00:00,CLE vs. LAL,W,48.0,130.7,133.0,102.1,102.1,28.5,30.9,0.627,3.2,22.1,0.383,0.783,0.581,0.103,0.613,0.628,97.8,97.0,80.83,97,0.633,1,1,1,1,3,5,7,2,38,8,11,7,4,1,10,15,15,44,5,1
2025-26,1610612739,CLE,Cleveland Cavaliers,0022500658,2026-01-26T00:00:00,CLE vs. ORL,W,48.0,114.1,120.0,98.4,102.1,15.7,17.9,0.548,1.44,17.8,0.262,0.69,0.51,0.168,0.601,0.627,99.7,95.5,79.58,95,0.592,1,1,1,1,3,25,8,9,50,44,41,42,30,24,43,17,16,53,11,1
2025-26,1610612739,CLE,Cleveland Cavaliers,0022500646,2026-01-24T00:00:00,CLE @ ORL,W,48.0,119.4,120.2,103.9,105.0,15.5,15.2,0.628,1.59,19.7,0.268,0.66,0.484,0.172,0.623,0.656,100.4,99.5,82.92,99,0.58,1,1,1,1,3,24,12,12,37,41,25,41,36,34,44,11,8,37,15,1
2025-26,1610612739,CLE,Cleveland Cavaliers,0022500638,2026-01-23T00:00:00,CLE vs. SAC,W,48.0,124.4,125.5,118.4,121.6,6.0,3.9,0.523,3.29,16.5,0.351,0.708,0.514,0.071,0.526,0.57,99.3,97.5,81.25,98,0.523,1,1,1,1,3,13,44,33,54,6,48,14,23,23,3,36,38,43,28,1
2025-26,1610612739,CLE,Cleveland Cavaliers,0022500620,2026-01-21T00:00:00,CLE @ CHA,W,48.0,92.6,97.9,85.4,90.6,7.2,7.3,0.588,0.95,14.3,0.414,0.652,0.543,0.219,0.437,0.482,101.7,96.0,80.0,96,0.582,1,1,1,1,3,54,2,24,44,54,53,5,38,11,55,53,54,52,14,1
2025-26,1610612739,CLE,Cleveland Cavaliers,0022500015,2026-01-19T00:00:00,CLE vs. OKC,L,48.0,95.9,97.2,128.5,127.1,-32.6,-29.9,0.588,0.95,13.4,0.371,0.837,0.562,0.196,0.418,0.489,107.1,107.0,89.17,107,0.354,1,35,35,35,3,55,50,55,44,54,54,11,1,5,51,54,53,3,55,1
2025-26,1610612739,CLE,Cleveland Cavaliers,0022500589,2026-01-16T00:00:00,CLE @ PHI,W,48.0,116.4,118.2,118.1,117.3,-1.7,0.8,0.864,2.11,24.8,0.364,0.7,0.543,0.182,0.618,0.633,98.9,98.5,82.08,99,0.521,1,1,1,1,3,27,32,34,1,24,5,13,26,12,47,12,14,41,29,1
2025-26,1610612739,CLE,Cleveland Cavaliers,0022500572,2026-01-14T00:00:00,CLE @ PHI,W,48.0,124.4,130.4,105.5,103.9,18.9,26.5,0.82,2.56,25.6,0.347,0.764,0.567,0.157,0.632,0.646,104.2,102.5,85.42,102,0.604,1,1,1,1,3,7,9,4,2,14,2,15,7,3,37,7,11,29,7,1
2025-26,1610612739,CLE,Cleveland Cavaliers,0022500558,2026-01-12T00:00:00,CLE vs. UTA,L,48.0,105.9,107.7,115.7,118.3,-9.7,-10.6,0.805,2.36,22.8,0.157,0.689,0.406,0.135,0.538,0.573,106.0,104.0,86.67,104,0.435,1,35,35,35,3,42,34,47,4,18,7,54,31,53,23,34,36,20,47,1
2025-26,1610612739,CLE,Cleveland Cavaliers,0022500542,2026-01-10T00:00:00,CLE vs. MIN,W,48.0,139.0,141.7,130.4,130.1,8.7,11.7,0.691,3.8,25.2,0.256,0.675,0.468,0.097,0.679,0.709,103.9,103.0,85.83,103,0.533,1,1,1,1,3,1,53,18,17,2,3,44,34,38,9,2,2,23,26,1
2025-26,1610612739,CLE,Cleveland Cavaliers,0022500530,2026-01-08T00:00:00,CLE @ MIN,L,48.0,117.0,117.3,126.6,124.8,-9.6,-7.5,0.646,2.38,21.4,0.213,0.667,0.435,0.125,0.588,0.609,103.9,104.5,87.08,104,0.477,1,35,35,35,3,29,49,42,30,17,16,48,35,49,18,20,21,14,38,1
2025-26,1610612739,CLE,Cleveland Cavaliers,0022500510,2026-01-06T00:00:00,CLE @ IND,W,48.0,114.4,115.4,107.1,110.5,7.3,4.9,0.673,1.74,22.1,0.293,0.759,0.558,0.183,0.614,0.626,106.6,104.5,87.08,104,0.53,1,1,1,1,3,33,22,28,19,36,10,36,8,7,48,14,18,14,27,1
2025-26,1610612739,CLE,Cleveland Cavaliers,0022500494,2026-01-04T00:00:00,CLE vs. DET,L,48.0,110.9,108.9,106.3,112.9,4.6,-4.0,0.657,1.35,16.9,0.271,0.625,0.462,0.168,0.525,0.59,103.2,101.0,84.17,101,0.52,1,35,35,35,3,40,26,38,25,48,44,40,41,41,42,37,29,34,31,1
2025-26,1610612739,CLE,Cleveland Cavaliers,0022500478,2026-01-02T00:00:00,CLE vs. DEN,W,48.0,116.1,117.7,104.1,110.2,11.9,7.5,0.744,1.88,22.4,0.319,0.786,0.573,0.177,0.593,0.599,100.5,97.0,80.83,96,0.557,1,1,1,1,3,28,21,22,9,33,8,23,3,2,45,18,23,44,19,1
2025-26,1610612739,CLE,Cleveland Cavaliers,0022500465,2025-12-31T00:00:00,CLE vs. PHX,W,48.0,120.9,124.0,105.6,106.6,15.4,17.4,0.646,2.07,20.7,0.306,0.621,0.487,0.144,0.578,0.61,106.9,105.0,87.5,104,0.599,1,1,1,1,3,18,13,10,30,27,19,28,45,31,31,24,19,11,8,1
2025-26,1610612739,CLE,Cleveland Cavaliers,0022500456,2025-12-29T00:00:00,CLE @ SAS,W,48.0,103.9,105.6,94.5,93.5,9.3,12.1,0.707,2.07,19.6,0.214,0.704,0.455,0.131,0.495,0.539,107.8,107.5,89.58,107,0.548,1,1,1,1,3,46,4,16,15,26,28,47,25,45,21,47,45,2,22,1
2025-26,1610612739,CLE,Cleveland Cavaliers,0022500438,2025-12-27T00:00:00,CLE @ HOU,L,48.0,99.2,104.2,121.6,119.4,-22.4,-15.2,0.561,1.53,16.8,0.31,0.54,0.417,0.156,0.484,0.496,98.5,97.0,80.83,96,0.403,1,35,35,35,3,48,38,53,48,43,45,26,54,52,36,49,52,44,53,1
2025-26,1610612739,CLE,Cleveland Cavaliers,0022500009,2025-12-25T00:00:00,CLE @ NYK,L,48.0,122.6,120.4,120.4,122.3,2.3,-1.9,0.667,2.14,20.7,0.261,0.717,0.505,0.136,0.61,0.645,102.9,103.0,85.83,103,0.507,1,35,35,35,3,22,47,36,21,22,17,43,21,27,25,16,12,23,32,1
2025-26,1610612739,CLE,Cleveland Cavaliers,0022500412,2025-12-23T00:00:00,CLE vs. NOP,W,48.0,129.5,131.8,109.3,111.3,20.3,20.5,0.714,3.08,24.2,0.373,0.712,0.544,0.121,0.629,0.642,108.4,106.5,88.75,107,0.588,1,1,1,1,3,6,25,8,11,9,6,9,22,9,14,9,13,8,12,1
2025-26,1610612739,CLE,Cleveland Cavaliers,0022500402,2025-12-22T00:00:00,CLE vs. CHA,W,48.0,134.5,136.3,122.2,132.0,12.3,4.3,0.75,2.77,25.0,0.205,0.54,0.393,0.127,0.69,0.729,105.7,101.0,84.17,102,0.548,1,1,1,1,3,4,55,32,6,12,4,52,54,55,20,1,1,34,23,1
2025-26,1610612739,CLE,Cleveland Cavaliers,0022500384,2025-12-19T00:00:00,CLE vs. CHI,L,48.0,112.2,116.8,126.4,127.1,-14.1,-10.3,0.646,2.07,20.0,0.327,0.706,0.509,0.14,0.545,0.572,109.5,107.0,89.17,107,0.442,1,35,35,35,3,31,50,45,30,27,22,19,24,25,27,32,37,3,45,1
2025-26,1610612739,CLE,Cleveland Cavaliers,0022500367,2025-12-17T00:00:00,CLE @ CHI,L,48.0,103.8,103.7,118.8,118.7,-15.0,-15.0,0.619,1.3,18.2,0.213,0.81,0.494,0.187,0.552,0.585,106.9,107.0,89.17,107,0.411,1,35,35,35,3,49,36,52,40,50,37,48,2,30,49,30,31,3,51,1
2025-26,1610612739,CLE,Cleveland Cavaliers,0022501218,2025-12-14T00:00:00,CLE vs. CHA,L,53.0,102.1,104.7,105.1,111.2,-3.0,-6.5,0.711,1.93,18.1,0.295,0.621,0.454,0.132,0.463,0.515,100.5,96.45,80.38,106,0.462,1,35,35,35,1,47,24,40,14,32,38,33,46,46,22,52,50,51,41,1
2025-26,1610612739,CLE,Cleveland Cavaliers,0022501212,2025-12-12T00:00:00,CLE @ WAS,W,48.0,124.0,125.0,121.1,120.0,2.9,5.0,0.683,4.0,18.7,0.305,0.694,0.481,0.067,0.5,0.576,104.5,104.5,87.08,104,0.521,1,1,1,1,3,16,39,27,18,1,33,29,28,35,1,43,35,14,30,1
2025-26,1610612739,CLE,Cleveland Cavaliers,0022500352,2025-12-06T00:00:00,CLE vs. GSW,L,48.0,93.7,98.9,96.9,104.2,-3.2,-5.3,0.405,1.25,10.7,0.417,0.691,0.535,0.126,0.393,0.419,101.2,95.0,79.17,95,0.422,1,35,35,35,3,52,10,39,55,51,55,4,29,15,19,55,55,55,50,1
2025-26,1610612739,CLE,Cleveland Cavaliers,0022500341,2025-12-05T00:00:00,CLE vs. SAS,W,48.0,124.1,126.2,108.9,113.6,15.2,12.6,0.64,2.13,21.9,0.293,0.719,0.541,0.146,0.628,0.658,106.1,103.0,85.83,103,0.597,1,1,1,1,3,11,28,15,34,23,13,36,20,13,34,10,7,23,9,1
2025-26,1610612739,CLE,Cleveland Cavaliers,0022500324,2025-12-03T00:00:00,CLE vs. POR,L,48.0,108.3,106.8,118.3,120.8,-10.0,-14.0,0.605,3.29,16.7,0.228,0.745,0.472,0.068,0.473,0.526,102.4,102.0,85.0,103,0.457,1,35,35,35,3,44,41,51,41,6,47,46,13,37,2,51,48,32,42,1
2025-26,1610612739,CLE,Cleveland Cavaliers,0022500310,2025-12-01T00:00:00,CLE @ IND,W,48.0,134.0,136.4,117.5,120.2,16.5,16.2,0.54,3.0,18.2,0.451,0.625,0.535,0.091,0.582,0.609,101.0,99.0,82.5,99,0.582,1,1,1,1,3,3,40,11,51,10,36,2,41,16,6,22,20,38,13,1
2025-26,1610612739,CLE,Cleveland Cavaliers,0022500302,2025-11-30T00:00:00,CLE vs. BOS,L,48.0,117.7,118.6,119.7,121.9,-2.0,-3.3,0.651,2.0,19.6,0.34,0.596,0.46,0.144,0.564,0.577,97.7,96.5,80.42,97,0.481,1,35,35,35,3,26,46,37,28,29,29,18,50,43,32,26,33,49,36,1
2025-26,1610612739,CLE,Cleveland Cavaliers,0022500069,2025-11-28T00:00:00,CLE @ ATL,L,48.0,115.2,115.0,117.7,121.5,-2.5,-6.5,0.659,1.71,19.1,0.314,0.755,0.53,0.159,0.553,0.592,108.6,107.0,89.17,107,0.463,1,35,35,35,3,35,43,41,24,38,32,25,10,18,38,29,27,3,40,1
2025-26,1610612739,CLE,Cleveland Cavaliers,0022500284,2025-11-24T00:00:00,CLE @ TOR,L,48.0,98.3,98.0,105.9,107.8,-7.6,-9.8,0.75,2.25,20.3,0.098,0.729,0.404,0.119,0.494,0.534,102.3,101.5,84.58,101,0.47,1,35,35,35,3,53,18,44,6,19,20,55,18,54,12,48,47,33,39,1
2025-26,1610612739,CLE,Cleveland Cavaliers,0022500278,2025-11-23T00:00:00,CLE vs. LAC,W,48.0,117.9,123.7,110.0,109.4,7.9,14.3,0.622,2.0,20.0,0.326,0.733,0.527,0.144,0.615,0.626,98.6,96.5,80.42,97,0.554,1,1,1,1,3,19,19,13,39,29,22,20,17,19,32,13,17,49,20,1
2025-26,1610612739,CLE,Cleveland Cavaliers,0022500048,2025-11-21T00:00:00,CLE vs. IND,W,48.0,119.0,115.4,106.4,106.9,12.5,8.5,0.651,2.0,19.2,0.3,0.774,0.544,0.135,0.556,0.595,101.7,103.0,85.83,104,0.54,1,1,1,1,3,33,15,20,28,29,31,31,6,9,23,28,26,23,25,1
2025-26,1610612739,CLE,Cleveland Cavaliers,0022500255,2025-11-19T00:00:00,CLE vs. HOU,L,48.0,107.1,107.2,115.3,117.5,-8.2,-10.3,0.556,1.67,15.6,0.229,0.608,0.424,0.124,0.519,0.547,98.0,97.0,80.83,97,0.432,1,35,35,35,3,43,33,46,49,39,51,45,48,51,16,39,44,44,48,1
2025-26,1610612739,CLE,Cleveland Cavaliers,0022500241,2025-11-17T00:00:00,CLE vs. MIL,W,48.0,115.4,116.8,98.5,105.0,16.9,11.9,0.568,1.39,18.7,0.211,0.737,0.526,0.178,0.652,0.669,104.9,101.0,84.17,101,0.593,1,1,1,1,3,30,11,17,47,47,34,51,16,20,46,3,5,34,10,1
2025-26,1610612739,CLE,Cleveland Cavaliers,0022500228,2025-11-15T00:00:00,CLE vs. MEM,W,48.0,102.1,102.9,92.9,94.3,9.2,8.5,0.632,1.14,16.8,0.28,0.75,0.536,0.2,0.536,0.564,106.7,105.5,87.92,105,0.553,1,1,1,1,3,51,5,21,36,53,46,38,12,14,53,35,39,9,21,1
2025-26,1610612739,CLE,Cleveland Cavaliers,0022500225,2025-11-13T00:00:00,CLE vs. TOR,L,48.0,112.5,116.5,127.9,129.9,-15.4,-13.4,0.634,2.17,18.6,0.315,0.625,0.447,0.124,0.505,0.552,99.5,97.0,80.83,97,0.404,1,35,35,35,3,32,52,50,35,21,35,24,41,47,16,42,43,44,52,1
2025-26,1610612739,CLE,Cleveland Cavaliers,0022500217,2025-11-12T00:00:00,CLE @ MIA,W,48.0,112.4,120.4,103.8,107.4,8.6,13.0,0.711,2.46,19.6,0.371,0.725,0.531,0.12,0.5,0.553,113.7,108.0,90.0,108,0.572,1,1,1,1,3,23,16,14,13,16,26,11,19,17,13,43,42,1,16,1
2025-26,1610612739,CLE,Cleveland Cavaliers,0022500201,2025-11-10T00:00:00,CLE @ MIA,L,53.0,119.1,122.1,118.6,121.7,0.5,0.4,0.531,2.6,15.4,0.395,0.648,0.5,0.088,0.496,0.523,105.9,103.25,86.04,113,0.443,1,35,35,35,1,20,45,35,52,13,52,6,39,28,5,46,49,22,44,1
2025-26,1610612739,CLE,Cleveland Cavaliers,0022500186,2025-11-08T00:00:00,CLE vs. CHI,W,48.0,122.6,125.5,117.5,118.4,5.1,7.0,0.696,3.56,22.2,0.212,0.745,0.465,0.088,0.58,0.607,104.1,102.5,85.42,102,0.495,1,1,1,1,3,14,35,25,16,3,9,50,14,40,4,23,22,29,34,1
2025-26,1610612739,CLE,Cleveland Cavaliers,0022500029,2025-11-07T00:00:00,CLE @ WAS,W,48.0,136.2,141.0,109.4,110.6,26.8,30.4,0.654,3.4,20.0,0.508,0.623,0.561,0.095,0.564,0.599,106.9,104.5,87.08,105,0.622,1,1,1,1,3,2,23,3,26,4,22,1,44,6,8,27,24,14,6,1
2025-26,1610612739,CLE,Cleveland Cavaliers,0022500171,2025-11-05T00:00:00,CLE vs. PHI,W,48.0,126.3,125.7,112.9,116.3,13.5,9.4,0.673,2.2,22.0,0.326,0.588,0.468,0.143,0.63,0.663,105.8,104.5,87.08,105,0.568,1,1,1,1,3,12,30,19,19,20,12,21,51,39,28,8,6,14,17,1
2025-26,1610612739,CLE,Cleveland Cavaliers,0022500151,2025-11-02T00:00:00,CLE vs. ATL,W,48.0,106.4,109.3,101.5,101.9,5.0,7.5,0.75,1.67,19.5,0.293,0.756,0.485,0.168,0.515,0.558,108.7,107.0,89.17,107,0.492,1,1,1,1,3,39,6,23,6,39,30,35,9,33,41,41,40,3,35,1
2025-26,1610612739,CLE,Cleveland Cavaliers,0022500022,2025-10-31T00:00:00,CLE vs. TOR,L,48.0,101.9,103.1,111.4,114.3,-9.5,-11.2,0.667,1.71,17.1,0.322,0.689,0.481,0.143,0.478,0.504,99.8,98.0,81.67,98,0.432,1,35,35,35,3,50,29,48,21,37,42,22,31,36,28,50,51,42,49,1
2025-26,1610612739,CLE,Cleveland Cavaliers,0022500128,2025-10-29T00:00:00,CLE @ BOS,L,48.0,104.4,109.4,128.1,131.6,-23.7,-22.2,0.714,1.79,18.1,0.304,0.614,0.46,0.146,0.5,0.538,99.1,95.5,79.58,96,0.393,1,35,35,35,3,38,54,54,11,35,39,30,47,42,35,43,46,53,54,1
2025-26,1610612739,CLE,Cleveland Cavaliers,0022500007,2025-10-27T00:00:00,CLE @ DET,W,48.0,107.0,111.5,87.3,89.6,19.8,21.9,0.641,1.25,17.1,0.34,0.607,0.486,0.192,0.524,0.578,108.6,105.0,87.5,104,0.655,1,1,1,1,3,37,1,6,33,51,43,17,49,32,50,38,32,11,2,1
2025-26,1610612739,CLE,Cleveland Cavaliers,0022500107,2025-10-26T00:00:00,CLE vs. MIL,W,48.0,107.9,114.6,112.6,109.7,-4.8,4.9,0.59,1.35,16.2,0.347,0.778,0.553,0.165,0.517,0.576,104.9,103.0,85.83,103,0.504,1,1,1,1,3,36,20,29,43,48,49,15,5,8,40,40,34,23,33,1
2025-26,1610612739,CLE,Cleveland Cavaliers,0022500091,2025-10-24T00:00:00,CLE @ BKN,W,48.0,124.3,124.8,113.7,119.2,10.6,5.5,0.727,1.88,21.6,0.295,0.681,0.495,0.162,0.646,0.672,107.2,104.5,87.08,105,0.559,1,1,1,1,3,17,37,26,10,33,14,32,33,29,39,4,4,14,18,1
2025-26,1610612739,CLE,Cleveland Cavaliers,0022500003,2025-10-22T00:00:00,CLE @ NYK,L,48.0,105.8,105.7,111.4,113.3,-5.6,-7.6,0.525,1.4,15.8,0.163,0.755,0.459,0.143,0.576,0.591,105.9,105.0,87.5,105,0.436,1,35,35,35,3,45,27,43,53,46,50,53,10,44,28,25,28,11,46,1
2025-26,1610612740,NOP,New Orleans Pelicans,0022500784,2026-02-11T00:00:00,NOP vs. MIA,L,48.0,105.4,107.8,115.5,119.4,-10.1,-11.7,0.643,2.08,19.1,0.216,0.662,0.466,0.126,0.516,0.553,106.0,103.06,85.88,103,0.456,1,16,16,16,56,38,30,41,15,22,15,49,32,37,23,27,31,18,33,1
2025-26,1610612740,NOP,New Orleans Pelicans,0022500766,2026-02-09T00:00:00,NOP vs. SAC,W,48.0,120.0,121.2,90.7,94.9,29.2,26.3,0.638,2.31,21.6,0.233,0.567,0.427,0.131,0.632,0.638,101.8,99.0,82.5,99,0.633,1,1,1,1,6,15,1,1,16,13,5,45,50,50,26,2,8,34,1,1
2025-26,1610612740,NOP,New Orleans Pelicans,0022500744,2026-02-06T00:00:00,NOP @ MIN,W,48.0,119.4,122.7,119.2,118.6,0.1,4.1,0.674,1.81,21.2,0.282,0.61,0.48,0.165,0.631,0.663,98.1,97.0,80.83,97,0.54,1,1,1,1,6,12,29,12,11,30,6,38,44,28,43,3,4,45,10,1
2025-26,1610612740,NOP,New Orleans Pelicans,0022500729,2026-02-04T00:00:00,NOP @ MIL,L,53.0,129.5,130.5,133.8,133.0,-4.2,-2.5,0.711,4.0,21.8,0.212,0.769,0.451,0.076,0.606,0.642,95.6,95.55,79.62,105,0.47,1,16,16,16,1,3,52,18,4,1,3,52,5,43,1,6,6,50,27,1
2025-26,1610612740,NOP,New Orleans Pelicans,0022500712,2026-02-02T00:00:00,NOP @ CHA,L,48.0,96.9,99.0,101.1,105.2,-4.2,-6.2,0.697,2.88,18.3,0.164,0.611,0.385,0.083,0.458,0.5,99.4,96.5,80.42,96,0.463,1,16,16,16,6,51,8,26,7,5,21,56,43,56,3,51,51,46,30,1
2025-26,1610612740,NOP,New Orleans Pelicans,0022500699,2026-01-31T00:00:00,NOP @ PHI,L,48.0,113.2,114.0,121.4,121.6,-8.2,-7.6,0.575,2.3,17.0,0.222,0.717,0.467,0.1,0.516,0.561,101.4,101.0,84.17,100,0.465,1,16,16,16,6,25,36,34,33,14,34,47,21,35,11,27,29,21,28,1
2025-26,1610612740,NOP,New Orleans Pelicans,0022500691,2026-01-30T00:00:00,NOP vs. MEM,W,48.0,112.4,112.9,102.3,107.1,10.1,5.8,0.558,1.5,16.7,0.388,0.623,0.51,0.158,0.534,0.573,102.5,100.0,83.33,101,0.542,1,1,1,1,6,27,9,8,38,38,36,8,40,18,39,23,24,26,8,1
2025-26,1610612740,NOP,New Orleans Pelicans,0022500667,2026-01-27T00:00:00,NOP @ OKC,L,48.0,98.3,97.9,103.9,109.5,-5.6,-11.5,0.735,2.78,17.1,0.358,0.667,0.496,0.093,0.394,0.437,98.4,96.0,80.0,97,0.453,1,16,16,16,6,52,11,40,3,8,33,14,30,23,7,55,56,48,34,1
2025-26,1610612740,NOP,New Orleans Pelicans,0022500654,2026-01-25T00:00:00,NOP @ SAS,W,48.0,103.5,108.3,97.9,100.0,5.6,8.3,0.561,2.3,15.9,0.429,0.768,0.588,0.104,0.446,0.475,98.8,95.5,79.58,96,0.534,1,1,1,1,6,37,2,7,37,14,41,3,6,3,12,52,53,51,13,1
2025-26,1610612740,NOP,New Orleans Pelicans,0022500639,2026-01-23T00:00:00,NOP @ MEM,W,48.0,126.0,126.7,119.0,121.0,7.0,5.7,0.63,2.9,18.8,0.364,0.646,0.495,0.095,0.53,0.586,106.1,105.0,87.5,105,0.524,1,1,1,1,6,5,34,9,18,4,18,12,36,24,10,25,19,15,14,1
2025-26,1610612740,NOP,New Orleans Pelicans,0022500624,2026-01-21T00:00:00,NOP vs. DET,L,48.0,99.8,102.0,106.1,108.7,-6.3,-6.8,0.528,1.0,13.8,0.315,0.623,0.467,0.186,0.459,0.524,104.9,102.5,85.42,102,0.458,1,16,16,16,6,45,10,27,47,54,49,23,40,35,51,50,43,20,31,1
2025-26,1610612740,NOP,New Orleans Pelicans,0022500604,2026-01-18T00:00:00,NOP @ HOU,L,48.0,111.6,111.1,121.8,120.2,-10.3,-9.1,0.614,1.93,19.7,0.271,0.625,0.448,0.141,0.557,0.581,98.1,99.0,82.5,99,0.486,1,16,16,16,6,31,31,37,22,26,11,39,39,44,31,19,22,34,21,1
2025-26,1610612740,NOP,New Orleans Pelicans,0022500588,2026-01-16T00:00:00,NOP @ IND,L,48.0,123.7,122.7,126.6,132.3,-2.9,-9.6,0.537,2.44,17.2,0.233,0.673,0.474,0.093,0.579,0.625,98.2,96.5,80.42,97,0.471,1,16,16,16,6,12,51,39,43,11,32,45,29,30,7,11,9,46,26,1
2025-26,1610612740,NOP,New Orleans Pelicans,0022500574,2026-01-14T00:00:00,NOP vs. BKN,W,48.0,117.2,118.4,111.6,115.3,5.6,3.1,0.558,2.67,16.7,0.39,0.722,0.549,0.092,0.5,0.537,100.1,98.0,81.67,98,0.546,1,1,1,1,6,18,22,13,38,9,36,6,18,9,6,35,38,41,7,1
2025-26,1610612740,NOP,New Orleans Pelicans,0022500567,2026-01-13T00:00:00,NOP vs. DEN,L,48.0,117.6,116.0,121.9,123.2,-4.3,-7.2,0.538,1.4,15.1,0.375,0.844,0.602,0.15,0.517,0.582,99.4,99.5,82.92,100,0.488,1,16,16,16,6,22,38,31,42,40,47,9,1,2,36,26,21,31,19,1
2025-26,1610612740,NOP,New Orleans Pelicans,0022500548,2026-01-11T00:00:00,NOP @ ORL,L,48.0,120.9,125.5,128.8,133.3,-7.9,-7.8,0.587,1.69,21.1,0.2,0.548,0.39,0.17,0.663,0.681,98.5,95.0,79.17,94,0.446,1,16,16,16,6,6,54,35,31,33,8,53,52,55,46,1,1,53,38,1
2025-26,1610612740,NOP,New Orleans Pelicans,0022500534,2026-01-09T00:00:00,NOP @ WAS,W,48.0,111.7,118.5,97.7,100.0,14.0,18.5,0.588,1.58,19.5,0.354,0.75,0.567,0.176,0.595,0.606,112.0,107.5,89.58,108,0.618,1,1,1,1,6,17,2,3,30,36,12,16,9,5,48,7,12,8,3,1
2025-26,1610612740,NOP,New Orleans Pelicans,0022500519,2026-01-07T00:00:00,NOP @ ATL,L,48.0,90.9,93.5,104.0,110.4,-13.1,-16.9,0.684,1.37,17.9,0.214,0.667,0.436,0.178,0.488,0.515,111.2,106.5,88.75,107,0.445,1,16,16,16,6,55,13,47,9,43,24,50,30,47,49,43,47,10,39,1
2025-26,1610612740,NOP,New Orleans Pelicans,0022500514,2026-01-06T00:00:00,NOP vs. LAL,L,48.0,102.1,103.0,110.7,111.0,-8.7,-8.0,0.7,1.75,19.4,0.296,0.739,0.5,0.16,0.495,0.521,100.6,100.0,83.33,100,0.44,1,16,16,16,6,43,14,36,5,32,14,32,15,21,40,38,44,26,40,1
2025-26,1610612740,NOP,New Orleans Pelicans,0022500497,2026-01-04T00:00:00,NOP @ MIA,L,48.0,93.4,97.2,110.7,115.7,-17.3,-18.5,0.667,1.08,18.5,0.292,0.707,0.519,0.239,0.556,0.567,113.2,108.5,90.42,109,0.432,1,16,16,16,6,53,23,50,13,52,19,35,24,15,56,20,25,4,42,1
2025-26,1610612740,NOP,New Orleans Pelicans,0022500482,2026-01-02T00:00:00,NOP vs. POR,L,48.0,106.9,117.2,128.2,129.8,-21.2,-12.6,0.5,1.47,15.5,0.5,0.547,0.523,0.161,0.49,0.515,98.6,93.5,77.92,93,0.42,1,16,16,16,6,21,48,43,49,39,42,1,53,14,42,39,49,56,48,1
2025-26,1610612740,NOP,New Orleans Pelicans,0022500466,2025-12-31T00:00:00,NOP @ CHI,L,48.0,109.4,111.3,124.1,127.6,-14.7,-16.3,0.595,2.5,17.2,0.267,0.75,0.481,0.094,0.49,0.537,107.9,105.5,87.92,106,0.409,1,16,16,16,6,29,44,46,28,10,31,40,9,27,9,39,39,13,50,1
2025-26,1610612740,NOP,New Orleans Pelicans,0022500454,2025-12-29T00:00:00,NOP vs. NYK,L,48.0,120.3,123.8,127.0,128.7,-6.7,-5.0,0.614,2.25,18.1,0.389,0.714,0.544,0.119,0.531,0.579,103.1,101.0,84.17,101,0.475,1,16,16,16,6,9,47,23,22,17,22,7,22,10,19,24,23,21,24,1
2025-26,1610612740,NOP,New Orleans Pelicans,0022500434,2025-12-27T00:00:00,NOP vs. PHX,L,48.0,113.4,115.2,121.3,124.2,-7.9,-9.1,0.421,1.23,12.2,0.308,0.527,0.421,0.131,0.489,0.561,100.9,99.0,82.5,99,0.474,1,16,16,16,6,23,40,37,56,45,55,28,55,51,26,42,28,34,25,1
2025-26,1610612740,NOP,New Orleans Pelicans,0022500429,2025-12-26T00:00:00,NOP vs. PHX,L,48.0,101.4,104.9,110.6,111.7,-9.1,-6.8,0.564,1.83,15.3,0.333,0.592,0.453,0.117,0.472,0.507,105.2,103.0,85.83,103,0.427,1,16,16,16,6,41,17,28,36,29,46,20,48,42,17,47,50,19,46,1
2025-26,1610612740,NOP,New Orleans Pelicans,0022500412,2025-12-23T00:00:00,NOP @ CLE,L,48.0,109.3,111.3,129.5,131.8,-20.3,-20.5,0.605,1.63,17.7,0.288,0.627,0.456,0.151,0.516,0.562,108.4,106.5,88.75,106,0.412,1,16,16,16,6,29,50,52,25,34,27,36,37,41,37,29,27,10,49,1
2025-26,1610612740,NOP,New Orleans Pelicans,0022500404,2025-12-22T00:00:00,NOP vs. DAL,W,48.0,110.3,110.2,100.7,104.6,9.6,5.6,0.636,2.15,18.4,0.298,0.607,0.458,0.12,0.495,0.546,110.1,108.0,90.0,108,0.541,1,1,1,1,6,33,7,10,17,20,20,30,46,39,21,37,35,6,9,1
2025-26,1610612740,NOP,New Orleans Pelicans,0022500389,2025-12-20T00:00:00,NOP vs. IND,W,48.0,114.3,117.4,98.9,100.0,15.4,17.4,0.556,1.39,17.5,0.214,0.783,0.549,0.165,0.582,0.64,111.1,109.0,90.83,109,0.597,1,1,1,1,6,19,2,4,40,42,28,50,3,8,44,10,7,3,4,1
2025-26,1610612740,NOP,New Orleans Pelicans,0022500375,2025-12-18T00:00:00,NOP vs. HOU,W,53.0,122.8,123.1,112.4,118.5,10.4,4.6,0.551,2.25,17.9,0.34,0.483,0.416,0.111,0.562,0.608,100.6,97.81,81.51,108,0.54,1,1,1,1,1,11,28,11,41,17,26,18,56,53,15,16,10,43,11,1
2025-26,1610612740,NOP,New Orleans Pelicans,0022501223,2025-12-14T00:00:00,NOP @ CHI,W,48.0,108.6,112.9,104.5,103.0,4.0,9.9,0.488,1.4,14.8,0.392,0.741,0.571,0.149,0.505,0.548,102.2,101.0,84.17,101,0.548,1,1,1,1,6,27,6,6,53,40,48,5,14,4,34,34,34,21,6,1
2025-26,1610612740,NOP,New Orleans Pelicans,0022501207,2025-12-11T00:00:00,NOP vs. POR,W,48.0,129.4,131.2,105.6,112.1,23.9,19.0,0.621,3.6,21.7,0.4,0.707,0.558,0.092,0.571,0.598,112.1,108.0,90.0,109,0.63,1,1,1,1,6,1,19,2,20,3,4,4,24,7,5,15,15,6,2,1
2025-26,1610612740,NOP,New Orleans Pelicans,0022500366,2025-12-08T00:00:00,NOP vs. SAS,L,48.0,126.4,124.5,120.5,128.6,5.9,-4.0,0.686,3.89,23.6,0.179,0.627,0.433,0.085,0.619,0.664,108.2,105.5,87.92,106,0.537,1,16,16,16,6,8,46,21,8,2,1,55,37,48,4,4,3,13,12,1
2025-26,1610612740,NOP,New Orleans Pelicans,0022500350,2025-12-06T00:00:00,NOP @ BKN,L,48.0,103.4,103.1,116.5,122.7,-13.1,-19.6,0.811,1.76,21.1,0.298,0.622,0.457,0.173,0.506,0.551,99.9,97.5,81.25,98,0.429,1,16,16,16,6,42,37,51,1,31,7,31,42,40,47,31,32,44,44,1
2025-26,1610612740,NOP,New Orleans Pelicans,0022500337,2025-12-04T00:00:00,NOP vs. MIN,L,48.0,105.0,105.5,110.9,111.6,-5.8,-6.2,0.674,2.42,19.5,0.189,0.692,0.438,0.109,0.489,0.545,111.6,111.0,92.5,110,0.486,1,16,16,16,6,39,16,25,11,12,13,54,27,45,14,41,37,1,20,1
2025-26,1610612740,NOP,New Orleans Pelicans,0022500321,2025-12-02T00:00:00,NOP vs. MIN,L,53.0,125.2,127.9,128.7,133.0,-3.5,-5.1,0.52,2.0,17.9,0.22,0.736,0.511,0.117,0.615,0.667,103.8,100.98,84.15,111,0.495,1,16,16,16,1,4,53,24,48,24,24,48,16,17,18,5,2,24,17,1
2025-26,1610612740,NOP,New Orleans Pelicans,0022500308,2025-11-30T00:00:00,NOP @ LAL,L,48.0,121.2,122.2,130.2,134.3,-8.9,-12.1,0.5,2.88,17.0,0.265,0.673,0.469,0.081,0.577,0.606,101.0,99.0,82.5,99,0.431,1,16,16,16,6,14,55,42,49,5,34,41,28,32,2,12,13,34,43,1
2025-26,1610612740,NOP,New Orleans Pelicans,0022500298,2025-11-29T00:00:00,NOP @ GSW,L,48.0,98.0,102.1,106.3,109.5,-8.3,-7.3,0.5,1.23,12.2,0.362,0.661,0.509,0.138,0.413,0.475,97.9,94.5,78.75,94,0.429,1,16,16,16,6,44,11,32,49,45,55,13,33,19,29,54,52,54,45,1
2025-26,1610612740,NOP,New Orleans Pelicans,0022500065,2025-11-26T00:00:00,NOP vs. MEM,L,53.0,115.9,117.4,123.0,120.9,-7.0,-3.5,0.68,2.27,21.8,0.25,0.717,0.469,0.138,0.589,0.607,99.0,99.17,82.64,109,0.463,1,16,16,16,1,19,33,20,10,16,2,42,20,32,28,9,11,33,29,1
2025-26,1610612740,NOP,New Orleans Pelicans,0022500289,2025-11-24T00:00:00,NOP vs. CHI,W,48.0,125.0,131.2,119.2,117.1,5.8,14.1,0.528,2.0,17.3,0.464,0.841,0.63,0.128,0.572,0.599,111.7,110.0,91.67,109,0.55,1,1,1,1,6,1,26,5,46,24,30,2,2,1,24,14,14,2,5,1
2025-26,1610612740,NOP,New Orleans Pelicans,0022500270,2025-11-22T00:00:00,NOP vs. ATL,L,48.0,98.4,101.0,120.6,116.2,-22.2,-15.1,0.6,1.17,15.4,0.365,0.76,0.559,0.186,0.464,0.518,97.5,98.0,81.67,97,0.424,1,16,16,16,6,47,24,44,26,50,44,11,8,6,50,49,46,41,47,1
2025-26,1610612740,NOP,New Orleans Pelicans,0022500052,2025-11-21T00:00:00,NOP @ DAL,L,48.0,105.9,108.5,112.0,111.3,-6.2,-2.8,0.595,1.92,17.4,0.25,0.735,0.485,0.123,0.5,0.55,107.0,106.0,88.33,106,0.481,1,16,16,16,6,36,15,19,28,27,29,42,17,26,22,35,33,12,22,1
2025-26,1610612740,NOP,New Orleans Pelicans,0022500260,2025-11-19T00:00:00,NOP vs. DEN,L,48.0,110.7,109.3,118.1,116.8,-7.4,-7.6,0.568,2.08,16.6,0.345,0.78,0.531,0.111,0.485,0.528,106.3,107.5,89.58,108,0.448,1,16,16,16,6,34,25,33,35,21,39,17,4,12,15,44,41,8,36,1
2025-26,1610612740,NOP,New Orleans Pelicans,0022500247,2025-11-17T00:00:00,NOP vs. OKC,L,48.0,106.2,109.0,120.8,126.0,-14.5,-17.0,0.5,0.95,15.4,0.356,0.587,0.473,0.22,0.558,0.589,103.5,100.0,83.33,100,0.397,1,16,16,16,6,35,41,48,49,55,44,15,49,31,55,18,17,26,52,1
2025-26,1610612740,NOP,New Orleans Pelicans,0022500237,2025-11-16T00:00:00,NOP vs. GSW,L,48.0,104.2,101.9,116.5,120.4,-12.3,-18.5,0.579,1.05,15.5,0.32,0.608,0.465,0.202,0.506,0.553,104.1,103.5,86.25,104,0.438,1,16,16,16,6,46,32,49,32,53,42,22,45,38,53,32,30,17,41,1
2025-26,1610612740,NOP,New Orleans Pelicans,0022500045,2025-11-14T00:00:00,NOP vs. LAL,L,48.0,99.1,99.0,114.1,114.6,-15.0,-15.5,0.615,1.2,16.7,0.296,0.767,0.505,0.19,0.506,0.537,104.2,104.0,86.67,105,0.398,1,16,16,16,6,50,21,45,21,49,36,32,7,20,52,33,40,16,51,1
2025-26,1610612740,NOP,New Orleans Pelicans,0022500219,2025-11-12T00:00:00,NOP vs. POR,L,48.0,122.8,123.2,132.3,130.2,-9.5,-7.1,0.651,2.8,20.3,0.306,0.703,0.477,0.105,0.544,0.584,94.9,95.5,79.58,95,0.447,1,16,16,16,6,10,49,30,14,7,9,29,26,29,13,21,20,51,37,1
2025-26,1610612740,NOP,New Orleans Pelicans,0022500204,2025-11-10T00:00:00,NOP @ PHX,L,48.0,98.6,100.0,121.4,121.0,-22.9,-21.0,0.529,0.9,13.6,0.314,0.651,0.468,0.204,0.47,0.519,99.5,99.0,82.5,98,0.345,1,16,16,16,6,49,35,53,45,56,50,25,34,34,54,48,45,34,53,1
2025-26,1610612740,NOP,New Orleans Pelicans,0022500188,2025-11-08T00:00:00,NOP @ SAS,L,48.0,116.1,119.0,126.1,126.0,-10.0,-7.0,0.6,2.25,18.9,0.314,0.714,0.495,0.12,0.559,0.586,101.2,100.0,83.33,100,0.452,1,16,16,16,6,16,41,29,26,17,16,25,22,25,20,17,18,26,35,1
2025-26,1610612740,NOP,New Orleans Pelicans,0022500177,2025-11-05T00:00:00,NOP @ DAL,W,48.0,101.0,101.0,96.3,100.0,4.7,1.0,0.462,1.13,13.3,0.315,0.75,0.536,0.16,0.484,0.515,101.4,99.5,82.92,100,0.52,1,1,1,1,6,48,2,15,54,51,52,23,9,11,40,46,48,31,16,1
2025-26,1610612740,NOP,New Orleans Pelicans,0022500168,2025-11-04T00:00:00,NOP vs. CHA,W,48.0,117.9,114.9,112.8,112.0,5.2,2.9,0.628,2.08,18.9,0.288,0.6,0.433,0.129,0.572,0.59,98.8,100.5,83.75,101,0.522,1,1,1,1,6,24,18,14,19,22,16,36,47,49,25,13,16,25,15,1
2025-26,1610612740,NOP,New Orleans Pelicans,0022500148,2025-11-02T00:00:00,NOP @ OKC,L,48.0,107.0,105.0,136.4,138.4,-29.4,-33.4,0.743,1.53,18.1,0.321,0.744,0.5,0.168,0.538,0.563,99.8,100.0,83.33,101,0.339,1,16,16,16,6,40,56,55,2,37,23,21,13,21,45,22,26,26,54,1
2025-26,1610612740,NOP,New Orleans Pelicans,0022500027,2025-10-31T00:00:00,NOP @ LAC,L,48.0,125.6,125.3,125.7,127.3,-0.1,-2.0,0.7,1.87,19.9,0.311,0.721,0.511,0.152,0.59,0.647,99.5,99.0,82.5,99,0.49,1,16,16,16,6,7,43,17,5,28,10,27,19,16,38,8,5,34,18,1
2025-26,1610612740,NOP,New Orleans Pelicans,0022500134,2025-10-29T00:00:00,NOP @ DEN,L,48.0,89.1,89.8,125.6,123.2,-36.5,-33.4,0.531,1.21,13.1,0.25,0.651,0.417,0.143,0.418,0.45,98.0,98.5,82.08,98,0.269,1,16,16,16,6,56,38,56,44,47,54,42,34,52,32,53,55,40,56,1
2025-26,1610612740,NOP,New Orleans Pelicans,0022500117,2025-10-27T00:00:00,NOP vs. BOS,L,48.0,90.6,95.7,125.0,128.4,-34.4,-32.7,0.607,1.21,13.3,0.293,0.551,0.411,0.149,0.387,0.467,98.5,94.5,78.75,94,0.312,1,16,16,16,6,54,45,54,24,47,53,34,51,54,35,56,54,54,55,1
2025-26,1610612740,NOP,New Orleans Pelicans,0022500095,2025-10-24T00:00:00,NOP vs. SAS,L,53.0,106.7,110.5,110.7,112.1,-4.0,-1.7,0.571,1.6,16.1,0.339,0.533,0.437,0.143,0.485,0.528,98.4,96.0,80.0,105,0.479,1,16,16,16,1,32,19,16,34,35,40,19,54,46,32,45,42,49,23,1
2025-26,1610612740,NOP,New Orleans Pelicans,0022500085,2025-10-22T00:00:00,NOP @ MEM,L,48.0,111.3,113.0,116.4,117.4,-5.2,-4.5,0.444,1.33,13.4,0.368,0.744,0.53,0.139,0.51,0.546,109.8,108.5,90.42,108,0.456,1,16,16,16,6,26,27,22,55,44,51,10,12,13,30,30,36,4,32,1
2025-26,1610612741,CHI,Chicago Bulls,0022500778,2026-02-11T00:00:00,CHI @ BOS,L,48.0,106.4,108.2,121.9,127.8,-15.5,-19.6,0.61,1.92,18.7,0.255,0.583,0.414,0.134,0.528,0.554,100.2,97.0,80.83,97,0.414,1,25,25,25,2,38,47,51,49,33,38,39,52,53,24,37,40,47,48,1
2025-26,1610612741,CHI,Chicago Bulls,0022500762,2026-02-09T00:00:00,CHI @ BKN,L,48.0,103.5,107.5,110.2,113.9,-6.6,-6.4,0.5,1.11,13.9,0.327,0.638,0.471,0.168,0.495,0.547,111.4,107.5,89.58,107,0.439,1,25,25,25,2,39,19,33,55,52,54,14,47,41,44,46,42,5,45,1
2025-26,1610612741,CHI,Chicago Bulls,0022500752,2026-02-07T00:00:00,CHI vs. DEN,L,48.0,113.4,117.6,132.7,136.0,-19.2,-18.4,0.61,1.47,17.4,0.346,0.667,0.489,0.167,0.554,0.595,104.2,101.0,84.17,102,0.396,1,25,25,25,2,18,54,49,49,44,48,8,42,36,43,23,24,32,51,1
2025-26,1610612741,CHI,Chicago Bulls,0022500736,2026-02-05T00:00:00,CHI @ TOR,L,48.0,108.6,111.5,127.2,130.9,-18.6,-19.4,0.683,1.65,19.6,0.38,0.692,0.517,0.177,0.549,0.566,97.6,95.0,79.17,96,0.409,1,25,25,25,2,30,49,50,29,39,32,1,35,24,48,24,37,50,49,1
2025-26,1610612741,CHI,Chicago Bulls,0022500722,2026-02-03T00:00:00,CHI @ MIL,L,48.0,113.7,112.7,125.2,131.0,-11.5,-18.3,0.65,2.6,18.3,0.255,0.667,0.453,0.098,0.544,0.569,102.9,101.0,84.17,102,0.465,1,25,25,25,2,28,51,48,38,13,40,41,42,46,8,29,34,32,34,1
2025-26,1610612741,CHI,Chicago Bulls,0022500705,2026-02-01T00:00:00,CHI @ MIA,L,48.0,85.9,85.0,123.5,126.4,-37.6,-41.4,0.643,0.95,12.7,0.283,0.679,0.474,0.178,0.356,0.446,107.2,106.5,88.75,107,0.287,1,25,25,25,2,55,43,55,40,55,55,27,38,40,49,55,55,13,55,1
2025-26,1610612741,CHI,Chicago Bulls,0022500692,2026-01-31T00:00:00,CHI @ MIA,W,48.0,105.1,109.6,99.5,103.5,5.7,6.1,0.739,1.42,21.9,0.149,0.733,0.477,0.211,0.636,0.652,118.8,114.0,95.0,114,0.532,1,1,1,1,2,35,3,11,14,49,14,55,23,38,55,6,7,1,14,1
2025-26,1610612741,CHI,Chicago Bulls,0022500529,2026-01-29T00:00:00,CHI vs. MIA,L,48.0,105.8,104.6,107.8,108.4,-2.0,-3.8,0.676,1.56,16.4,0.322,0.769,0.532,0.148,0.473,0.529,107.2,107.5,89.58,108,0.444,1,25,25,25,2,43,9,27,32,43,50,16,18,14,29,52,47,5,44,1
2025-26,1610612741,CHI,Chicago Bulls,0022500672,2026-01-28T00:00:00,CHI @ IND,L,48.0,112.3,113.4,117.7,115.3,-5.4,-1.9,0.643,2.45,20.1,0.2,0.82,0.51,0.113,0.545,0.573,97.0,97.5,81.25,97,0.462,1,25,25,25,2,27,25,25,40,16,25,47,4,30,13,26,32,46,35,1
2025-26,1610612741,CHI,Chicago Bulls,0022500661,2026-01-26T00:00:00,CHI vs. LAL,L,48.0,118.1,116.8,129.3,127.7,-11.2,-10.9,0.721,2.07,22.3,0.167,0.902,0.53,0.149,0.634,0.656,99.8,101.0,84.17,101,0.466,1,25,25,25,2,20,46,38,17,28,11,53,1,15,31,7,5,32,33,1
2025-26,1610612741,CHI,Chicago Bulls,0022500647,2026-01-24T00:00:00,CHI vs. BOS,W,48.0,119.3,123.9,109.9,120.7,9.4,3.3,0.744,2.13,23.5,0.302,0.679,0.515,0.163,0.629,0.644,98.2,92.0,76.67,92,0.508,1,1,1,1,2,11,36,17,12,26,6,21,38,27,40,8,8,54,24,1
2025-26,1610612741,CHI,Chicago Bulls,0022500631,2026-01-22T00:00:00,CHI @ MIN,W,48.0,111.6,114.3,109.9,110.6,1.7,3.7,0.737,2.33,19.3,0.255,0.804,0.529,0.114,0.541,0.597,106.1,104.5,87.08,105,0.521,1,1,1,1,2,25,12,16,15,20,35,39,8,16,14,31,23,22,17,1
2025-26,1610612741,CHI,Chicago Bulls,0022500614,2026-01-20T00:00:00,CHI vs. LAC,W,48.0,137.6,132.7,105.3,107.8,32.3,24.8,0.769,3.33,26.1,0.256,0.74,0.516,0.115,0.701,0.709,102.4,103.0,85.83,104,0.624,1,1,1,1,2,4,8,2,8,8,2,36,22,26,15,1,1,27,1,1
2025-26,1610612741,CHI,Chicago Bulls,0022500603,2026-01-18T00:00:00,CHI vs. BKN,W,48.0,127.9,134.8,109.0,109.7,18.9,25.1,0.837,4.56,27.7,0.313,0.771,0.542,0.098,0.628,0.633,95.3,92.5,77.08,92,0.584,1,1,1,1,2,3,10,1,1,1,1,18,17,8,7,9,10,53,6,1
2025-26,1610612741,CHI,Chicago Bulls,0022500587,2026-01-16T00:00:00,CHI @ BKN,L,48.0,110.3,110.1,110.4,114.3,0.0,-4.2,0.683,3.5,20.9,0.18,0.717,0.456,0.081,0.541,0.575,100.1,98.5,82.08,99,0.527,1,25,25,25,2,33,21,29,29,3,21,51,30,45,2,31,29,43,16,1
2025-26,1610612741,CHI,Chicago Bulls,0022500573,2026-01-14T00:00:00,CHI vs. UTA,W,48.0,126.4,126.7,122.5,122.3,4.0,4.4,0.766,2.77,23.7,0.333,0.78,0.539,0.129,0.603,0.632,102.1,102.0,85.0,101,0.518,1,1,1,1,2,7,39,15,9,12,4,10,16,9,19,14,11,29,19,1
2025-26,1610612741,CHI,Chicago Bulls,0022500565,2026-01-13T00:00:00,CHI @ HOU,L,48.0,116.4,117.7,121.7,125.3,-5.4,-7.6,0.585,3.43,17.5,0.304,0.617,0.447,0.073,0.5,0.543,97.4,95.5,79.58,96,0.446,1,25,25,25,2,17,41,35,51,6,46,20,50,48,1,44,43,49,42,1
2025-26,1610612741,CHI,Chicago Bulls,0022500546,2026-01-10T00:00:00,CHI vs. DAL,W,48.0,116.5,117.9,100.0,101.9,16.5,16.0,0.62,1.94,20.8,0.255,0.786,0.544,0.151,0.593,0.611,107.1,105.5,87.92,106,0.589,1,1,1,1,2,16,2,4,44,31,22,37,15,7,33,15,18,16,5,1
2025-26,1610612741,CHI,Chicago Bulls,0022500517,2026-01-07T00:00:00,CHI @ DET,L,48.0,100.0,102.2,111.9,118.7,-11.9,-16.5,0.73,1.59,19.7,0.365,0.667,0.51,0.187,0.5,0.511,94.7,91.0,75.83,91,0.404,1,25,25,25,2,48,32,46,16,42,30,4,42,30,50,44,51,55,50,1
2025-26,1610612741,CHI,Chicago Bulls,0022500503,2026-01-05T00:00:00,CHI @ BOS,L,48.0,103.7,107.4,117.7,121.1,-14.0,-13.6,0.658,1.92,19.4,0.204,0.619,0.438,0.138,0.535,0.559,97.6,94.5,78.75,94,0.475,1,25,25,25,2,40,37,43,36,33,33,46,49,50,27,33,39,51,30,1
2025-26,1610612741,CHI,Chicago Bulls,0022500489,2026-01-03T00:00:00,CHI vs. CHA,L,48.0,100.9,100.0,111.9,112.0,-11.0,-12.0,0.821,2.91,22.9,0.17,0.704,0.439,0.111,0.511,0.531,99.1,99.5,82.92,99,0.487,1,25,25,25,2,51,16,42,2,9,9,52,31,49,10,42,46,40,29,1
2025-26,1610612741,CHI,Chicago Bulls,0022500480,2026-01-02T00:00:00,CHI vs. ORL,W,48.0,118.2,122.2,112.6,114.0,5.6,8.2,0.689,2.38,21.8,0.289,0.813,0.559,0.131,0.578,0.615,101.8,99.5,82.92,99,0.552,1,1,1,1,2,13,20,10,25,19,16,25,6,5,22,19,16,40,10,1
2025-26,1610612741,CHI,Chicago Bulls,0022500466,2025-12-31T00:00:00,CHI vs. NOP,W,48.0,124.1,127.6,109.4,111.3,14.7,16.3,0.702,3.67,22.0,0.25,0.733,0.519,0.086,0.592,0.626,107.9,105.5,87.92,105,0.591,1,1,1,1,2,5,13,3,22,2,13,43,23,21,3,16,14,16,3,1
2025-26,1610612741,CHI,Chicago Bulls,0022500452,2025-12-29T00:00:00,CHI vs. MIN,L,48.0,95.1,98.1,130.8,130.8,-35.6,-32.7,0.658,1.47,17.6,0.273,0.787,0.51,0.165,0.478,0.509,105.1,103.5,86.25,103,0.333,1,25,25,25,2,52,48,52,36,44,44,30,12,32,42,50,53,26,54,1
2025-26,1610612741,CHI,Chicago Bulls,0022500437,2025-12-27T00:00:00,CHI vs. MIL,L,48.0,104.0,105.1,114.8,116.7,-10.8,-11.6,0.718,1.87,19.2,0.373,0.725,0.536,0.153,0.489,0.515,98.3,97.0,80.83,98,0.45,1,25,25,25,2,42,27,40,18,35,36,2,27,11,35,47,50,47,40,1
2025-26,1610612741,CHI,Chicago Bulls,0022500427,2025-12-26T00:00:00,CHI vs. PHI,W,48.0,112.4,110.1,102.5,105.2,9.9,4.9,0.816,2.58,21.5,0.288,0.724,0.518,0.121,0.523,0.562,98.3,98.0,81.67,99,0.567,1,1,1,1,2,33,6,14,3,15,19,26,28,22,17,40,38,45,8,1
2025-26,1610612741,CHI,Chicago Bulls,0022500411,2025-12-23T00:00:00,CHI @ ATL,W,48.0,114.2,116.7,112.0,115.0,2.2,1.7,0.761,2.19,22.0,0.32,0.788,0.559,0.148,0.577,0.61,110.1,107.5,89.58,108,0.517,1,1,1,1,2,21,23,22,10,24,12,17,10,6,29,20,20,5,21,1
2025-26,1610612741,CHI,Chicago Bulls,0022500396,2025-12-21T00:00:00,CHI @ ATL,W,48.0,138.0,140.7,129.2,138.9,8.8,1.9,0.774,3.42,24.8,0.34,0.694,0.521,0.111,0.685,0.696,113.1,108.0,90.0,108,0.52,1,1,1,1,2,1,55,20,6,7,3,9,34,19,10,2,2,4,18,1
2025-26,1610612741,CHI,Chicago Bulls,0022500384,2025-12-19T00:00:00,CHI @ CLE,W,48.0,126.4,127.1,112.2,116.8,14.1,10.3,0.642,2.83,21.9,0.294,0.673,0.491,0.112,0.608,0.626,109.5,107.0,89.17,107,0.558,1,1,1,1,2,6,28,8,42,10,14,22,41,35,12,12,15,9,9,1
2025-26,1610612741,CHI,Chicago Bulls,0022500367,2025-12-17T00:00:00,CHI vs. CLE,W,48.0,118.8,118.7,103.8,103.7,15.0,15.0,0.7,2.19,23.3,0.19,0.787,0.506,0.15,0.64,0.655,106.9,107.0,89.17,107,0.589,1,1,1,1,2,14,4,5,23,24,7,48,12,33,32,4,6,9,4,1
2025-26,1610612741,CHI,Chicago Bulls,0022501223,2025-12-14T00:00:00,CHI vs. NOP,L,48.0,104.5,103.0,108.6,112.9,-4.0,-9.9,0.684,2.0,18.4,0.259,0.608,0.429,0.129,0.484,0.523,102.2,101.0,84.17,101,0.452,1,25,25,25,2,46,18,36,28,29,39,35,51,52,19,48,49,32,38,1
2025-26,1610612741,CHI,Chicago Bulls,0022501209,2025-12-12T00:00:00,CHI @ CHA,W,48.0,124.8,126.5,123.0,124.8,1.8,1.7,0.558,2.42,20.0,0.349,0.787,0.578,0.118,0.606,0.63,102.9,101.5,84.58,102,0.538,1,1,1,1,2,8,40,21,52,18,26,7,12,3,16,13,13,30,12,1
2025-26,1610612741,CHI,Chicago Bulls,0022500361,2025-12-07T00:00:00,CHI vs. GSW,L,48.0,93.5,95.8,125.1,130.9,-31.6,-35.1,0.75,1.6,17.6,0.328,0.563,0.434,0.158,0.421,0.467,97.9,94.5,78.75,95,0.362,1,25,25,25,2,54,49,53,11,41,43,13,53,51,37,54,54,51,52,1
2025-26,1610612741,CHI,Chicago Bulls,0022500345,2025-12-05T00:00:00,CHI vs. IND,L,48.0,107.4,104.0,121.2,121.2,-13.8,-17.3,0.618,1.11,15.3,0.326,0.854,0.575,0.188,0.526,0.585,98.4,100.0,83.33,101,0.446,1,25,25,25,2,44,38,47,47,53,51,15,3,4,52,39,27,39,43,1
2025-26,1610612741,CHI,Chicago Bulls,0022500329,2025-12-03T00:00:00,CHI vs. BKN,L,48.0,97.2,102.0,111.1,111.9,-14.0,-9.9,0.526,1.25,14.5,0.309,0.767,0.51,0.158,0.461,0.51,103.8,101.0,84.17,101,0.431,1,25,25,25,2,49,14,36,53,51,52,19,20,28,38,53,52,32,47,1
2025-26,1610612741,CHI,Chicago Bulls,0022500314,2025-12-01T00:00:00,CHI @ ORL,L,48.0,110.4,112.1,115.2,116.8,-4.8,-4.7,0.682,1.43,20.0,0.271,0.688,0.479,0.196,0.591,0.614,108.6,107.0,89.17,107,0.46,1,25,25,25,2,29,28,30,31,48,26,31,36,37,53,17,17,9,36,1
2025-26,1610612741,CHI,Chicago Bulls,0022500295,2025-11-29T00:00:00,CHI @ IND,L,48.0,102.0,101.0,103.2,105.1,-1.2,-4.1,0.615,1.85,17.4,0.255,0.816,0.519,0.13,0.529,0.537,99.4,99.0,82.5,100,0.471,1,25,25,25,2,50,5,28,48,36,47,41,5,20,21,36,44,42,32,1
2025-26,1610612741,CHI,Chicago Bulls,0022500071,2025-11-28T00:00:00,CHI @ CHA,L,48.0,108.6,109.4,110.3,115.0,-1.6,-5.5,0.674,2.82,20.8,0.245,0.704,0.477,0.104,0.515,0.548,109.2,106.5,88.75,106,0.494,1,25,25,25,2,36,23,32,34,11,22,44,31,38,9,41,41,13,27,1
2025-26,1610612741,CHI,Chicago Bulls,0022500289,2025-11-24T00:00:00,CHI @ NOP,L,48.0,119.2,117.1,125.0,131.2,-5.8,-14.1,0.674,1.71,19.9,0.159,0.536,0.37,0.153,0.646,0.677,111.7,110.0,91.67,111,0.45,1,25,25,25,2,19,52,44,33,38,28,54,54,54,36,3,4,2,39,1
2025-26,1610612741,CHI,Chicago Bulls,0022500271,2025-11-22T00:00:00,CHI vs. WAS,W,48.0,113.9,114.2,114.5,114.3,-0.6,-0.1,0.619,2.6,17.1,0.328,0.727,0.517,0.094,0.48,0.534,105.5,105.5,87.92,106,0.488,1,1,1,1,2,26,21,24,45,13,49,12,25,23,6,49,45,16,28,1
2025-26,1610612741,CHI,Chicago Bulls,0022500051,2025-11-21T00:00:00,CHI vs. MIA,L,48.0,95.3,97.3,125.0,132.4,-29.8,-35.1,0.703,1.44,17.6,0.263,0.638,0.452,0.164,0.478,0.523,113.3,109.0,90.83,110,0.338,1,25,25,25,2,53,53,54,21,46,45,33,48,47,41,51,48,3,53,1
2025-26,1610612741,CHI,Chicago Bulls,0022500263,2025-11-19T00:00:00,CHI @ POR,W,48.0,109.8,115.1,108.9,112.0,0.8,3.1,0.783,2.25,23.7,0.185,0.485,0.352,0.151,0.589,0.597,111.1,107.0,89.17,106,0.51,1,1,1,1,2,23,17,18,4,21,4,50,55,55,33,18,22,9,23,1
2025-26,1610612741,CHI,Chicago Bulls,0022500248,2025-11-17T00:00:00,CHI @ DEN,W,48.0,122.2,125.0,123.3,119.8,-1.1,5.2,0.646,3.44,20.7,0.268,0.727,0.495,0.087,0.564,0.589,104.7,105.0,87.5,104,0.507,1,1,1,1,2,10,34,13,39,4,24,32,25,34,4,22,26,21,25,1
2025-26,1610612741,CHI,Chicago Bulls,0022500240,2025-11-16T00:00:00,CHI @ UTA,L,58.0,115.7,116.7,119.0,120.0,-3.3,-3.3,0.776,2.24,21.1,0.279,0.768,0.538,0.135,0.542,0.602,104.7,103.86,86.55,126,0.514,1,25,25,25,1,21,35,26,5,22,20,28,19,10,25,30,21,25,22,1
2025-26,1610612741,CHI,Chicago Bulls,0022500214,2025-11-12T00:00:00,CHI @ DET,L,48.0,105.3,106.6,118.1,118.1,-12.8,-11.5,0.512,1.0,14.5,0.353,0.744,0.532,0.198,0.547,0.575,106.2,105.5,87.92,106,0.439,1,25,25,25,2,41,31,39,54,54,53,6,21,13,54,25,30,16,46,1
2025-26,1610612741,CHI,Chicago Bulls,0022500202,2025-11-10T00:00:00,CHI vs. SAS,L,48.0,111.3,111.4,116.5,116.3,-5.2,-4.9,0.707,2.23,19.6,0.278,0.795,0.51,0.124,0.527,0.567,104.5,104.5,87.08,105,0.457,1,25,25,25,2,31,26,31,20,23,31,29,9,28,18,38,35,22,37,1
2025-26,1610612741,CHI,Chicago Bulls,0022500186,2025-11-08T00:00:00,CHI @ CLE,L,48.0,117.5,118.4,122.6,125.5,-5.1,-7.0,0.711,1.93,19.0,0.255,0.788,0.535,0.136,0.53,0.611,104.1,102.5,85.42,103,0.505,1,25,25,25,2,15,42,34,19,32,37,37,10,12,26,35,19,28,26,1
2025-26,1610612741,CHI,Chicago Bulls,0022500035,2025-11-07T00:00:00,CHI @ MIL,L,48.0,106.8,103.8,116.8,118.9,-10.0,-15.1,0.773,2.43,23.0,0.188,0.684,0.457,0.132,0.544,0.567,105.5,106.0,88.33,106,0.472,1,25,25,25,2,45,33,45,7,17,8,49,37,43,23,28,36,15,31,1
2025-26,1610612741,CHI,Chicago Bulls,0022500167,2025-11-04T00:00:00,CHI vs. PHI,W,48.0,108.9,110.8,102.2,109.9,6.6,0.9,0.619,1.44,17.9,0.367,0.661,0.524,0.176,0.545,0.578,106.2,101.5,84.58,102,0.548,1,1,1,1,2,32,11,23,45,46,42,3,46,17,47,27,28,30,11,1
2025-26,1610612741,CHI,Chicago Bulls,0022500153,2025-11-02T00:00:00,CHI @ NYK,L,48.0,116.2,114.9,125.9,126.7,-9.7,-11.9,0.622,2.0,19.7,0.26,0.673,0.471,0.139,0.575,0.593,100.8,101.0,84.17,101,0.448,1,25,25,25,2,24,44,41,43,29,29,34,40,41,28,21,25,32,41,1
2025-26,1610612741,CHI,Chicago Bulls,0022500023,2025-10-31T00:00:00,CHI vs. NYK,W,48.0,131.8,136.4,123.6,127.6,8.2,8.8,0.689,3.44,21.8,0.293,0.7,0.516,0.091,0.637,0.679,101.8,98.5,82.08,99,0.576,1,1,1,1,2,2,45,9,25,4,16,24,33,25,5,5,3,43,7,1
2025-26,1610612741,CHI,Chicago Bulls,0022500132,2025-10-29T00:00:00,CHI vs. SAC,W,48.0,122.4,126.0,114.8,111.9,7.6,14.1,0.694,2.13,22.8,0.333,0.857,0.586,0.16,0.615,0.637,100.7,100.5,83.75,100,0.535,1,1,1,1,2,9,14,6,24,27,10,10,2,2,39,10,9,38,13,1
2025-26,1610612741,CHI,Chicago Bulls,0022500115,2025-10-27T00:00:00,CHI vs. ATL,W,48.0,119.4,123.1,117.4,117.1,2.0,5.9,0.688,1.83,21.6,0.356,0.808,0.598,0.173,0.609,0.632,106.0,104.5,87.08,104,0.517,1,1,1,1,2,12,30,12,27,37,18,5,7,1,46,11,11,22,20,1
2025-26,1610612741,CHI,Chicago Bulls,0022500100,2025-10-25T00:00:00,CHI @ ORL,W,48.0,103.0,102.8,92.0,90.7,11.0,12.1,0.667,1.3,18.2,0.208,0.667,0.457,0.187,0.53,0.574,106.6,107.5,89.58,107,0.604,1,1,1,1,2,47,1,7,35,50,41,45,42,43,51,34,31,5,2,1
2025-26,1610612741,CHI,Chicago Bulls,0022500084,2025-10-22T00:00:00,CHI vs. DET,W,48.0,107.4,108.5,105.3,105.7,2.1,2.8,0.744,1.61,19.3,0.294,0.724,0.523,0.17,0.511,0.569,106.3,105.5,87.92,106,0.53,1,1,1,1,2,37,7,19,13,40,34,22,28,18,45,42,33,16,15,1
2025-26,1610612742,DAL,Dallas Mavericks,0022500791,2026-02-12T00:00:00,DAL @ LAL,L,48.0,103.0,104.0,126.2,124.0,-23.3,-20.0,0.564,1.47,16.9,0.186,0.732,0.452,0.15,0.538,0.578,99.6,100.0,83.33,100,0.376,1,20,20,20,5,38,48,51,35,37,27,51,19,43,30,24,23,42,52,1
2025-26,1610612742,DAL,Dallas Mavericks,0022500773,2026-02-10T00:00:00,DAL @ PHX,L,48.0,106.4,107.8,117.7,116.5,-11.3,-8.7,0.486,1.13,13.8,0.244,0.636,0.46,0.155,0.513,0.576,103.2,103.0,85.83,103,0.48,1,20,20,20,5,31,34,39,47,48,48,38,43,40,34,29,24,23,25,1
2025-26,1610612742,DAL,Dallas Mavericks,0022500749,2026-02-07T00:00:00,DAL @ SAS,L,48.0,113.1,113.6,121.3,126.6,-8.2,-13.0,0.761,5.0,21.9,0.262,0.633,0.427,0.064,0.51,0.541,112.2,109.5,91.25,110,0.453,1,20,20,20,5,17,50,48,1,1,6,31,45,52,2,30,35,3,42,1
2025-26,1610612742,DAL,Dallas Mavericks,0022500738,2026-02-05T00:00:00,DAL vs. SAS,L,48.0,114.1,115.0,123.9,127.4,-9.8,-12.4,0.489,2.56,16.3,0.218,0.714,0.452,0.084,0.546,0.581,108.4,106.5,88.75,107,0.446,1,20,20,20,5,14,51,45,45,9,33,44,26,44,5,22,22,8,44,1
2025-26,1610612742,DAL,Dallas Mavericks,0022500721,2026-02-03T00:00:00,DAL vs. BOS,L,48.0,105.6,104.2,112.0,115.8,-6.4,-11.6,0.568,2.33,15.8,0.291,0.725,0.5,0.094,0.466,0.507,96.4,95.5,79.58,96,0.464,1,20,20,20,5,37,31,42,34,13,37,23,22,23,8,47,46,51,31,1
2025-26,1610612742,DAL,Dallas Mavericks,0022500701,2026-01-31T00:00:00,DAL @ HOU,L,48.0,103.4,108.1,108.2,112.1,-4.7,-4.0,0.463,1.73,14.1,0.315,0.631,0.487,0.111,0.5,0.517,103.0,99.0,82.5,99,0.45,1,20,20,20,5,29,27,26,49,25,47,15,47,30,13,33,43,45,43,1
2025-26,1610612742,DAL,Dallas Mavericks,0022500683,2026-01-29T00:00:00,DAL vs. CHA,L,48.0,115.2,119.8,121.9,120.6,-6.7,-0.8,0.542,3.25,18.2,0.298,0.78,0.523,0.079,0.519,0.55,103.0,101.5,84.58,101,0.494,1,20,20,20,5,9,42,21,42,4,19,20,8,13,4,28,33,33,23,1
2025-26,1610612742,DAL,Dallas Mavericks,0022500677,2026-01-28T00:00:00,DAL vs. MIN,L,48.0,98.9,100.0,110.4,112.4,-11.5,-12.4,0.579,1.16,15.1,0.365,0.722,0.547,0.181,0.47,0.519,106.5,105.0,87.5,105,0.438,1,20,20,20,5,46,28,44,31,46,42,3,23,4,44,44,42,13,45,1
2025-26,1610612742,DAL,Dallas Mavericks,0022500648,2026-01-24T00:00:00,DAL vs. LAL,L,48.0,103.0,105.8,112.9,111.5,-9.8,-5.8,0.564,2.0,15.5,0.267,0.667,0.456,0.106,0.468,0.515,104.8,104.0,86.67,104,0.454,1,20,20,20,5,34,25,32,35,18,38,29,39,42,10,45,44,18,41,1
2025-26,1610612742,DAL,Dallas Mavericks,0022500630,2026-01-22T00:00:00,DAL vs. GSW,W,48.0,111.6,113.9,104.6,106.5,7.0,7.4,0.581,1.14,16.8,0.34,0.836,0.608,0.204,0.576,0.62,110.1,108.0,90.0,108,0.529,1,1,1,1,5,16,12,9,30,47,29,10,1,1,52,14,9,6,15,1
2025-26,1610612742,DAL,Dallas Mavericks,0022500016,2026-01-19T00:00:00,DAL @ NYK,W,48.0,109.3,108.6,93.4,92.4,15.8,16.2,0.625,1.47,18.0,0.196,0.714,0.495,0.162,0.579,0.604,104.1,105.0,87.5,105,0.608,1,1,1,1,5,26,1,3,24,36,22,48,26,26,39,13,16,13,1,1
2025-26,1610612742,DAL,Dallas Mavericks,0022500593,2026-01-17T00:00:00,DAL vs. UTA,W,48.0,131.6,135.3,117.9,117.6,13.8,17.6,0.735,3.27,23.1,0.36,0.717,0.531,0.108,0.637,0.646,103.3,102.0,85.0,102,0.568,1,1,1,1,5,1,37,2,5,3,4,5,25,11,12,5,6,28,7,1
2025-26,1610612742,DAL,Dallas Mavericks,0022500583,2026-01-15T00:00:00,DAL vs. UTA,W,48.0,131.7,129.7,109.8,110.9,21.9,18.8,0.673,2.85,23.3,0.273,0.712,0.51,0.117,0.665,0.683,110.2,110.5,92.08,111,0.585,1,1,1,1,5,4,24,1,14,6,3,27,28,20,17,1,1,1,4,1
2025-26,1610612742,DAL,Dallas Mavericks,0022500575,2026-01-14T00:00:00,DAL vs. DEN,L,48.0,108.4,113.5,122.1,122.9,-13.6,-9.4,0.39,2.67,12.2,0.339,0.8,0.545,0.063,0.468,0.507,98.6,96.0,80.0,96,0.462,1,20,20,20,5,18,47,40,52,8,52,11,5,6,1,46,45,49,35,1
2025-26,1610612742,DAL,Dallas Mavericks,0022500561,2026-01-12T00:00:00,DAL vs. BKN,W,48.0,116.4,117.7,106.3,109.4,10.2,8.3,0.651,2.0,20.4,0.302,0.633,0.478,0.146,0.594,0.614,97.9,96.0,80.0,96,0.552,1,1,1,1,5,11,19,8,17,18,13,18,45,34,27,10,11,49,12,1
2025-26,1610612742,DAL,Dallas Mavericks,0022500546,2026-01-10T00:00:00,DAL @ CHI,L,48.0,100.0,101.9,116.5,117.9,-16.5,-16.0,0.641,1.79,17.6,0.214,0.745,0.456,0.133,0.5,0.525,107.1,105.5,87.92,105,0.411,1,20,20,20,5,44,38,49,20,23,24,46,16,41,22,33,39,11,50,1
2025-26,1610612742,DAL,Dallas Mavericks,0022500531,2026-01-08T00:00:00,DAL @ UTA,L,48.0,111.0,111.8,115.8,113.7,-4.8,-2.0,0.682,1.43,21.0,0.256,0.784,0.543,0.206,0.606,0.628,101.4,102.0,85.0,102,0.479,1,20,20,20,5,20,29,24,10,38,10,34,7,7,54,7,7,28,27,1
2025-26,1610612742,DAL,Dallas Mavericks,0022500515,2026-01-06T00:00:00,DAL @ SAC,W,48.0,93.2,99.0,93.8,96.1,-0.5,2.9,0.487,1.12,13.4,0.367,0.75,0.552,0.168,0.448,0.475,105.9,101.5,84.58,101,0.497,1,1,1,1,5,51,2,15,46,49,51,2,12,3,40,53,54,33,20,1
2025-26,1610612742,DAL,Dallas Mavericks,0022500491,2026-01-03T00:00:00,DAL vs. HOU,W,48.0,107.9,106.8,99.4,103.0,8.5,3.8,0.545,1.5,18.2,0.119,0.697,0.472,0.155,0.6,0.626,103.3,102.0,85.0,103,0.563,1,1,1,1,5,33,6,14,40,34,19,54,34,36,34,8,8,28,8,1
2025-26,1610612742,DAL,Dallas Mavericks,0022500473,2026-01-01T00:00:00,DAL vs. PHI,L,48.0,99.3,104.9,119.4,121.8,-20.1,-16.9,0.548,1.77,16.1,0.315,0.814,0.536,0.126,0.479,0.525,105.9,102.0,85.0,103,0.437,1,20,20,20,5,35,46,50,39,24,35,15,3,10,19,41,38,28,46,1
2025-26,1610612742,DAL,Dallas Mavericks,0022500457,2025-12-29T00:00:00,DAL @ POR,L,48.0,115.6,117.3,118.3,121.4,-2.7,-4.1,0.717,2.75,22.1,0.261,0.607,0.451,0.115,0.566,0.601,105.6,103.5,86.25,104,0.546,1,20,20,20,5,12,44,27,6,7,5,32,50,45,16,18,17,20,13,1
2025-26,1610612742,DAL,Dallas Mavericks,0022500432,2025-12-27T00:00:00,DAL @ SAC,L,48.0,101.1,103.9,108.1,108.7,-7.0,-4.8,0.575,1.1,16.3,0.294,0.71,0.522,0.204,0.534,0.558,105.2,103.5,86.25,103,0.455,1,20,20,20,5,40,17,29,33,51,33,21,29,14,53,26,30,20,40,1
2025-26,1610612742,DAL,Dallas Mavericks,0022500011,2025-12-25T00:00:00,DAL @ GSW,L,48.0,109.2,108.4,116.2,118.9,-7.0,-10.5,0.367,1.64,13.6,0.156,0.702,0.461,0.103,0.573,0.59,107.3,106.5,88.75,107,0.466,1,20,20,20,5,28,40,41,54,29,50,52,31,39,9,15,19,8,30,1
2025-26,1610612742,DAL,Dallas Mavericks,0022500415,2025-12-23T00:00:00,DAL vs. DEN,W,48.0,131.5,133.7,130.8,131.3,0.7,2.4,0.642,3.09,23.3,0.333,0.73,0.519,0.112,0.629,0.658,99.5,98.5,82.08,98,0.503,1,1,1,1,5,2,52,18,19,5,2,12,21,15,14,6,4,46,19,1
2025-26,1610612742,DAL,Dallas Mavericks,0022500404,2025-12-22T00:00:00,DAL @ NOP,L,48.0,100.7,104.6,110.3,110.2,-9.6,-5.6,0.63,1.71,18.1,0.393,0.702,0.542,0.157,0.49,0.499,110.1,108.0,90.0,108,0.459,1,20,20,20,5,36,23,31,23,26,21,1,31,8,37,37,48,6,37,1
2025-26,1610612742,DAL,Dallas Mavericks,0022500387,2025-12-20T00:00:00,DAL @ PHI,L,48.0,111.0,111.8,116.0,116.3,-5.0,-4.6,0.533,1.33,17.8,0.237,0.629,0.48,0.176,0.56,0.615,103.5,103.0,85.83,102,0.497,1,20,20,20,5,20,33,28,43,41,23,39,48,31,41,20,10,23,21,1
2025-26,1610612742,DAL,Dallas Mavericks,0022500376,2025-12-18T00:00:00,DAL vs. DET,W,53.0,104.7,103.6,97.6,103.6,7.1,-0.1,0.55,1.29,14.9,0.269,0.566,0.445,0.152,0.478,0.553,103.1,100.53,83.77,112,0.557,1,1,1,1,2,41,7,20,37,42,46,28,51,47,33,42,32,39,11,1
2025-26,1610612742,DAL,Dallas Mavericks,0022501224,2025-12-15T00:00:00,DAL @ UTA,L,53.0,113.6,115.7,120.2,121.7,-6.5,-6.1,0.5,1.6,15.2,0.322,0.827,0.559,0.13,0.536,0.573,105.8,104.15,86.79,115,0.46,1,20,20,20,2,13,45,33,44,30,41,13,2,2,21,25,26,17,36,1
2025-26,1610612742,DAL,Dallas Mavericks,0022501214,2025-12-12T00:00:00,DAL vs. BKN,W,48.0,109.5,114.4,108.4,108.8,1.1,5.6,0.717,2.36,21.7,0.3,0.792,0.541,0.135,0.543,0.574,105.5,103.0,85.83,104,0.541,1,1,1,1,5,15,18,11,6,12,7,19,6,9,24,23,25,23,14,1
2025-26,1610612742,DAL,Dallas Mavericks,0022500356,2025-12-06T00:00:00,DAL vs. HOU,W,48.0,126.0,129.8,112.7,114.7,13.3,15.1,0.449,1.69,17.5,0.303,0.556,0.449,0.138,0.64,0.672,96.8,94.5,78.75,94,0.589,1,1,1,1,5,3,30,4,50,27,26,17,54,46,25,4,3,53,3,1
2025-26,1610612742,DAL,Dallas Mavericks,0022500349,2025-12-05T00:00:00,DAL @ OKC,L,48.0,113.5,113.3,138.5,133.3,-25.0,-20.1,0.683,2.33,20.4,0.224,0.811,0.477,0.122,0.57,0.585,96.6,98.5,82.08,98,0.393,1,20,20,20,5,19,53,52,9,13,13,42,4,35,18,17,21,46,51,1
2025-26,1610612742,DAL,Dallas Mavericks,0022500332,2025-12-03T00:00:00,DAL vs. MIA,W,48.0,116.5,119.2,102.0,106.9,14.5,12.3,0.674,2.07,21.7,0.283,0.645,0.491,0.152,0.593,0.613,103.6,100.0,83.33,99,0.562,1,1,1,1,5,10,14,5,13,17,8,25,42,28,31,11,12,42,10,1
2025-26,1610612742,DAL,Dallas Mavericks,0022500315,2025-12-01T00:00:00,DAL @ DEN,W,48.0,128.2,128.4,117.6,119.8,10.7,8.6,0.66,4.38,24.0,0.196,0.731,0.48,0.078,0.642,0.647,102.5,101.5,84.58,102,0.509,1,1,1,1,5,5,41,7,15,2,1,48,20,32,3,3,5,33,17,1
2025-26,1610612742,DAL,Dallas Mavericks,0022500300,2025-11-29T00:00:00,DAL @ LAC,W,48.0,106.2,109.6,103.2,104.8,3.1,4.9,0.55,2.44,16.4,0.154,0.756,0.433,0.087,0.506,0.557,107.0,104.5,87.08,104,0.504,1,1,1,1,5,24,9,12,37,11,32,53,11,51,6,32,31,16,18,1
2025-26,1610612742,DAL,Dallas Mavericks,0022500078,2025-11-28T00:00:00,DAL @ LAL,L,48.0,122.9,124.0,133.8,135.8,-10.8,-11.8,0.636,2.55,19.9,0.36,0.735,0.512,0.115,0.56,0.596,96.6,95.5,79.58,96,0.463,1,20,20,20,5,7,54,43,22,10,17,5,17,19,15,19,18,51,33,1
2025-26,1610612742,DAL,Dallas Mavericks,0022500286,2025-11-24T00:00:00,DAL @ MIA,L,48.0,97.1,100.0,101.4,105.0,-4.3,-5.0,0.579,1.38,15.1,0.349,0.696,0.513,0.157,0.454,0.49,104.8,101.5,84.58,102,0.456,1,20,20,20,5,46,10,30,31,40,42,8,35,18,36,49,49,33,39,1
2025-26,1610612742,DAL,Dallas Mavericks,0022500273,2025-11-22T00:00:00,DAL vs. MEM,L,48.0,98.9,103.2,110.2,109.7,-11.3,-6.5,0.543,1.9,15.0,0.281,0.561,0.421,0.108,0.451,0.49,94.8,93.0,77.5,93,0.424,1,20,20,20,5,42,20,34,41,22,44,26,52,53,11,51,50,54,49,1
2025-26,1610612742,DAL,Dallas Mavericks,0022500052,2025-11-21T00:00:00,DAL vs. NOP,W,48.0,112.0,111.3,105.9,108.5,6.2,2.8,0.75,1.5,20.1,0.265,0.75,0.515,0.189,0.571,0.613,107.0,106.0,88.33,106,0.519,1,1,1,1,5,22,16,17,2,34,16,30,12,17,48,16,14,10,16,1
2025-26,1610612742,DAL,Dallas Mavericks,0022500262,2025-11-19T00:00:00,DAL vs. NYK,L,48.0,104.5,109.9,111.4,109.7,-6.9,0.2,0.657,1.28,16.5,0.294,0.677,0.504,0.178,0.506,0.565,103.8,102.0,85.0,101,0.482,1,20,20,20,5,23,21,19,16,43,31,21,38,22,42,31,27,28,24,1
2025-26,1610612742,DAL,Dallas Mavericks,0022500246,2025-11-17T00:00:00,DAL @ MIN,L,48.0,88.4,88.9,108.1,110.1,-19.7,-21.2,0.382,0.65,9.8,0.193,0.649,0.421,0.185,0.453,0.487,109.8,108.5,90.42,108,0.304,1,20,20,20,5,54,22,53,53,54,54,50,41,53,47,50,52,4,54,1
2025-26,1610612742,DAL,Dallas Mavericks,0022500238,2025-11-16T00:00:00,DAL vs. POR,W,53.0,120.4,123.2,113.6,118.8,6.8,4.5,0.688,2.2,20.2,0.353,0.557,0.471,0.134,0.584,0.613,104.9,101.43,84.53,112,0.569,1,1,1,1,2,8,39,13,8,16,15,7,53,37,23,12,13,38,6,1
2025-26,1610612742,DAL,Dallas Mavericks,0022500046,2025-11-14T00:00:00,DAL vs. LAC,L,58.0,97.9,102.4,104.9,106.4,-7.0,-4.0,0.409,0.72,11.2,0.322,0.759,0.531,0.202,0.495,0.549,106.2,103.03,85.86,124,0.463,1,20,20,20,1,43,11,25,51,53,53,13,10,12,51,36,34,22,32,1
2025-26,1610612742,DAL,Dallas Mavericks,0022500221,2025-11-12T00:00:00,DAL vs. PHX,L,48.0,107.1,108.6,116.7,117.1,-9.6,-8.6,0.744,1.52,21.5,0.261,0.709,0.505,0.2,0.599,0.61,106.0,105.0,87.5,105,0.476,1,20,20,20,5,26,36,38,4,33,9,32,30,21,50,9,15,13,28,1
2025-26,1610612742,DAL,Dallas Mavericks,0022500203,2025-11-10T00:00:00,DAL vs. MIL,L,48.0,107.5,109.6,108.4,111.5,-0.9,-1.9,0.676,1.67,16.7,0.362,0.75,0.545,0.144,0.466,0.533,106.5,104.0,86.67,104,0.495,1,20,20,20,5,24,25,23,12,28,30,4,12,5,26,47,37,18,22,1
2025-26,1610612742,DAL,Dallas Mavericks,0022500183,2025-11-08T00:00:00,DAL @ WAS,W,48.0,107.6,107.8,99.9,101.9,7.7,5.8,0.619,2.0,17.6,0.345,0.698,0.519,0.126,0.484,0.523,104.2,103.0,85.83,103,0.585,1,1,1,1,5,31,5,10,25,18,25,9,33,16,19,40,40,23,5,1
2025-26,1610612742,DAL,Dallas Mavericks,0022500034,2025-11-07T00:00:00,DAL @ MEM,L,48.0,100.9,104.0,112.0,116.8,-11.1,-12.8,0.595,1.39,18.5,0.217,0.75,0.489,0.18,0.547,0.559,104.2,100.5,83.75,100,0.457,1,20,20,20,5,38,35,46,28,39,18,45,12,29,43,21,29,40,38,1
2025-26,1610612742,DAL,Dallas Mavericks,0022500177,2025-11-05T00:00:00,DAL vs. NOP,L,48.0,96.3,100.0,101.0,101.0,-4.7,-1.0,0.486,1.2,13.7,0.25,0.685,0.464,0.152,0.472,0.506,101.4,99.5,82.92,99,0.48,1,20,20,20,5,46,4,22,47,45,49,35,37,38,31,43,47,44,26,1
2025-26,1610612742,DAL,Dallas Mavericks,0022500160,2025-11-03T00:00:00,DAL @ HOU,L,48.0,99.2,100.0,105.6,106.8,-6.3,-6.8,0.75,2.0,20.8,0.245,0.625,0.44,0.147,0.5,0.521,103.5,102.5,85.42,102,0.462,1,20,20,20,5,46,13,35,2,18,12,36,49,48,28,33,41,27,34,1
2025-26,1610612742,DAL,Dallas Mavericks,0022500147,2025-11-01T00:00:00,DAL @ DET,L,48.0,108.2,107.8,122.0,120.8,-13.8,-12.9,0.676,1.53,16.8,0.245,0.722,0.495,0.147,0.525,0.587,100.8,101.5,84.58,102,0.426,1,20,20,20,5,30,43,47,11,32,28,37,23,27,28,27,20,33,48,1
2025-26,1610612742,DAL,Dallas Mavericks,0022500133,2025-10-29T00:00:00,DAL vs. IND,W,48.0,99.7,101.9,92.7,99.1,7.1,2.8,0.583,1.11,15.4,0.222,0.635,0.479,0.181,0.487,0.562,110.3,105.5,87.92,105,0.607,1,1,1,1,5,44,3,16,29,50,39,43,44,33,44,39,28,11,2,1
2025-26,1610612742,DAL,Dallas Mavericks,0022500119,2025-10-27T00:00:00,DAL vs. OKC,L,48.0,94.3,95.9,101.3,104.1,-7.0,-8.2,0.606,2.22,15.4,0.2,0.735,0.44,0.092,0.448,0.486,99.7,97.5,81.25,98,0.43,1,20,20,20,5,52,8,36,26,15,40,47,18,48,7,52,53,48,47,1
2025-26,1610612742,DAL,Dallas Mavericks,0022500111,2025-10-26T00:00:00,DAL vs. TOR,W,48.0,126.2,127.5,114.6,116.2,11.6,11.3,0.64,1.6,20.9,0.286,0.661,0.5,0.183,0.647,0.68,111.4,110.0,91.67,109,0.563,1,1,1,1,5,6,32,6,21,30,11,24,40,23,46,2,2,2,9,1
2025-26,1610612742,DAL,Dallas Mavericks,0022500096,2025-10-24T00:00:00,DAL vs. WAS,L,48.0,95.6,99.1,106.6,107.3,-11.0,-8.3,0.605,1.1,16.1,0.226,0.774,0.5,0.194,0.489,0.536,110.8,108.5,90.42,108,0.469,1,20,20,20,5,50,15,37,27,51,35,41,9,23,49,38,36,4,29,1
2025-26,1610612742,DAL,Dallas Mavericks,0022500004,2025-10-22T00:00:00,DAL vs. SAS,L,48.0,90.7,91.1,121.0,125.0,-30.3,-33.9,0.645,1.25,14.9,0.236,0.689,0.44,0.158,0.428,0.487,102.4,100.5,83.75,101,0.312,1,20,20,20,5,53,49,54,18,44,45,40,36,50,38,54,51,40,53,1
2025-26,1610612743,DEN,Denver Nuggets,0022500787,2026-02-11T00:00:00,DEN vs. MEM,W,48.0,120.7,124.5,118.1,117.2,2.6,7.3,0.674,1.93,20.4,0.375,0.788,0.609,0.153,0.593,0.642,99.7,98.5,82.08,98,0.558,1,1,1,1,6,18,27,23,23,36,24,10,5,2,43,24,19,25,15,1
2025-26,1610612743,DEN,Denver Nuggets,0022500767,2026-02-09T00:00:00,DEN vs. CLE,L,48.0,114.3,117.0,117.0,121.4,-2.8,-4.4,0.658,1.79,17.1,0.412,0.706,0.559,0.14,0.524,0.583,102.0,99.0,82.5,100,0.521,1,36,36,36,6,39,41,42,28,43,45,3,28,9,33,43,40,23,29,1
2025-26,1610612743,DEN,Denver Nuggets,0022500752,2026-02-07T00:00:00,DEN @ CHI,W,48.0,132.7,136.0,113.4,117.6,19.2,18.4,0.755,2.64,24.5,0.333,0.654,0.511,0.14,0.671,0.683,104.2,101.0,84.17,100,0.604,1,1,1,1,6,2,30,8,9,16,4,17,44,26,33,4,6,16,7,1
2025-26,1610612743,DEN,Denver Nuggets,0022500726,2026-02-04T00:00:00,DEN @ NYK,L,58.0,107.7,114.4,120.3,120.7,-12.6,-6.3,0.63,1.81,17.8,0.383,0.731,0.545,0.144,0.5,0.543,94.9,91.86,76.55,111,0.475,1,36,36,36,1,44,39,45,34,42,40,8,20,13,37,47,48,53,47,1
2025-26,1610612743,DEN,Denver Nuggets,0022500716,2026-02-03T00:00:00,DEN @ DET,L,48.0,121.1,119.8,119.0,124.0,2.1,-4.2,0.541,2.0,14.9,0.26,0.679,0.476,0.099,0.506,0.594,102.1,100.5,83.75,101,0.5,1,36,36,36,6,32,44,41,48,33,52,35,38,40,15,46,35,19,39,1
2025-26,1610612743,DEN,Denver Nuggets,0022500711,2026-02-01T00:00:00,DEN vs. OKC,L,48.0,111.5,112.1,123.6,122.2,-12.1,-10.1,0.744,1.61,20.6,0.31,0.717,0.523,0.182,0.595,0.62,98.7,99.0,82.5,99,0.483,1,36,36,36,6,47,42,50,11,48,21,22,23,20,50,22,30,23,46,1
2025-26,1610612743,DEN,Denver Nuggets,0022500695,2026-01-30T00:00:00,DEN vs. LAC,W,48.0,131.1,129.8,116.9,116.0,14.2,13.8,0.75,2.31,22.6,0.25,0.76,0.547,0.138,0.658,0.701,93.2,94.0,78.33,94,0.584,1,1,1,1,6,9,23,11,10,25,10,36,10,12,32,7,4,46,11,1
2025-26,1610612743,DEN,Denver Nuggets,0022500684,2026-01-29T00:00:00,DEN vs. BKN,W,48.0,117.6,121.6,117.2,118.4,0.4,3.2,0.632,3.43,19.2,0.265,0.686,0.48,0.08,0.556,0.588,89.5,87.5,72.92,88,0.529,1,1,1,1,6,28,34,28,33,5,31,32,35,39,6,35,38,54,28,1
2025-26,1610612743,DEN,Denver Nuggets,0022500668,2026-01-27T00:00:00,DEN vs. DET,L,48.0,111.3,113.8,113.6,116.0,-2.3,-2.1,0.55,1.47,16.7,0.348,0.698,0.535,0.16,0.536,0.568,96.0,94.0,78.33,94,0.503,1,36,36,36,6,45,23,39,46,52,47,14,32,18,44,39,42,46,37,1
2025-26,1610612743,DEN,Denver Nuggets,0022500640,2026-01-23T00:00:00,DEN @ MIL,W,48.0,102.9,106.3,103.2,105.3,-0.3,1.0,0.771,3.38,20.1,0.222,0.732,0.482,0.083,0.471,0.525,98.0,95.5,79.58,96,0.521,1,1,1,1,6,52,6,34,6,7,25,41,17,37,7,53,53,41,29,1
2025-26,1610612743,DEN,Denver Nuggets,0022500629,2026-01-22T00:00:00,DEN @ WAS,W,48.0,109.8,111.5,102.6,101.0,7.2,10.4,0.595,1.57,16.7,0.304,0.704,0.52,0.146,0.5,0.566,96.0,96.0,80.0,96,0.591,1,1,1,1,6,48,3,16,41,50,47,23,30,24,39,47,44,38,10,1
2025-26,1610612743,DEN,Denver Nuggets,0022500617,2026-01-20T00:00:00,DEN vs. LAL,L,48.0,112.2,112.6,114.9,122.3,-2.7,-9.7,0.692,5.4,20.9,0.14,0.696,0.406,0.053,0.534,0.561,97.7,94.5,78.75,95,0.467,1,36,36,36,6,46,43,49,20,1,19,54,33,53,1,41,46,43,48,1
2025-26,1610612743,DEN,Denver Nuggets,0022500605,2026-01-18T00:00:00,DEN vs. CHA,L,48.0,100.1,101.2,119.9,127.9,-19.8,-26.7,0.656,2.63,17.8,0.224,0.522,0.368,0.093,0.456,0.5,89.3,86.0,71.67,86,0.376,1,36,36,36,6,54,48,55,30,17,39,40,55,55,9,54,54,55,55,1
2025-26,1610612743,DEN,Denver Nuggets,0022500600,2026-01-17T00:00:00,DEN vs. WAS,W,48.0,116.2,119.8,111.9,113.9,4.3,5.9,0.689,2.38,22.0,0.205,0.661,0.466,0.129,0.612,0.636,103.4,101.0,84.17,101,0.558,1,1,1,1,6,32,20,25,22,22,13,48,40,43,28,16,22,16,15,1
2025-26,1610612743,DEN,Denver Nuggets,0022500575,2026-01-14T00:00:00,DEN @ DAL,W,48.0,122.1,122.9,108.4,113.5,13.6,9.4,0.5,2.33,16.7,0.2,0.661,0.455,0.094,0.588,0.623,98.6,96.0,80.0,96,0.538,1,1,1,1,6,24,19,19,50,23,47,49,41,47,10,26,27,38,23,1
2025-26,1610612743,DEN,Denver Nuggets,0022500567,2026-01-13T00:00:00,DEN @ NOP,W,48.0,121.9,123.2,117.6,116.0,4.3,7.2,0.585,3.43,18.5,0.156,0.625,0.398,0.071,0.571,0.622,99.4,99.5,82.92,99,0.512,1,1,1,1,6,22,26,24,42,5,35,52,49,54,2,30,28,22,33,1
2025-26,1610612743,DEN,Denver Nuggets,0022500554,2026-01-11T00:00:00,DEN vs. MIL,W,48.0,108.4,116.1,109.7,108.3,-1.3,7.8,0.657,2.56,17.4,0.291,0.725,0.5,0.097,0.483,0.537,97.2,94.5,78.75,93,0.496,1,1,1,1,6,41,10,21,29,20,43,26,22,30,12,51,52,43,41,1
2025-26,1610612743,DEN,Denver Nuggets,0022500537,2026-01-09T00:00:00,DEN vs. ATL,L,48.0,90.8,91.6,112.5,114.6,-21.7,-23.0,0.733,1.16,18.0,0.116,0.863,0.521,0.2,0.493,0.538,96.8,95.5,79.58,95,0.4,1,36,36,36,6,55,21,53,14,54,38,55,1,21,55,49,50,41,54,1
2025-26,1610612743,DEN,Denver Nuggets,0022500520,2026-01-07T00:00:00,DEN @ BOS,W,48.0,120.6,122.6,116.3,119.6,4.3,3.0,0.692,3.0,20.0,0.327,0.571,0.454,0.097,0.563,0.584,94.6,92.5,77.08,93,0.551,1,1,1,1,6,25,35,30,20,9,27,20,53,48,12,33,39,52,20,1
2025-26,1610612743,DEN,Denver Nuggets,0022500507,2026-01-05T00:00:00,DEN @ PHI,W,53.0,118.7,122.5,116.6,120.4,2.1,2.2,0.605,1.37,18.7,0.293,0.625,0.485,0.186,0.642,0.67,95.9,92.83,77.36,102,0.504,1,1,1,1,2,26,37,32,39,53,34,25,49,36,52,9,8,51,36,1
2025-26,1610612743,DEN,Denver Nuggets,0022500496,2026-01-04T00:00:00,DEN @ BKN,L,48.0,115.8,122.3,133.3,133.7,-17.5,-11.3,0.707,2.9,21.5,0.277,0.651,0.456,0.106,0.547,0.591,97.3,94.5,78.75,94,0.432,1,36,36,36,6,27,53,51,17,11,17,27,45,46,18,37,36,43,51,1
2025-26,1610612743,DEN,Denver Nuggets,0022500478,2026-01-02T00:00:00,DEN @ CLE,L,48.0,104.1,110.2,116.1,117.7,-11.9,-7.5,0.65,2.89,19.3,0.214,0.681,0.427,0.092,0.516,0.542,100.5,97.0,80.83,98,0.443,1,36,36,36,6,50,31,47,31,14,30,46,37,52,8,45,49,32,49,1
2025-26,1610612743,DEN,Denver Nuggets,0022500468,2025-12-31T00:00:00,DEN @ TOR,W,48.0,109.3,110.4,102.8,106.2,6.6,4.2,0.5,1.55,13.6,0.25,0.636,0.474,0.115,0.488,0.558,98.6,96.5,80.42,96,0.536,1,1,1,1,6,49,9,27,50,51,55,36,47,41,23,50,47,34,25,1
2025-26,1610612743,DEN,Denver Nuggets,0022500450,2025-12-29T00:00:00,DEN @ MIA,L,48.0,119.8,120.6,141.2,144.1,-21.4,-23.5,0.617,2.9,20.6,0.227,0.625,0.435,0.098,0.59,0.623,103.4,102.0,85.0,102,0.428,1,36,36,36,6,30,55,54,37,11,21,39,49,51,14,25,25,12,52,1
2025-26,1610612743,DEN,Denver Nuggets,0022500433,2025-12-27T00:00:00,DEN @ ORL,L,48.0,125.7,126.0,124.2,127.0,1.6,-1.0,0.614,1.69,19.0,0.395,0.755,0.587,0.16,0.576,0.635,101.2,100.0,83.33,100,0.512,1,36,36,36,6,13,47,37,38,47,33,4,11,3,46,29,23,20,32,1
2025-26,1610612743,DEN,Denver Nuggets,0022500013,2025-12-25T00:00:00,DEN vs. MIN,W,53.0,117.3,119.3,113.9,117.9,3.4,1.4,0.66,1.82,18.5,0.327,0.745,0.536,0.143,0.559,0.617,109.7,106.87,89.06,119,0.507,1,1,1,1,2,36,32,33,27,41,36,19,13,17,36,34,31,3,35,1
2025-26,1610612743,DEN,Denver Nuggets,0022500415,2025-12-23T00:00:00,DEN @ DAL,L,48.0,130.8,131.3,131.5,133.7,-0.7,-2.4,0.78,2.6,26.5,0.27,0.667,0.481,0.152,0.69,0.711,99.5,98.5,82.08,99,0.497,1,36,36,36,6,8,52,40,5,19,1,29,39,38,42,3,3,25,40,1
2025-26,1610612743,DEN,Denver Nuggets,0022500405,2025-12-22T00:00:00,DEN vs. UTA,W,48.0,128.6,127.4,104.3,104.7,24.2,22.7,0.804,3.36,24.0,0.22,0.737,0.495,0.104,0.63,0.655,106.2,106.5,88.75,106,0.6,1,1,1,1,6,11,5,4,3,8,7,44,16,31,17,10,12,4,8,1
2025-26,1610612743,DEN,Denver Nuggets,0022500386,2025-12-20T00:00:00,DEN vs. HOU,L,48.0,97.9,104.1,118.4,117.3,-20.5,-13.2,0.568,1.91,15.8,0.263,0.732,0.459,0.113,0.446,0.495,100.1,97.5,81.25,97,0.41,1,36,36,36,6,53,28,52,43,37,51,33,19,45,22,55,55,29,53,1
2025-26,1610612743,DEN,Denver Nuggets,0022500377,2025-12-18T00:00:00,DEN vs. ORL,W,48.0,120.5,124.8,114.5,112.7,6.0,12.0,0.633,2.07,22.1,0.195,0.741,0.505,0.149,0.648,0.666,102.5,101.5,84.58,101,0.533,1,1,1,1,6,17,17,13,32,32,12,51,15,27,40,8,9,14,26,1
2025-26,1610612743,DEN,Denver Nuggets,0022501225,2025-12-15T00:00:00,DEN vs. HOU,W,53.0,123.6,124.3,115.3,121.4,8.4,2.9,0.558,2.18,17.6,0.222,0.647,0.448,0.107,0.594,0.643,96.0,93.28,77.74,103,0.501,1,1,1,1,2,19,40,31,45,28,41,41,46,49,19,23,18,49,38,1
2025-26,1610612743,DEN,Denver Nuggets,0022501208,2025-12-11T00:00:00,DEN @ SAC,W,48.0,132.3,133.3,101.8,101.9,30.5,31.4,0.673,2.92,23.6,0.268,0.717,0.521,0.118,0.659,0.675,102.9,102.5,85.42,102,0.649,1,1,1,1,6,7,4,2,25,10,8,31,24,21,24,5,7,10,2,1
2025-26,1610612743,DEN,Denver Nuggets,0022500359,2025-12-07T00:00:00,DEN @ CHA,W,48.0,117.7,118.6,107.9,109.3,9.8,9.3,0.674,2.9,22.0,0.156,0.7,0.442,0.103,0.596,0.62,98.0,97.0,80.83,97,0.544,1,1,1,1,6,38,13,20,23,11,14,52,31,50,16,21,29,32,22,1
2025-26,1610612743,DEN,Denver Nuggets,0022500340,2025-12-05T00:00:00,DEN @ ATL,W,48.0,127.4,125.2,126.6,126.7,0.8,-1.4,0.596,2.33,19.0,0.261,0.766,0.516,0.112,0.618,0.656,105.1,106.0,88.33,107,0.511,1,1,1,1,6,16,46,38,40,23,32,34,7,25,21,14,11,5,34,1
2025-26,1610612743,DEN,Denver Nuggets,0022500325,2025-12-03T00:00:00,DEN @ IND,W,48.0,134.4,135.0,122.7,120.0,11.7,15.0,0.469,2.09,17.6,0.2,0.767,0.494,0.11,0.693,0.715,99.1,100.0,83.33,100,0.552,1,1,1,1,6,4,36,10,54,31,42,49,6,32,20,2,2,20,18,1
2025-26,1610612743,DEN,Denver Nuggets,0022500315,2025-12-01T00:00:00,DEN vs. DAL,L,48.0,117.6,119.8,128.2,128.4,-10.7,-8.6,0.787,4.63,24.3,0.269,0.804,0.52,0.079,0.535,0.566,102.5,101.5,84.58,101,0.491,1,36,36,36,6,32,50,48,4,2,6,30,4,23,5,40,45,14,43,1
2025-26,1610612743,DEN,Denver Nuggets,0022500299,2025-11-29T00:00:00,DEN @ PHX,W,48.0,140.9,139.8,117.4,120.4,23.6,19.4,0.818,2.12,25.7,0.364,0.686,0.56,0.183,0.724,0.763,93.8,93.0,77.5,93,0.605,1,1,1,1,6,1,38,7,2,30,3,11,35,8,51,1,1,50,6,1
2025-26,1610612743,DEN,Denver Nuggets,0022500076,2025-11-28T00:00:00,DEN vs. SAS,L,48.0,126.9,136.0,132.3,136.3,-5.4,-0.3,0.563,1.59,18.2,0.467,0.62,0.547,0.17,0.615,0.653,106.1,101.0,84.17,100,0.49,1,36,36,36,6,2,54,35,44,49,37,1,52,11,48,15,14,16,44,1
2025-26,1610612743,DEN,Denver Nuggets,0022500287,2025-11-24T00:00:00,DEN @ MEM,W,48.0,128.7,128.9,115.5,117.3,13.2,11.5,0.696,2.29,22.2,0.326,0.712,0.531,0.144,0.626,0.643,98.4,97.5,81.25,97,0.53,1,1,1,1,6,10,28,14,19,26,11,21,25,19,38,11,17,29,27,1
2025-26,1610612743,DEN,Denver Nuggets,0022500274,2025-11-22T00:00:00,DEN vs. SAC,L,48.0,118.1,126.8,129.1,133.3,-11.0,-6.5,0.622,2.15,19.4,0.388,0.711,0.543,0.134,0.565,0.602,101.6,96.5,80.42,97,0.435,1,36,36,36,6,12,51,46,36,29,29,6,26,14,29,32,34,34,50,1
2025-26,1610612743,DEN,Denver Nuggets,0022500054,2025-11-21T00:00:00,DEN @ HOU,W,48.0,121.9,119.1,109.2,116.0,12.7,3.2,0.7,1.87,20.6,0.385,0.561,0.49,0.16,0.599,0.637,95.8,94.0,78.33,94,0.591,1,1,1,1,6,37,23,29,18,38,20,7,54,34,44,19,21,46,9,1
2025-26,1610612743,DEN,Denver Nuggets,0022500260,2025-11-19T00:00:00,DEN @ NOP,W,48.0,118.1,116.8,110.7,109.3,7.4,7.6,0.761,1.75,23.2,0.22,0.655,0.469,0.187,0.62,0.659,106.3,107.5,89.58,107,0.552,1,1,1,1,6,40,12,22,8,45,9,45,43,42,53,13,10,1,19,1
2025-26,1610612743,DEN,Denver Nuggets,0022500248,2025-11-17T00:00:00,DEN vs. CHI,L,48.0,123.3,119.8,122.2,125.0,1.1,-5.2,0.457,2.63,14.8,0.273,0.732,0.505,0.075,0.546,0.588,104.7,105.0,87.5,106,0.493,1,36,36,36,6,31,45,44,55,17,53,28,17,29,4,38,37,8,42,1
2025-26,1610612743,DEN,Denver Nuggets,0022500232,2025-11-15T00:00:00,DEN @ MIN,W,48.0,119.7,119.4,108.6,109.8,11.1,9.6,0.744,2.23,19.9,0.298,0.83,0.564,0.126,0.554,0.617,102.9,102.5,85.42,103,0.568,1,1,1,1,6,35,14,17,11,27,28,24,3,7,27,36,32,10,14,1
2025-26,1610612743,DEN,Denver Nuggets,0022500224,2025-11-12T00:00:00,DEN @ LAC,W,48.0,129.5,134.0,120.4,118.4,9.1,15.7,0.5,1.83,16.3,0.381,0.727,0.558,0.124,0.601,0.654,98.4,97.5,81.25,97,0.577,1,1,1,1,6,6,33,9,50,40,50,9,21,10,26,18,13,29,12,1
2025-26,1610612743,DEN,Denver Nuggets,0022500212,2025-11-11T00:00:00,DEN @ SAC,W,48.0,127.2,125.8,112.4,112.5,14.9,13.3,0.545,1.85,17.3,0.391,0.761,0.576,0.134,0.587,0.623,96.0,96.5,80.42,97,0.555,1,1,1,1,6,14,16,12,47,39,44,5,9,5,29,27,26,34,17,1
2025-26,1610612743,DEN,Denver Nuggets,0022500189,2025-11-08T00:00:00,DEN vs. IND,W,48.0,110.3,114.7,96.2,95.2,14.1,19.5,0.711,1.78,21.2,0.347,0.688,0.54,0.176,0.527,0.567,105.0,103.5,86.25,102,0.628,1,1,1,1,6,43,2,6,16,44,18,15,34,15,49,42,43,9,4,1
2025-26,1610612743,DEN,Denver Nuggets,0022500037,2025-11-07T00:00:00,DEN vs. GSW,W,48.0,135.8,134.4,107.7,108.3,28.1,26.0,0.739,3.78,24.5,0.25,0.661,0.49,0.094,0.659,0.694,95.8,96.0,80.0,96,0.625,1,1,1,1,6,5,10,3,13,4,5,36,41,34,10,6,5,38,5,1
2025-26,1610612743,DEN,Denver Nuggets,0022500178,2025-11-05T00:00:00,DEN vs. MIA,W,48.0,111.6,115.1,104.7,105.7,6.9,9.4,0.767,1.94,20.1,0.417,0.84,0.609,0.16,0.48,0.538,108.2,106.0,88.33,106,0.546,1,1,1,1,6,42,7,18,7,34,26,2,2,1,47,52,51,5,21,1
2025-26,1610612743,DEN,Denver Nuggets,0022500162,2025-11-03T00:00:00,DEN vs. SAC,W,48.0,120.9,121.5,114.8,115.9,6.0,5.6,0.66,4.13,21.9,0.212,0.745,0.465,0.075,0.577,0.604,107.8,107.0,89.17,107,0.537,1,1,1,1,6,29,22,26,26,3,15,47,14,44,3,28,33,2,24,1
2025-26,1610612743,DEN,Denver Nuggets,0022500026,2025-10-31T00:00:00,DEN @ POR,L,48.0,105.3,109.2,107.2,110.1,-2.0,-0.9,0.5,1.0,14.4,0.341,0.632,0.505,0.194,0.519,0.578,101.6,98.5,82.08,98,0.514,1,36,36,36,6,51,15,36,50,55,54,16,48,28,54,44,41,25,31,1
2025-26,1610612743,DEN,Denver Nuggets,0022500134,2025-10-29T00:00:00,DEN vs. NOP,W,48.0,125.6,123.2,89.1,89.8,36.5,33.4,0.833,2.86,26.0,0.349,0.75,0.583,0.141,0.611,0.634,98.0,98.5,82.08,99,0.731,1,1,1,1,6,22,1,1,1,15,2,13,12,4,35,17,24,25,1,1
2025-26,1610612743,DEN,Denver Nuggets,0022500008,2025-10-27T00:00:00,DEN @ MIN,W,48.0,123.3,123.3,107.8,112.9,15.5,10.4,0.522,1.71,16.9,0.356,0.766,0.565,0.136,0.597,0.641,104.4,102.0,85.0,103,0.569,1,1,1,1,6,21,18,15,49,46,46,12,7,6,31,20,20,12,13,1
2025-26,1610612743,DEN,Denver Nuggets,0022500104,2025-10-25T00:00:00,DEN vs. PHX,W,48.0,123.7,125.5,105.0,105.7,18.7,19.8,0.721,1.94,20.5,0.333,0.706,0.538,0.151,0.565,0.649,106.6,105.5,87.92,106,0.644,1,1,1,1,6,15,8,5,15,35,23,17,28,16,41,31,15,7,3,1
2025-26,1610612743,DEN,Denver Nuggets,0022500006,2025-10-23T00:00:00,DEN @ GSW,L,53.0,122.2,123.6,125.7,128.0,-3.4,-4.5,0.627,2.46,21.6,0.222,0.709,0.49,0.123,0.621,0.647,97.9,96.45,80.38,106,0.485,1,36,36,36,2,20,49,43,35,21,16,41,27,33,25,12,16,37,45,1
2025-26,1610612744,GSW,Golden State Warriors,0022500788,2026-02-11T00:00:00,GSW vs. SAS,L,48.0,112.5,114.1,124.4,129.9,-11.9,-15.8,0.881,3.08,24.3,0.314,0.64,0.475,0.121,0.549,0.574,100.9,98.0,81.67,99,0.446,1,30,30,30,3,26,53,48,1,6,4,21,44,36,12,27,33,37,42,1
2025-26,1610612744,GSW,Golden State Warriors,0022500768,2026-02-09T00:00:00,GSW vs. MEM,W,48.0,109.2,112.9,109.1,110.8,0.1,2.1,0.705,1.35,21.5,0.286,0.689,0.494,0.228,0.596,0.624,104.0,101.5,84.58,101,0.502,1,1,1,1,3,28,25,29,28,48,14,30,29,24,55,15,17,24,30,1
2025-26,1610612744,GSW,Golden State Warriors,0022500753,2026-02-07T00:00:00,GSW @ LAL,L,48.0,99.2,102.1,104.8,108.2,-5.6,-6.2,0.641,1.92,18.5,0.236,0.763,0.452,0.134,0.5,0.511,100.0,97.0,80.83,97,0.422,1,30,30,30,3,49,18,40,43,25,41,45,7,46,19,42,48,41,47,1
2025-26,1610612744,GSW,Golden State Warriors,0022500739,2026-02-05T00:00:00,GSW @ PHX,W,48.0,112.5,112.2,107.0,109.0,5.5,3.2,0.697,1.53,18.1,0.298,0.818,0.549,0.167,0.566,0.596,90.2,89.5,74.58,90,0.52,1,1,1,1,3,31,20,26,33,39,45,25,4,6,35,25,27,54,25,1
2025-26,1610612744,GSW,Golden State Warriors,0022500724,2026-02-03T00:00:00,GSW vs. PHI,L,48.0,103.4,103.3,125.2,124.2,-21.8,-20.9,0.73,1.35,20.9,0.262,0.491,0.389,0.22,0.596,0.596,90.6,91.0,75.83,91,0.419,1,30,30,30,3,48,46,51,21,46,21,37,54,54,53,16,26,52,49,1
2025-26,1610612744,GSW,Golden State Warriors,0022500696,2026-01-30T00:00:00,GSW vs. DET,L,48.0,110.3,109.7,117.1,118.0,-6.8,-8.3,0.775,1.72,19.7,0.241,0.679,0.458,0.159,0.544,0.588,112.1,112.0,93.33,113,0.456,1,30,30,30,3,35,37,42,9,34,26,44,35,44,32,32,28,1,37,1
2025-26,1610612744,GSW,Golden State Warriors,0022500678,2026-01-28T00:00:00,GSW @ UTA,W,48.0,130.6,130.8,113.2,114.8,17.4,16.0,0.848,1.95,24.7,0.293,0.714,0.522,0.187,0.669,0.706,108.4,107.5,89.58,107,0.556,1,1,1,1,3,5,33,12,2,24,2,26,20,13,43,3,2,4,15,1
2025-26,1610612744,GSW,Golden State Warriors,0022500663,2026-01-26T00:00:00,GSW @ MIN,L,48.0,76.3,77.6,102.4,100.9,-26.1,-23.4,0.636,1.11,14.6,0.25,0.787,0.477,0.178,0.395,0.412,107.1,107.0,89.17,107,0.311,1,30,30,30,3,55,9,52,46,51,54,39,5,32,39,55,55,5,54,1
2025-26,1610612744,GSW,Golden State Warriors,0022500644,2026-01-25T00:00:00,GSW @ MIN,W,48.0,102.7,106.7,81.9,82.5,20.9,24.2,0.775,2.58,21.1,0.236,0.745,0.491,0.115,0.505,0.544,105.9,103.5,86.25,104,0.681,1,1,1,1,3,43,1,4,9,12,19,45,13,26,9,41,45,17,2,1
2025-26,1610612744,GSW,Golden State Warriors,0022500630,2026-01-22T00:00:00,GSW @ DAL,L,48.0,104.6,106.5,111.6,113.9,-7.0,-7.4,0.674,2.9,19.9,0.164,0.66,0.392,0.093,0.526,0.553,110.1,108.0,90.0,108,0.471,1,30,30,30,3,44,31,41,37,8,25,55,40,53,3,37,41,3,36,1
2025-26,1610612744,GSW,Golden State Warriors,0022500618,2026-01-20T00:00:00,GSW vs. TOR,L,48.0,118.2,121.0,139.9,139.4,-21.6,-18.5,0.596,1.47,18.5,0.375,0.686,0.506,0.181,0.604,0.62,105.6,104.5,87.08,105,0.393,1,30,30,30,3,17,55,49,51,41,40,6,32,19,42,11,19,14,52,1
2025-26,1610612744,GSW,Golden State Warriors,0022500612,2026-01-19T00:00:00,GSW vs. MIA,W,48.0,124.4,126.2,103.2,104.7,21.3,21.5,0.776,2.71,24.4,0.234,0.629,0.459,0.131,0.642,0.659,108.5,107.0,89.17,107,0.612,1,1,1,1,3,9,14,7,8,11,3,47,47,43,16,8,8,5,7,1
2025-26,1610612744,GSW,Golden State Warriors,0022500599,2026-01-17T00:00:00,GSW vs. CHA,W,48.0,133.7,133.3,108.9,113.7,24.8,19.6,0.667,2.83,23.3,0.227,0.648,0.459,0.118,0.672,0.689,104.1,102.0,85.0,102,0.595,1,1,1,1,3,3,30,9,38,9,9,48,42,42,11,2,3,21,10,1
2025-26,1610612744,GSW,Golden State Warriors,0022500584,2026-01-15T00:00:00,GSW vs. NYK,W,48.0,130.3,134.0,116.1,120.2,14.2,13.8,0.542,2.17,19.3,0.349,0.64,0.505,0.128,0.652,0.665,97.0,94.0,78.33,94,0.552,1,1,1,1,3,2,40,15,54,18,31,11,44,20,15,4,7,50,16,1
2025-26,1610612744,GSW,Golden State Warriors,0022500570,2026-01-13T00:00:00,GSW vs. POR,W,48.0,113.6,116.7,92.8,95.1,20.8,21.6,0.81,2.43,23.6,0.167,0.76,0.469,0.137,0.601,0.628,104.6,102.0,85.0,102,0.628,1,1,1,1,3,25,4,6,5,14,7,53,9,39,20,13,15,21,6,1
2025-26,1610612744,GSW,Golden State Warriors,0022500556,2026-01-11T00:00:00,GSW vs. ATL,L,48.0,106.5,108.8,120.4,122.8,-13.9,-13.9,0.667,1.75,19.6,0.26,0.725,0.495,0.157,0.522,0.559,103.6,101.5,84.58,102,0.448,1,30,30,30,3,39,43,47,38,33,28,38,19,21,29,38,38,24,41,1
2025-26,1610612744,GSW,Golden State Warriors,0022500539,2026-01-09T00:00:00,GSW vs. SAC,W,48.0,139.6,145.7,108.7,110.8,30.8,35.0,0.75,3.55,25.3,0.467,0.698,0.58,0.117,0.647,0.677,96.4,93.5,77.92,94,0.633,1,1,1,1,3,1,24,2,17,3,1,1,25,3,10,5,5,51,4,1
2025-26,1610612744,GSW,Golden State Warriors,0022500526,2026-01-07T00:00:00,GSW vs. MIL,W,48.0,121.3,123.7,116.2,118.9,5.2,4.8,0.705,3.1,21.7,0.313,0.857,0.567,0.103,0.596,0.619,98.1,96.0,80.0,97,0.526,1,1,1,1,3,14,39,23,28,5,12,22,2,4,6,19,21,45,24,1
2025-26,1610612744,GSW,Golden State Warriors,0022500508,2026-01-05T00:00:00,GSW @ LAC,L,48.0,103.2,104.1,102.8,106.2,0.4,-2.1,0.771,3.86,19.0,0.279,0.756,0.471,0.071,0.435,0.491,99.6,97.5,81.25,98,0.491,1,30,30,30,3,47,15,32,12,1,35,32,10,37,1,52,52,38,32,1
2025-26,1610612744,GSW,Golden State Warriors,0022500492,2026-01-03T00:00:00,GSW vs. UTA,W,48.0,123.5,125.5,115.8,118.8,7.8,6.8,0.744,2.13,21.3,0.417,0.756,0.581,0.153,0.603,0.63,99.0,97.0,80.83,98,0.547,1,1,1,1,3,12,38,21,19,19,16,4,11,1,26,12,14,41,18,1
2025-26,1610612744,GSW,Golden State Warriors,0022500484,2026-01-02T00:00:00,GSW vs. OKC,L,48.0,91.2,90.4,124.3,126.0,-33.2,-35.6,0.719,1.35,16.2,0.25,0.705,0.442,0.163,0.428,0.469,104.2,104.0,86.67,104,0.308,1,30,30,30,3,54,50,55,24,45,48,39,23,48,34,53,53,15,55,1
2025-26,1610612744,GSW,Golden State Warriors,0022500462,2025-12-31T00:00:00,GSW @ CHA,W,48.0,132.7,130.7,119.6,123.8,13.0,6.9,0.761,1.84,23.8,0.289,0.652,0.488,0.188,0.699,0.729,102.0,101.0,84.17,101,0.529,1,1,1,1,3,6,45,20,15,31,6,29,41,29,45,1,1,30,23,1
2025-26,1610612744,GSW,Golden State Warriors,0022500449,2025-12-29T00:00:00,GSW @ BKN,W,48.0,120.0,125.0,111.3,110.3,8.7,14.7,0.634,1.86,19.5,0.316,0.739,0.548,0.146,0.597,0.652,98.0,96.5,80.42,96,0.602,1,1,1,1,3,13,22,13,47,29,30,19,17,7,23,14,10,43,9,1
2025-26,1610612744,GSW,Golden State Warriors,0022500441,2025-12-28T00:00:00,GSW @ TOR,L,53.0,110.1,113.4,122.7,125.9,-12.6,-12.5,0.581,1.19,16.1,0.321,0.6,0.459,0.188,0.531,0.586,104.3,101.43,84.53,112,0.423,1,30,30,30,1,27,49,45,52,50,49,16,50,41,44,36,30,29,46,1
2025-26,1610612744,GSW,Golden State Warriors,0022500011,2025-12-25T00:00:00,GSW vs. DAL,W,48.0,116.2,118.9,109.2,108.4,7.0,10.5,0.75,3.0,21.2,0.298,0.844,0.539,0.104,0.515,0.57,107.3,106.5,88.75,106,0.534,1,1,1,1,3,21,19,18,17,7,17,24,3,8,7,40,34,7,20,1
2025-26,1610612744,GSW,Golden State Warriors,0022500407,2025-12-22T00:00:00,GSW vs. ORL,W,48.0,121.8,121.2,96.6,98.0,25.2,23.2,0.717,2.54,22.4,0.319,0.625,0.485,0.131,0.579,0.603,99.5,99.0,82.5,99,0.632,1,1,1,1,3,16,6,5,25,13,11,18,48,31,17,24,24,35,5,1
2025-26,1610612744,GSW,Golden State Warriors,0022500392,2025-12-20T00:00:00,GSW vs. PHX,W,48.0,111.7,117.8,112.0,114.9,-0.3,3.0,0.69,1.38,19.0,0.434,0.745,0.58,0.208,0.549,0.58,105.1,101.0,84.17,101,0.516,1,1,1,1,3,22,34,27,35,44,37,3,15,2,50,28,32,30,27,1
2025-26,1610612744,GSW,Golden State Warriors,0022500378,2025-12-18T00:00:00,GSW @ PHX,L,48.0,96.2,97.0,98.3,99.0,-2.2,-2.0,0.771,1.35,18.5,0.321,0.745,0.532,0.198,0.461,0.506,101.3,100.5,83.75,101,0.486,1,30,30,30,3,52,8,30,12,46,43,16,13,11,47,50,51,33,34,1
2025-26,1610612744,GSW,Golden State Warriors,0022501221,2025-12-14T00:00:00,GSW @ POR,L,48.0,122.3,126.0,123.9,128.3,-1.6,-2.3,0.773,1.89,22.8,0.244,0.644,0.444,0.173,0.644,0.674,108.4,105.0,87.5,104,0.487,1,30,30,30,3,10,52,33,11,26,10,43,43,47,36,7,6,12,33,1
2025-26,1610612744,GSW,Golden State Warriors,0022501215,2025-12-12T00:00:00,GSW vs. MIN,L,48.0,112.5,117.6,125.3,122.1,-12.9,-4.5,0.614,2.08,18.5,0.315,0.711,0.495,0.127,0.536,0.568,104.0,103.0,85.83,102,0.443,1,30,30,30,3,23,42,38,49,20,43,20,21,22,14,34,36,19,44,1
2025-26,1610612744,GSW,Golden State Warriors,0022500361,2025-12-07T00:00:00,GSW @ CHI,W,48.0,125.1,130.9,93.5,95.8,31.6,35.1,0.614,1.59,19.0,0.438,0.672,0.566,0.181,0.625,0.638,97.9,94.5,78.75,94,0.638,1,1,1,1,3,4,5,1,49,36,35,2,36,5,41,9,13,48,3,1
2025-26,1610612744,GSW,Golden State Warriors,0022500352,2025-12-06T00:00:00,GSW @ CLE,W,48.0,96.9,104.2,93.7,98.9,3.2,5.3,0.758,1.79,18.5,0.309,0.583,0.465,0.147,0.459,0.515,101.2,95.0,79.17,95,0.578,1,1,1,1,3,46,7,22,16,32,41,23,51,40,24,51,46,47,11,1
2025-26,1610612744,GSW,Golden State Warriors,0022500333,2025-12-04T00:00:00,GSW @ PHI,L,48.0,100.0,100.0,99.8,102.1,0.1,-2.1,0.73,2.08,19.1,0.291,0.688,0.476,0.133,0.483,0.51,98.6,97.5,81.25,98,0.485,1,30,30,30,3,50,11,31,21,20,33,27,31,35,18,48,50,38,35,1
2025-26,1610612744,GSW,Golden State Warriors,0022500323,2025-12-02T00:00:00,GSW vs. OKC,L,48.0,108.3,109.8,123.9,121.6,-15.5,-11.8,0.698,1.88,20.5,0.264,0.889,0.517,0.157,0.547,0.563,101.8,102.0,85.0,102,0.416,1,30,30,30,3,34,41,44,32,27,23,35,1,14,29,29,37,21,50,1
2025-26,1610612744,GSW,Golden State Warriors,0022500298,2025-11-29T00:00:00,GSW vs. NOP,W,48.0,106.3,109.5,98.0,102.1,8.3,7.3,0.737,2.8,19.7,0.339,0.638,0.491,0.105,0.473,0.511,97.9,94.5,78.75,95,0.571,1,1,1,1,3,36,12,19,20,10,27,13,46,25,8,49,49,48,12,1
2025-26,1610612744,GSW,Golden State Warriors,0022500066,2025-11-26T00:00:00,GSW vs. HOU,L,48.0,106.1,109.9,110.0,114.3,-3.9,-4.4,0.714,1.56,18.7,0.375,0.515,0.456,0.176,0.5,0.548,94.4,91.0,75.83,91,0.519,1,30,30,30,3,33,32,37,26,37,39,6,53,45,37,42,42,52,26,1
2025-26,1610612744,GSW,Golden State Warriors,0022500291,2025-11-24T00:00:00,GSW vs. UTA,W,48.0,126.5,126.4,109.4,110.4,17.1,16.0,0.667,3.4,21.4,0.352,0.667,0.509,0.094,0.582,0.599,106.4,106.0,88.33,106,0.556,1,1,1,1,3,8,23,11,38,4,15,10,38,18,4,23,25,10,14,1
2025-26,1610612744,GSW,Golden State Warriors,0022500056,2025-11-21T00:00:00,GSW vs. POR,L,48.0,121.5,121.8,124.4,124.5,-2.9,-2.7,0.725,2.07,20.6,0.25,0.48,0.372,0.139,0.584,0.639,101.6,101.5,84.58,101,0.492,1,30,30,30,3,15,47,34,23,22,22,39,55,55,21,21,12,24,31,1
2025-26,1610612744,GSW,Golden State Warriors,0022500257,2025-11-19T00:00:00,GSW @ MIA,L,48.0,89.9,90.6,102.4,103.8,-12.5,-13.2,0.706,1.04,15.6,0.375,0.705,0.536,0.217,0.426,0.462,107.1,106.0,88.33,106,0.42,1,30,30,30,3,53,13,46,27,54,53,6,22,9,52,54,54,10,48,1
2025-26,1610612744,GSW,Golden State Warriors,0022500249,2025-11-18T00:00:00,GSW @ ORL,L,48.0,110.4,110.8,118.9,116.3,-8.5,-5.6,0.667,1.44,19.3,0.167,0.689,0.437,0.176,0.583,0.626,102.0,103.0,85.83,102,0.454,1,30,30,30,3,32,36,39,38,43,31,53,29,51,38,22,16,19,38,1
2025-26,1610612744,GSW,Golden State Warriors,0022500237,2025-11-16T00:00:00,GSW @ NOP,W,48.0,116.5,120.4,104.2,101.9,12.3,18.5,0.791,1.62,21.7,0.392,0.68,0.535,0.204,0.585,0.611,104.1,103.5,86.25,103,0.562,1,1,1,1,3,19,10,10,7,35,13,5,33,10,48,20,23,17,13,1
2025-26,1610612744,GSW,Golden State Warriors,0022500047,2025-11-14T00:00:00,GSW @ SAS,W,48.0,111.3,112.4,104.5,110.2,6.8,2.2,0.474,1.2,13.5,0.327,0.574,0.441,0.155,0.517,0.557,100.6,97.5,81.25,97,0.453,1,1,1,1,3,30,21,28,55,49,55,15,52,50,28,39,40,38,39,1
2025-26,1610612744,GSW,Golden State Warriors,0022500220,2025-11-12T00:00:00,GSW @ SAS,W,48.0,114.8,116.8,111.1,113.2,3.8,3.6,0.833,1.88,20.0,0.269,0.68,0.471,0.15,0.547,0.62,108.4,106.5,88.75,107,0.53,1,1,1,1,3,24,29,25,3,27,24,34,33,37,25,30,20,7,22,1
2025-26,1610612744,GSW,Golden State Warriors,0022500210,2025-11-11T00:00:00,GSW @ OKC,L,48.0,100.2,100.0,118.2,124.8,-17.9,-24.8,0.697,1.1,17.3,0.227,0.667,0.442,0.206,0.534,0.588,104.2,101.5,84.58,102,0.394,1,30,30,30,3,50,48,53,33,52,47,48,38,49,49,35,29,24,51,1
2025-26,1610612744,GSW,Golden State Warriors,0022500196,2025-11-09T00:00:00,GSW vs. IND,W,48.0,110.4,112.9,77.7,83.0,32.7,29.9,0.579,2.2,15.8,0.281,0.672,0.488,0.099,0.5,0.547,105.1,100.5,83.75,101,0.691,1,1,1,1,3,28,2,3,53,17,52,31,37,30,5,42,44,33,1,1
2025-26,1610612744,GSW,Golden State Warriors,0022500037,2025-11-07T00:00:00,GSW @ DEN,L,48.0,107.7,108.3,135.8,134.4,-28.1,-26.0,0.7,2.33,19.6,0.339,0.75,0.51,0.125,0.484,0.512,95.8,96.0,80.0,96,0.375,1,30,30,30,3,40,54,54,30,15,28,13,12,16,13,47,47,45,53,1
2025-26,1610612744,GSW,Golden State Warriors,0022500181,2025-11-05T00:00:00,GSW @ SAC,L,48.0,107.3,109.4,114.7,113.1,-7.4,-3.7,0.7,1.47,19.0,0.25,0.761,0.49,0.179,0.545,0.585,106.8,106.5,88.75,106,0.451,1,30,30,30,3,37,28,35,30,41,34,39,8,28,40,31,31,7,40,1
2025-26,1610612744,GSW,Golden State Warriors,0022500169,2025-11-04T00:00:00,GSW vs. PHX,W,48.0,118.2,120.4,108.0,107.0,10.2,13.4,0.805,2.06,23.6,0.209,0.615,0.432,0.163,0.608,0.643,99.4,99.0,82.5,98,0.55,1,1,1,1,3,18,17,16,6,23,8,51,49,52,33,10,11,35,17,1
2025-26,1610612744,GSW,Golden State Warriors,0022500144,2025-11-01T00:00:00,GSW @ IND,L,48.0,103.1,107.9,111.4,111.8,-8.3,-3.8,0.641,1.56,17.9,0.264,0.692,0.476,0.158,0.5,0.547,104.0,101.5,84.58,101,0.444,1,30,30,30,3,41,27,36,43,37,46,35,26,34,31,42,43,24,43,1
2025-26,1610612744,GSW,Golden State Warriors,0022500139,2025-10-30T00:00:00,GSW @ MIL,L,48.0,100.5,105.8,108.4,115.4,-7.9,-9.6,0.639,1.05,15.9,0.36,0.692,0.529,0.212,0.5,0.57,110.1,104.0,86.67,104,0.508,1,30,30,30,3,45,35,43,45,53,51,9,26,12,51,42,35,15,29,1
2025-26,1610612744,GSW,Golden State Warriors,0022500127,2025-10-28T00:00:00,GSW vs. LAC,W,48.0,108.0,108.9,85.8,88.8,22.1,20.1,0.615,1.85,18.9,0.271,0.692,0.49,0.144,0.552,0.558,91.4,89.5,74.58,90,0.608,1,1,1,1,3,38,3,8,48,30,38,33,26,27,22,26,39,54,8,1
2025-26,1610612744,GSW,Golden State Warriors,0022500121,2025-10-27T00:00:00,GSW vs. MEM,W,48.0,124.5,126.0,111.0,111.3,13.5,14.6,0.818,2.25,24.2,0.214,0.735,0.495,0.154,0.645,0.681,105.8,105.0,87.5,104,0.531,1,1,1,1,3,10,26,14,4,16,5,50,18,23,27,6,4,12,21,1
2025-26,1610612744,GSW,Golden State Warriors,0022500097,2025-10-24T00:00:00,GSW @ POR,L,48.0,108.0,107.2,123.0,126.4,-15.0,-19.2,0.686,0.96,16.1,0.34,0.705,0.516,0.225,0.538,0.612,111.6,110.5,92.08,111,0.427,1,30,30,30,3,42,51,50,36,55,50,12,23,15,54,33,22,2,45,1
2025-26,1610612744,GSW,Golden State Warriors,0022500006,2025-10-23T00:00:00,GSW vs. DEN,W,53.0,125.7,128.0,122.2,123.6,3.4,4.5,0.66,3.67,21.2,0.291,0.778,0.51,0.084,0.596,0.623,97.9,96.45,80.38,107,0.515,1,1,1,1,1,7,44,24,42,2,17,27,6,17,2,18,18,44,28,1
2025-26,1610612744,GSW,Golden State Warriors,0022500002,2025-10-21T00:00:00,GSW @ LAL,W,48.0,118.1,119.0,106.5,106.9,11.6,12.1,0.763,1.53,21.0,0.209,0.744,0.477,0.19,0.596,0.656,101.5,101.0,84.17,100,0.546,1,1,1,1,3,20,16,17,14,40,20,51,16,33,46,16,9,30,19,1
2025-26,1610612745,HOU,Houston Rockets,0022500782,2026-02-11T00:00:00,HOU vs. LAC,L,48.0,104.2,110.9,113.6,112.9,-9.4,-2.0,0.658,1.19,18.4,0.435,0.75,0.589,0.228,0.537,0.567,95.2,92.5,77.08,92,0.465,1,34,34,34,7,41,30,36,9,45,18,18,16,13,51,28,29,45,40,1
2025-26,1610612745,HOU,Houston Rockets,0022500772,2026-02-10T00:00:00,HOU vs. LAC,W,48.0,107.5,109.7,102.0,102.2,5.4,7.5,0.528,1.06,15.0,0.326,0.649,0.505,0.194,0.544,0.587,94.0,93.0,77.5,93,0.537,1,1,1,1,7,42,8,20,37,51,44,44,38,43,44,26,24,44,23,1
2025-26,1610612745,HOU,Houston Rockets,0022500748,2026-02-07T00:00:00,HOU @ OKC,W,48.0,111.6,116.7,107.8,109.3,3.8,7.4,0.658,1.67,18.5,0.313,0.66,0.49,0.156,0.548,0.587,99.3,96.5,80.42,96,0.533,1,1,1,1,7,27,24,21,9,22,17,46,36,46,26,25,23,29,25,1
2025-26,1610612745,HOU,Houston Rockets,0022500737,2026-02-05T00:00:00,HOU vs. CHA,L,48.0,101.2,102.1,106.2,113.5,-4.9,-11.5,0.632,1.33,17.6,0.34,0.538,0.444,0.186,0.506,0.539,100.2,96.5,80.42,97,0.495,1,34,34,34,7,51,32,47,14,36,23,43,51,52,42,34,36,29,34,1
2025-26,1610612745,HOU,Houston Rockets,0022500728,2026-02-04T00:00:00,HOU vs. BOS,L,48.0,103.7,102.2,121.5,126.7,-17.8,-24.5,0.471,1.6,13.2,0.264,0.538,0.4,0.11,0.482,0.507,91.7,90.5,75.42,91,0.393,1,34,34,34,7,50,50,53,50,26,50,52,51,53,6,43,45,49,52,1
2025-26,1610612745,HOU,Houston Rockets,0022500713,2026-02-02T00:00:00,HOU @ IND,W,48.0,117.7,120.4,114.9,115.2,2.8,5.3,0.525,1.31,14.9,0.449,0.813,0.629,0.163,0.5,0.571,99.8,98.5,82.08,98,0.514,1,1,1,1,7,15,35,26,39,39,45,13,3,6,31,38,27,18,28,1
2025-26,1610612745,HOU,Houston Rockets,0022500701,2026-01-31T00:00:00,HOU vs. DAL,W,48.0,108.2,112.1,103.4,108.1,4.7,4.0,0.733,5.5,21.2,0.369,0.685,0.513,0.061,0.463,0.484,103.0,99.0,82.5,99,0.55,1,1,1,1,7,36,23,31,1,1,6,35,31,39,2,46,48,12,21,1
2025-26,1610612745,HOU,Houston Rockets,0022500682,2026-01-29T00:00:00,HOU @ ATL,W,48.0,114.5,114.3,91.4,95.6,23.1,18.7,0.59,1.92,16.4,0.448,0.683,0.568,0.132,0.489,0.516,92.4,90.5,75.42,91,0.622,1,1,1,1,7,31,2,10,26,15,34,14,32,18,11,41,44,49,10,1
2025-26,1610612745,HOU,Houston Rockets,0022500679,2026-01-28T00:00:00,HOU vs. SAS,L,48.0,95.3,100.0,111.5,112.1,-16.2,-12.1,0.59,1.64,15.9,0.381,0.738,0.524,0.141,0.434,0.463,101.7,99.0,82.5,99,0.406,1,34,34,34,7,52,28,48,26,23,37,32,19,36,15,50,50,12,51,1
2025-26,1610612745,HOU,Houston Rockets,0022500662,2026-01-26T00:00:00,HOU vs. MEM,W,48.0,107.1,108.0,94.8,101.0,12.4,7.0,0.707,1.81,19.1,0.411,0.636,0.533,0.16,0.505,0.536,102.6,99.0,82.5,100,0.598,1,1,1,1,7,44,7,24,4,18,14,21,41,33,28,37,39,12,13,1
2025-26,1610612745,HOU,Houston Rockets,0022500635,2026-01-23T00:00:00,HOU @ DET,W,48.0,114.2,113.3,101.4,106.1,12.8,7.1,0.538,1.24,15.7,0.357,0.723,0.551,0.173,0.551,0.602,99.9,98.0,81.67,98,0.576,1,1,1,1,7,33,15,22,34,44,40,38,24,27,37,24,13,20,16,1
2025-26,1610612745,HOU,Houston Rockets,0022500628,2026-01-22T00:00:00,HOU @ PHI,L,53.0,109.4,116.2,122.3,123.1,-12.9,-6.9,0.717,1.94,20.2,0.403,0.762,0.548,0.162,0.556,0.557,97.9,94.64,78.87,105,0.43,1,34,34,34,2,28,46,45,2,13,9,24,12,28,30,20,34,36,47,1
2025-26,1610612745,HOU,Houston Rockets,0022500615,2026-01-20T00:00:00,HOU vs. SAS,W,48.0,110.3,112.1,101.5,107.1,8.7,5.1,0.674,2.07,21.2,0.227,0.646,0.477,0.141,0.578,0.599,102.5,99.0,82.5,99,0.57,1,1,1,1,7,36,18,28,6,10,5,53,40,47,15,13,15,12,17,1
2025-26,1610612745,HOU,Houston Rockets,0022500604,2026-01-18T00:00:00,HOU vs. NOP,W,48.0,121.8,120.2,111.6,111.1,10.3,9.1,0.489,1.47,15.8,0.375,0.729,0.552,0.152,0.572,0.597,98.1,99.0,82.5,99,0.514,1,1,1,1,7,16,26,17,47,31,39,33,23,24,23,15,18,12,29,1
2025-26,1610612745,HOU,Houston Rockets,0022500591,2026-01-16T00:00:00,HOU vs. MIN,W,48.0,106.8,112.2,105.6,107.1,1.2,5.1,0.487,1.36,14.5,0.294,0.647,0.471,0.143,0.536,0.556,101.2,98.0,81.67,98,0.525,1,1,1,1,7,35,19,27,48,34,47,50,39,49,17,29,35,20,27,1
2025-26,1610612745,HOU,Houston Rockets,0022500581,2026-01-15T00:00:00,HOU vs. OKC,L,48.0,87.1,91.0,110.3,113.3,-23.2,-22.3,0.486,1.06,11.4,0.472,0.813,0.608,0.16,0.37,0.408,102.5,99.0,82.5,100,0.381,1,34,34,34,7,53,31,52,49,50,52,9,3,8,28,53,53,12,53,1
2025-26,1610612745,HOU,Houston Rockets,0022500565,2026-01-13T00:00:00,HOU vs. CHI,W,48.0,121.7,125.3,116.4,117.7,5.4,7.6,0.533,2.67,17.6,0.383,0.696,0.553,0.095,0.551,0.591,97.4,95.5,79.58,95,0.554,1,1,1,1,7,11,38,19,36,4,23,31,29,23,4,23,21,33,20,1
2025-26,1610612745,HOU,Houston Rockets,0022500557,2026-01-11T00:00:00,HOU @ SAC,L,48.0,108.0,112.6,120.9,129.1,-12.9,-16.4,0.639,1.77,17.0,0.463,0.521,0.49,0.149,0.47,0.506,91.3,86.5,72.08,87,0.448,1,34,34,34,7,34,51,50,13,20,28,11,53,45,22,44,46,53,44,1
2025-26,1610612745,HOU,Houston Rockets,0022500540,2026-01-09T00:00:00,HOU @ POR,L,48.0,107.6,108.2,113.1,114.4,-5.5,-6.2,0.525,1.62,14.6,0.435,0.679,0.548,0.134,0.469,0.493,97.8,97.0,80.83,97,0.469,1,34,34,34,7,43,33,43,39,25,46,17,33,29,12,45,47,26,38,1
2025-26,1610612745,HOU,Houston Rockets,0022500527,2026-01-07T00:00:00,HOU @ POR,L,48.0,100.2,107.4,101.0,107.3,-0.7,0.1,0.541,1.43,13.7,0.47,0.755,0.591,0.147,0.414,0.456,101.9,95.5,79.58,95,0.459,1,34,34,34,7,46,21,35,33,32,49,10,14,11,21,52,52,33,42,1
2025-26,1610612745,HOU,Houston Rockets,0022500505,2026-01-05T00:00:00,HOU vs. PHX,W,48.0,102.8,106.4,101.8,103.2,1.0,3.2,0.526,1.25,15.0,0.404,0.712,0.558,0.17,0.489,0.52,96.3,94.0,78.33,94,0.507,1,1,1,1,7,48,10,32,38,43,43,23,27,22,34,42,42,39,30,1
2025-26,1610612745,HOU,Houston Rockets,0022500491,2026-01-03T00:00:00,HOU @ DAL,L,48.0,99.4,103.0,107.9,106.8,-8.5,-3.8,0.585,2.67,16.6,0.303,0.881,0.528,0.089,0.434,0.462,103.3,102.0,85.0,101,0.437,1,34,34,34,7,49,17,39,28,4,31,49,1,34,3,51,51,4,45,1
2025-26,1610612745,HOU,Houston Rockets,0022500471,2026-01-01T00:00:00,HOU @ BKN,W,48.0,132.0,131.9,104.1,107.9,27.9,24.0,0.596,2.0,21.2,0.417,0.745,0.602,0.154,0.646,0.667,91.6,90.0,75.0,91,0.654,1,1,1,1,7,6,22,8,25,12,3,19,18,10,24,6,6,51,6,1
2025-26,1610612745,HOU,Houston Rockets,0022500453,2025-12-29T00:00:00,HOU vs. IND,W,48.0,127.8,128.6,120.4,121.4,7.4,7.1,0.429,1.11,15.7,0.4,0.792,0.614,0.194,0.651,0.673,98.7,98.0,81.67,98,0.533,1,1,1,1,7,8,45,22,53,46,40,25,5,7,45,4,5,20,24,1
2025-26,1610612745,HOU,Houston Rockets,0022500438,2025-12-27T00:00:00,HOU vs. CLE,W,48.0,121.6,119.4,99.2,104.2,22.4,15.2,0.628,1.59,18.2,0.46,0.69,0.583,0.173,0.58,0.602,98.5,97.0,80.83,98,0.597,1,1,1,1,7,19,13,13,15,27,19,12,30,15,37,12,14,26,14,1
2025-26,1610612745,HOU,Houston Rockets,0022500012,2025-12-25T00:00:00,HOU @ LAL,W,48.0,122.2,130.8,105.7,105.5,16.5,25.3,0.5,1.5,17.0,0.565,0.775,0.663,0.176,0.578,0.605,94.1,91.0,75.83,91,0.629,1,1,1,1,7,7,14,6,42,28,29,1,10,2,39,14,12,47,8,1
2025-26,1610612745,HOU,Houston Rockets,0022500422,2025-12-23T00:00:00,HOU @ LAC,L,48.0,117.5,120.0,137.8,142.2,-20.3,-22.2,0.581,1.92,19.1,0.348,0.75,0.524,0.144,0.552,0.575,92.4,90.0,75.0,90,0.429,1,34,34,34,7,17,53,51,29,14,13,42,16,35,20,22,26,51,48,1
2025-26,1610612745,HOU,Houston Rockets,0022500401,2025-12-21T00:00:00,HOU @ SAC,L,53.0,116.4,119.2,120.4,119.0,-4.0,0.2,0.689,2.07,20.5,0.315,0.6,0.465,0.144,0.564,0.593,95.3,94.64,78.87,104,0.501,1,34,34,34,2,20,41,34,5,11,7,45,49,51,19,17,20,36,32,1
2025-26,1610612745,HOU,Houston Rockets,0022500386,2025-12-20T00:00:00,HOU @ DEN,W,48.0,118.4,117.3,97.9,104.1,20.5,13.2,0.615,1.26,18.0,0.268,0.737,0.541,0.194,0.63,0.66,100.1,97.5,81.25,98,0.59,1,1,1,1,7,25,12,15,19,42,20,51,21,31,45,7,7,24,15,1
2025-26,1610612745,HOU,Houston Rockets,0022500375,2025-12-18T00:00:00,HOU @ NOP,L,53.0,112.4,118.5,122.8,123.1,-10.4,-4.6,0.6,1.5,18.0,0.517,0.66,0.584,0.185,0.514,0.538,100.6,97.81,81.51,108,0.46,1,34,34,34,2,21,47,41,24,28,21,3,35,14,41,33,37,23,41,1
2025-26,1610612745,HOU,Houston Rockets,0022501225,2025-12-15T00:00:00,HOU @ DEN,L,53.0,115.3,121.4,123.6,124.3,-8.4,-2.9,0.617,1.81,19.3,0.353,0.778,0.552,0.155,0.57,0.598,96.0,93.28,77.74,103,0.499,1,34,34,34,2,13,49,37,18,18,11,39,8,24,25,16,16,43,33,1
2025-26,1610612745,HOU,Houston Rockets,0022501205,2025-12-11T00:00:00,HOU vs. LAC,W,48.0,115.9,119.8,117.2,118.9,-1.3,0.8,0.605,1.37,17.4,0.538,0.786,0.649,0.198,0.527,0.562,97.8,95.5,79.58,96,0.487,1,1,1,1,7,18,40,33,21,33,26,2,6,3,47,31,31,33,35,1
2025-26,1610612745,HOU,Houston Rockets,0022500356,2025-12-06T00:00:00,HOU @ DAL,L,48.0,112.7,114.7,126.0,129.8,-13.3,-15.1,0.5,1.1,16.2,0.444,0.697,0.551,0.211,0.563,0.588,96.8,94.5,78.75,95,0.411,1,34,34,34,7,30,52,49,42,47,36,15,28,26,49,18,22,38,49,1
2025-26,1610612745,HOU,Houston Rockets,0022500346,2025-12-05T00:00:00,HOU vs. PHX,W,48.0,115.4,118.2,92.1,100.0,23.3,18.2,0.556,1.09,18.8,0.313,0.619,0.516,0.232,0.658,0.693,103.9,98.5,82.08,99,0.693,1,1,1,1,7,22,5,11,32,48,16,46,45,38,52,3,2,18,1,1
2025-26,1610612745,HOU,Houston Rockets,0022500330,2025-12-03T00:00:00,HOU vs. SAC,W,48.0,118.0,121.0,92.8,95.0,25.2,26.0,0.5,1.33,16.4,0.511,0.738,0.642,0.18,0.555,0.596,102.5,100.0,83.33,100,0.684,1,1,1,1,7,14,1,4,42,36,33,5,20,5,40,21,19,8,2,1
2025-26,1610612745,HOU,Houston Rockets,0022500316,2025-12-01T00:00:00,HOU @ UTA,L,48.0,115.7,116.8,125.8,123.1,-10.1,-6.3,0.659,2.08,17.8,0.305,0.66,0.468,0.121,0.495,0.563,106.9,107.5,89.58,107,0.455,1,34,34,34,7,26,47,44,8,9,22,48,36,50,9,40,30,1,43,1
2025-26,1610612745,HOU,Houston Rockets,0022500301,2025-11-30T00:00:00,HOU @ UTA,W,48.0,125.8,126.5,98.4,99.0,27.4,27.5,0.652,1.88,20.0,0.4,0.76,0.589,0.157,0.592,0.635,102.6,102.0,85.0,102,0.627,1,1,1,1,7,10,4,3,11,16,10,25,13,12,27,9,9,4,9,1
2025-26,1610612745,HOU,Houston Rockets,0022500066,2025-11-26T00:00:00,HOU @ GSW,W,48.0,110.0,114.3,106.1,109.9,3.9,4.4,0.615,2.4,16.3,0.485,0.625,0.544,0.11,0.449,0.475,94.4,91.0,75.83,91,0.481,1,1,1,1,7,31,25,30,19,7,35,7,43,30,6,48,49,47,36,1
2025-26,1610612745,HOU,Houston Rockets,0022500290,2025-11-24T00:00:00,HOU @ PHX,W,48.0,114.6,122.6,95.5,96.8,19.1,25.7,0.605,1.63,19.1,0.362,0.635,0.505,0.172,0.563,0.597,97.9,94.0,78.33,93,0.671,1,1,1,1,7,12,3,5,21,24,12,37,42,42,36,19,17,39,4,1
2025-26,1610612745,HOU,Houston Rockets,0022500054,2025-11-21T00:00:00,HOU vs. DEN,L,48.0,109.2,116.0,121.9,119.1,-12.7,-3.2,0.512,1.31,15.2,0.439,0.615,0.51,0.17,0.516,0.535,95.8,94.0,78.33,94,0.409,1,34,34,34,7,29,42,38,41,39,42,16,46,40,34,32,40,39,50,1
2025-26,1610612745,HOU,Houston Rockets,0022500255,2025-11-19T00:00:00,HOU @ CLE,W,48.0,115.3,117.5,107.1,107.2,8.2,10.3,0.561,1.77,16.5,0.392,0.771,0.576,0.134,0.506,0.559,98.0,97.0,80.83,97,0.568,1,1,1,1,7,24,20,16,30,20,32,29,11,17,12,36,33,26,18,1
2025-26,1610612745,HOU,Houston Rockets,0022500236,2025-11-16T00:00:00,HOU vs. ORL,W,53.0,107.6,111.4,107.7,106.6,-0.1,4.8,0.452,1.27,13.0,0.367,0.776,0.568,0.143,0.46,0.519,96.8,95.55,79.62,105,0.504,1,1,1,1,2,38,16,29,52,41,51,36,9,18,17,47,43,32,31,1
2025-26,1610612745,HOU,Houston Rockets,0022500042,2025-11-14T00:00:00,HOU vs. POR,W,48.0,138.9,138.6,110.6,116.0,28.3,22.6,0.491,4.33,17.4,0.4,0.623,0.509,0.059,0.58,0.61,102.8,100.5,83.75,101,0.631,1,1,1,1,7,2,36,9,46,2,26,25,44,41,1,11,11,7,7,1
2025-26,1610612745,HOU,Houston Rockets,0022500218,2025-11-12T00:00:00,HOU vs. WAS,W,48.0,137.6,136.4,111.6,112.0,26.0,24.4,0.627,2.67,21.2,0.408,0.736,0.578,0.121,0.62,0.636,99.2,99.5,82.92,99,0.618,1,1,1,1,7,4,27,7,16,4,4,22,22,16,8,8,8,11,11,1
2025-26,1610612745,HOU,Houston Rockets,0022500191,2025-11-09T00:00:00,HOU @ MIL,W,48.0,125.5,127.1,120.3,118.6,5.1,8.5,0.5,1.33,16.9,0.512,0.786,0.647,0.188,0.589,0.615,96.4,96.5,80.42,96,0.528,1,1,1,1,7,9,39,18,42,36,30,4,6,4,43,10,10,29,26,1
2025-26,1610612745,HOU,Houston Rockets,0022500032,2025-11-07T00:00:00,HOU @ SAS,L,48.0,108.7,111.1,116.3,119.8,-7.7,-8.7,0.641,1.04,17.5,0.417,0.583,0.5,0.242,0.535,0.584,102.6,100.0,83.33,99,0.434,1,34,34,34,7,39,43,46,12,52,25,19,50,44,53,30,25,8,46,1
2025-26,1610612745,HOU,Houston Rockets,0022500176,2025-11-05T00:00:00,HOU @ MEM,W,48.0,116.0,118.1,102.4,103.8,13.5,14.3,0.604,2.23,19.1,0.351,0.712,0.534,0.124,0.54,0.569,106.7,105.0,87.5,105,0.563,1,1,1,1,7,23,11,14,23,8,14,40,26,32,10,27,28,2,19,1
2025-26,1610612745,HOU,Houston Rockets,0022500160,2025-11-03T00:00:00,HOU vs. DAL,W,48.0,105.6,106.8,99.2,100.0,6.3,6.8,0.561,1.35,15.9,0.375,0.755,0.56,0.165,0.506,0.538,103.5,102.5,85.42,103,0.538,1,1,1,1,7,47,5,25,30,35,37,33,15,21,32,35,38,3,22,1
2025-26,1610612745,HOU,Houston Rockets,0022500146,2025-11-01T00:00:00,HOU @ BOS,W,48.0,127.5,132.0,98.9,103.1,28.5,28.9,0.714,1.5,21.3,0.385,0.672,0.563,0.206,0.669,0.693,101.2,97.5,81.25,97,0.676,1,1,1,1,7,5,9,2,3,28,2,30,34,20,48,2,3,24,3,1
2025-26,1610612745,HOU,Houston Rockets,0022500131,2025-10-29T00:00:00,HOU @ TOR,W,48.0,136.3,137.6,121.8,119.8,14.5,17.8,0.62,1.82,20.5,0.5,0.864,0.695,0.168,0.649,0.682,100.7,101.0,84.17,101,0.614,1,1,1,1,7,3,43,12,17,17,7,6,2,1,33,5,4,6,12,1
2025-26,1610612745,HOU,Houston Rockets,0022500116,2025-10-27T00:00:00,HOU vs. BKN,W,48.0,140.6,148.9,117.3,117.2,23.3,31.7,0.673,3.3,23.6,0.395,0.608,0.517,0.109,0.671,0.71,95.2,92.5,77.08,92,0.661,1,1,1,1,7,1,37,1,7,3,1,28,47,37,5,1,1,45,5,1
2025-26,1610612745,HOU,Houston Rockets,0022500093,2025-10-24T00:00:00,HOU vs. DET,L,48.0,109.8,111.0,111.5,115.0,-1.7,-4.0,0.469,1.07,11.1,0.351,0.608,0.472,0.14,0.446,0.533,102.1,100.0,83.33,100,0.468,1,34,34,34,7,40,34,40,51,49,53,40,47,48,14,49,41,8,39,1
2025-26,1610612745,HOU,Houston Rockets,0022500001,2025-10-21T00:00:00,HOU @ OKC,L,58.0,103.6,107.8,107.8,112.6,-4.1,-4.8,0.535,0.92,13.9,0.482,0.717,0.603,0.217,0.5,0.56,97.5,93.52,77.93,115,0.479,1,34,34,34,1,45,29,42,35,53,48,8,25,9,50,38,32,42,37,1
2025-26,1610612746,LAC,LA Clippers,0022500782,2026-02-11T00:00:00,LAC @ HOU,W,48.0,113.6,112.9,104.2,110.9,9.4,2.0,0.583,1.91,16.9,0.25,0.565,0.411,0.118,0.539,0.594,95.2,92.5,77.08,93,0.535,1,1,1,1,3,35,22,23,32,14,36,35,51,51,11,34,27,45,20,1
2025-26,1610612746,LAC,LA Clippers,0022500772,2026-02-10T00:00:00,LAC @ HOU,L,48.0,102.0,102.2,107.5,109.7,-5.4,-7.5,0.667,2.0,17.6,0.351,0.674,0.495,0.129,0.455,0.484,94.0,93.0,77.5,93,0.463,1,27,27,27,3,48,21,35,11,13,27,8,31,21,17,53,53,41,33,1
2025-26,1610612746,LAC,LA Clippers,0022500760,2026-02-08T00:00:00,LAC @ MIN,W,48.0,120.6,118.6,92.6,98.0,28.1,20.6,0.641,1.67,19.2,0.205,0.62,0.438,0.155,0.605,0.651,99.5,97.5,81.25,97,0.641,1,1,1,1,3,21,6,7,16,22,15,51,40,47,27,9,10,20,6,1
2025-26,1610612746,LAC,LA Clippers,0022500746,2026-02-06T00:00:00,LAC @ SAC,W,48.0,116.5,115.2,110.3,114.4,6.3,0.7,0.595,1.38,16.9,0.225,0.679,0.484,0.162,0.585,0.656,99.3,98.0,81.67,99,0.537,1,1,1,1,3,31,29,26,30,38,37,47,29,27,32,18,7,16,19,1
2025-26,1610612746,LAC,LA Clippers,0022500732,2026-02-04T00:00:00,LAC vs. CLE,L,48.0,88.1,91.9,124.3,125.3,-36.2,-33.3,0.541,0.83,15.4,0.256,0.692,0.495,0.242,0.5,0.534,101.5,99.0,82.5,99,0.344,1,27,27,27,3,53,40,53,41,52,42,33,26,22,53,47,51,11,53,1
2025-26,1610612746,LAC,LA Clippers,0022500715,2026-02-02T00:00:00,LAC vs. PHI,L,48.0,118.0,121.5,133.8,134.7,-15.8,-13.2,0.522,1.71,19.2,0.222,0.615,0.455,0.151,0.647,0.651,95.7,94.0,78.33,93,0.452,1,27,27,27,3,15,51,39,46,20,16,48,42,40,24,5,11,37,37,1
2025-26,1610612746,LAC,LA Clippers,0022500709,2026-02-01T00:00:00,LAC @ PHX,W,48.0,115.9,123.2,97.0,98.9,18.9,24.2,0.581,1.39,17.6,0.49,0.8,0.667,0.189,0.572,0.597,98.4,94.5,78.75,95,0.677,1,1,1,1,3,14,7,4,33,36,29,1,4,1,42,20,25,34,3,1
2025-26,1610612746,LAC,LA Clippers,0022500695,2026-01-30T00:00:00,LAC @ DEN,L,48.0,116.9,116.0,131.1,129.8,-14.2,-13.8,0.725,3.22,21.5,0.24,0.75,0.453,0.096,0.547,0.572,93.2,94.0,78.33,94,0.416,1,27,27,27,3,26,45,40,2,3,3,43,11,42,3,28,39,37,46,1
2025-26,1610612746,LAC,LA Clippers,0022500670,2026-01-27T00:00:00,LAC @ UTA,W,48.0,119.5,119.8,104.8,109.6,14.6,10.2,0.659,2.45,19.6,0.34,0.696,0.51,0.115,0.568,0.591,97.2,95.0,79.17,96,0.534,1,1,1,1,3,19,19,16,13,8,13,11,22,17,10,21,28,32,21,1
2025-26,1610612746,LAC,LA Clippers,0022500656,2026-01-25T00:00:00,LAC vs. BKN,W,48.0,122.6,123.5,85.6,87.3,37.0,36.3,0.455,1.05,15.3,0.243,0.793,0.579,0.186,0.641,0.694,103.4,102.0,85.0,102,0.68,1,1,1,1,3,13,1,2,52,48,44,41,8,3,41,6,5,9,2,1
2025-26,1610612746,LAC,LA Clippers,0022500633,2026-01-22T00:00:00,LAC vs. LAL,W,48.0,111.7,115.5,104.1,105.1,7.6,10.4,0.575,1.15,16.9,0.356,0.796,0.585,0.206,0.548,0.601,100.1,98.0,81.67,97,0.516,1,1,1,1,3,28,12,15,34,46,39,6,7,2,48,27,23,16,23,1
2025-26,1610612746,LAC,LA Clippers,0022500614,2026-01-20T00:00:00,LAC @ CHI,L,48.0,105.3,107.8,137.6,132.7,-32.3,-24.8,0.558,1.5,17.3,0.26,0.744,0.484,0.157,0.522,0.553,102.4,103.0,85.83,102,0.376,1,27,27,27,3,43,49,51,37,30,33,31,12,27,29,40,45,6,52,1
2025-26,1610612746,LAC,LA Clippers,0022500608,2026-01-19T00:00:00,LAC @ WAS,W,48.0,111.4,112.2,105.3,107.1,6.1,5.2,0.556,1.25,15.2,0.304,0.585,0.455,0.163,0.494,0.581,99.7,98.5,82.08,98,0.545,1,1,1,1,3,36,14,20,38,42,45,21,46,40,33,50,34,13,16,1
2025-26,1610612746,LAC,LA Clippers,0022500590,2026-01-16T00:00:00,LAC @ TOR,W,53.0,118.4,115.2,112.0,113.6,6.4,1.6,0.61,1.56,18.0,0.22,0.714,0.489,0.152,0.601,0.656,93.6,94.19,78.49,105,0.547,1,1,1,1,2,29,27,25,25,28,24,49,18,25,25,10,8,36,15,1
2025-26,1610612746,LAC,LA Clippers,0022500577,2026-01-14T00:00:00,LAC vs. WAS,W,48.0,121.6,124.0,107.7,108.2,13.9,15.7,0.641,2.5,19.1,0.227,0.725,0.495,0.104,0.554,0.627,97.7,96.5,80.42,96,0.577,1,1,1,1,3,11,16,11,16,6,18,45,15,22,5,24,19,24,10,1
2025-26,1610612746,LAC,LA Clippers,0022500563,2026-01-12T00:00:00,LAC vs. CHA,W,48.0,120.3,124.5,114.2,116.0,6.2,8.5,0.537,4.4,17.2,0.226,0.681,0.44,0.053,0.543,0.578,96.4,94.0,78.33,94,0.494,1,1,1,1,3,9,31,17,42,2,34,46,28,46,2,31,36,37,29,1
2025-26,1610612746,LAC,LA Clippers,0022500544,2026-01-10T00:00:00,LAC @ DET,W,48.0,96.2,98.0,89.3,92.0,6.9,6.0,0.548,0.77,13.3,0.261,0.585,0.434,0.22,0.507,0.558,102.4,100.0,83.33,100,0.532,1,1,1,1,3,50,2,18,40,53,52,30,46,48,51,44,41,10,22,1
2025-26,1610612746,LAC,LA Clippers,0022500535,2026-01-09T00:00:00,LAC @ BKN,W,48.0,128.2,130.1,107.3,112.9,20.9,17.2,0.622,1.75,21.5,0.313,0.574,0.484,0.172,0.684,0.717,96.1,93.0,77.5,93,0.616,1,1,1,1,3,6,25,10,22,19,2,19,49,27,37,2,4,41,7,1
2025-26,1610612746,LAC,LA Clippers,0022500522,2026-01-07T00:00:00,LAC @ NYK,L,48.0,116.4,120.7,126.2,130.9,-9.8,-10.2,0.525,2.1,16.0,0.34,0.529,0.433,0.109,0.516,0.553,96.4,93.0,77.5,92,0.429,1,27,27,27,3,16,46,37,45,12,40,12,53,49,8,41,44,41,42,1
2025-26,1610612746,LAC,LA Clippers,0022500508,2026-01-05T00:00:00,LAC vs. GSW,W,48.0,102.8,106.2,103.2,104.1,-0.4,2.1,0.676,1.25,18.9,0.244,0.721,0.529,0.206,0.545,0.597,99.6,97.5,81.25,97,0.509,1,1,1,1,3,45,10,22,8,42,19,40,17,14,48,29,26,20,26,1
2025-26,1610612746,LAC,LA Clippers,0022500493,2026-01-03T00:00:00,LAC vs. BOS,L,48.0,123.0,123.7,154.7,158.7,-31.7,-35.0,0.619,2.6,20.0,0.256,0.545,0.402,0.108,0.589,0.629,93.9,92.5,77.08,93,0.413,1,27,27,27,3,12,54,54,24,5,11,33,52,52,7,16,17,45,48,1
2025-26,1610612746,LAC,LA Clippers,0022500475,2026-01-01T00:00:00,LAC vs. UTA,W,48.0,121.1,120.4,98.8,103.1,22.3,17.3,0.5,1.54,14.6,0.373,0.739,0.546,0.133,0.539,0.587,99.8,98.0,81.67,98,0.576,1,1,1,1,3,18,9,9,49,29,48,4,13,9,20,33,31,16,11,1
2025-26,1610612746,LAC,LA Clippers,0022500461,2025-12-30T00:00:00,LAC vs. SAC,W,48.0,134.9,137.9,92.6,95.7,42.3,42.2,0.63,7.25,20.6,0.37,0.694,0.537,0.042,0.589,0.629,97.1,94.5,78.75,95,0.716,1,1,1,1,3,2,4,1,20,1,6,5,24,12,1,17,16,34,1,1
2025-26,1610612746,LAC,LA Clippers,0022500445,2025-12-28T00:00:00,LAC vs. DET,W,48.0,122.1,120.4,107.2,107.6,14.8,12.8,0.514,1.5,14.8,0.25,0.653,0.462,0.129,0.56,0.638,92.0,92.5,77.08,93,0.543,1,1,1,1,3,17,15,14,47,30,46,35,34,38,17,22,14,45,17,1
2025-26,1610612746,LAC,LA Clippers,0022500431,2025-12-26T00:00:00,LAC @ POR,W,48.0,129.9,132.2,112.3,112.0,17.5,20.3,0.6,1.62,18.1,0.143,0.638,0.427,0.144,0.652,0.72,91.7,91.0,75.83,90,0.572,1,1,1,1,3,5,24,8,28,25,23,54,38,50,22,4,3,50,12,1
2025-26,1610612746,LAC,LA Clippers,0022500422,2025-12-23T00:00:00,LAC vs. HOU,W,48.0,137.8,142.2,117.5,120.0,20.3,22.2,0.595,2.5,20.2,0.25,0.652,0.476,0.111,0.675,0.72,92.4,90.0,75.0,90,0.571,1,1,1,1,3,1,34,6,29,6,9,35,35,33,9,3,2,52,13,1
2025-26,1610612746,LAC,LA Clippers,0022500395,2025-12-20T00:00:00,LAC vs. LAL,W,48.0,108.6,110.8,92.5,95.7,16.1,15.1,0.647,1.16,16.9,0.348,0.724,0.558,0.204,0.525,0.58,95.0,92.5,77.08,93,0.615,1,1,1,1,3,38,3,12,15,45,37,9,16,7,46,35,35,45,8,1
2025-26,1610612746,LAC,LA Clippers,0022500369,2025-12-18T00:00:00,LAC @ OKC,L,48.0,95.6,94.4,112.9,114.0,-17.3,-19.6,0.676,0.86,17.4,0.279,0.8,0.571,0.271,0.553,0.589,106.9,107.0,89.17,107,0.43,1,27,27,27,3,52,28,48,8,51,32,24,4,5,54,25,29,1,40,1
2025-26,1610612746,LAC,LA Clippers,0022501226,2025-12-15T00:00:00,LAC vs. MEM,L,48.0,107.7,113.2,126.7,131.5,-19.1,-18.3,0.703,1.37,19.1,0.422,0.643,0.529,0.209,0.544,0.574,95.6,91.5,76.25,91,0.41,1,27,27,27,3,34,47,47,5,39,17,2,37,15,50,30,37,49,49,1
2025-26,1610612746,LAC,LA Clippers,0022501205,2025-12-11T00:00:00,LAC @ HOU,L,48.0,117.2,118.9,115.9,119.8,1.3,-0.8,0.641,1.67,19.4,0.214,0.462,0.351,0.158,0.59,0.632,97.8,95.5,79.58,95,0.513,1,27,27,27,3,20,33,29,16,22,14,50,54,54,30,15,15,30,24,1
2025-26,1610612746,LAC,LA Clippers,0022500355,2025-12-06T00:00:00,LAC @ MIN,L,48.0,109.3,115.2,119.8,121.1,-10.6,-5.9,0.4,1.45,12.8,0.354,0.8,0.542,0.12,0.524,0.552,94.0,91.0,75.83,92,0.414,1,27,27,27,3,30,37,34,53,34,53,7,4,11,12,38,46,50,47,1
2025-26,1610612746,LAC,LA Clippers,0022500347,2025-12-05T00:00:00,LAC @ MEM,L,48.0,98.5,100.0,109.3,109.2,-10.8,-9.2,0.629,1.29,17.2,0.17,0.846,0.477,0.173,0.525,0.56,98.7,98.0,81.67,98,0.429,1,27,27,27,3,49,18,36,21,41,34,53,1,32,38,35,40,16,41,1
2025-26,1610612746,LAC,LA Clippers,0022500327,2025-12-03T00:00:00,LAC @ ATL,W,48.0,118.8,118.6,91.9,95.8,26.9,22.7,0.659,2.42,20.4,0.333,0.792,0.574,0.124,0.551,0.588,98.5,96.5,80.42,97,0.646,1,1,1,1,3,21,5,5,12,9,7,13,9,4,16,26,30,24,5,1
2025-26,1610612746,LAC,LA Clippers,0022500313,2025-12-01T00:00:00,LAC @ MIA,L,48.0,110.4,116.0,131.7,132.1,-21.3,-16.0,0.535,1.77,15.6,0.316,0.714,0.5,0.123,0.495,0.552,108.8,106.0,88.33,106,0.437,1,27,27,27,3,25,48,45,43,18,41,18,18,20,14,48,47,2,39,1
2025-26,1610612746,LAC,LA Clippers,0022500300,2025-11-29T00:00:00,LAC vs. DAL,L,48.0,103.2,104.8,106.2,109.6,-3.1,-4.9,0.676,1.39,17.7,0.244,0.846,0.567,0.171,0.506,0.587,107.0,104.5,87.08,105,0.496,1,27,27,27,3,47,20,33,8,36,25,39,1,6,36,46,32,4,28,1
2025-26,1610612746,LAC,LA Clippers,0022500079,2025-11-28T00:00:00,LAC vs. MEM,L,48.0,103.6,109.2,114.7,113.1,-11.0,-3.9,0.5,1.46,14.6,0.25,0.635,0.442,0.133,0.494,0.545,100.5,98.5,82.08,98,0.469,1,27,27,27,3,41,26,32,49,33,47,35,39,44,20,49,50,13,31,1
2025-26,1610612746,LAC,LA Clippers,0022500059,2025-11-25T00:00:00,LAC @ LAL,L,48.0,117.3,124.2,138.5,139.2,-21.2,-15.0,0.571,1.5,18.2,0.325,0.571,0.451,0.168,0.599,0.644,99.0,96.0,80.0,95,0.418,1,27,27,27,3,10,53,42,35,30,22,16,50,43,35,12,12,28,44,1
2025-26,1610612746,LAC,LA Clippers,0022500278,2025-11-23T00:00:00,LAC @ CLE,L,48.0,110.0,109.4,117.9,123.7,-7.9,-14.3,0.622,1.44,17.6,0.267,0.674,0.473,0.167,0.513,0.574,98.6,96.5,80.42,96,0.446,1,27,27,27,3,40,39,41,23,35,31,29,31,35,34,42,38,24,38,1
2025-26,1610612746,LAC,LA Clippers,0022500268,2025-11-22T00:00:00,LAC @ CHA,W,48.0,131.6,135.1,120.3,120.8,11.3,14.2,0.652,3.0,20.8,0.391,0.696,0.543,0.103,0.617,0.651,98.0,96.5,80.42,97,0.561,1,1,1,1,3,3,35,13,14,4,5,3,22,10,4,8,9,24,14,1
2025-26,1610612746,LAC,LA Clippers,0022500264,2025-11-20T00:00:00,LAC @ ORL,L,48.0,93.2,96.2,124.6,122.9,-31.4,-26.7,0.556,0.95,14.4,0.278,0.7,0.481,0.2,0.483,0.519,106.0,105.0,87.5,105,0.336,1,27,27,27,3,51,38,52,38,50,50,26,21,30,45,51,52,3,54,1
2025-26,1610612746,LAC,LA Clippers,0022500243,2025-11-17T00:00:00,LAC @ PHI,L,48.0,107.1,113.7,113.2,115.8,-6.1,-2.1,0.514,1.8,14.4,0.231,0.712,0.471,0.105,0.471,0.546,99.0,95.0,79.17,95,0.455,1,27,27,27,54,32,30,30,47,17,49,44,20,36,6,52,49,31,34,1
2025-26,1610612746,LAC,LA Clippers,0022500233,2025-11-16T00:00:00,LAC @ BOS,L,48.0,120.2,125.5,125.4,128.7,-5.3,-3.2,0.605,1.64,17.7,0.341,0.6,0.49,0.149,0.556,0.626,97.3,94.0,78.33,94,0.503,1,27,27,27,3,8,44,31,27,24,26,10,45,24,23,23,20,37,27,1
2025-26,1610612746,LAC,LA Clippers,0022500046,2025-11-14T00:00:00,LAC @ DAL,W,58.0,104.9,106.4,97.9,102.4,7.0,4.0,0.489,0.96,13.8,0.241,0.678,0.469,0.184,0.542,0.6,106.2,103.03,85.86,125,0.537,1,1,1,1,1,44,8,21,51,49,51,42,30,37,40,32,24,5,18,1
2025-26,1610612746,LAC,LA Clippers,0022500224,2025-11-12T00:00:00,LAC vs. DEN,L,48.0,120.4,118.4,129.5,134.0,-9.1,-15.7,0.683,1.87,20.3,0.273,0.619,0.442,0.153,0.583,0.628,98.4,97.5,81.25,98,0.423,1,27,27,27,3,23,50,43,7,15,8,28,41,45,26,19,18,20,43,1
2025-26,1610612746,LAC,LA Clippers,0022500206,2025-11-10T00:00:00,LAC vs. ATL,L,48.0,108.5,110.9,107.4,111.7,1.1,-0.8,0.528,1.58,15.3,0.26,0.694,0.475,0.13,0.512,0.548,95.9,93.0,77.5,92,0.475,1,27,27,27,3,37,23,28,44,27,43,31,24,34,19,43,48,41,30,1
2025-26,1610612746,LAC,LA Clippers,0022500190,2025-11-08T00:00:00,LAC vs. PHX,L,48.0,113.3,115.7,122.3,126.7,-9.0,-10.9,0.634,2.36,21.3,0.184,0.578,0.398,0.124,0.597,0.606,92.1,89.5,74.58,89,0.454,1,27,27,27,3,27,42,38,19,10,4,52,48,53,15,13,22,53,35,1
2025-26,1610612746,LAC,LA Clippers,0022500182,2025-11-06T00:00:00,LAC @ PHX,L,48.0,106.0,105.2,113.5,121.1,-7.4,-15.9,0.686,1.6,17.6,0.333,0.611,0.48,0.155,0.506,0.553,98.8,96.0,80.0,97,0.467,1,27,27,27,3,46,36,44,6,26,27,13,43,31,27,45,43,28,32,1
2025-26,1610612746,LAC,LA Clippers,0022500170,2025-11-04T00:00:00,LAC vs. OKC,L,48.0,106.1,109.2,127.7,127.3,-21.6,-18.1,0.788,1.37,18.8,0.298,0.773,0.527,0.194,0.525,0.582,99.8,98.5,82.08,98,0.417,1,27,27,27,3,41,43,46,1,39,20,23,10,16,43,35,33,13,45,1
2025-26,1610612746,LAC,LA Clippers,0022500164,2025-11-03T00:00:00,LAC vs. MIA,L,48.0,111.9,116.7,115.9,116.5,-4.0,0.2,0.568,1.19,17.6,0.319,0.81,0.551,0.206,0.597,0.617,105.0,102.5,85.42,102,0.452,1,27,27,27,3,24,32,27,36,44,29,17,3,8,47,14,21,7,36,1
2025-26,1610612746,LAC,LA Clippers,0022500027,2025-10-31T00:00:00,LAC vs. NOP,W,48.0,125.7,127.3,125.6,125.3,0.1,2.0,0.609,2.33,20.1,0.279,0.689,0.489,0.121,0.601,0.641,99.5,99.0,82.5,99,0.51,1,1,1,1,3,7,40,24,26,11,10,24,27,26,13,11,13,11,25,1
2025-26,1610612746,LAC,LA Clippers,0022500127,2025-10-28T00:00:00,LAC @ GSW,L,48.0,85.8,88.8,108.0,108.9,-22.1,-20.1,0.333,0.63,8.7,0.308,0.729,0.51,0.18,0.402,0.444,91.4,89.5,74.58,89,0.392,1,27,27,27,3,54,17,49,54,54,54,20,14,19,39,54,54,53,50,1
2025-26,1610612746,LAC,LA Clippers,0022500112,2025-10-26T00:00:00,LAC vs. POR,W,48.0,110.0,110.7,101.9,104.9,8.1,5.8,0.591,1.08,18.7,0.278,0.645,0.51,0.233,0.625,0.658,104.3,102.5,85.42,103,0.59,1,1,1,1,3,39,11,19,31,47,21,26,36,18,52,7,6,7,9,1
2025-26,1610612746,LAC,LA Clippers,0022500099,2025-10-24T00:00:00,LAC vs. PHX,W,48.0,133.8,133.0,102.4,105.2,31.4,27.8,0.711,1.68,23.0,0.303,0.667,0.533,0.196,0.697,0.738,98.0,97.0,80.83,97,0.674,1,1,1,1,3,4,13,3,4,21,1,22,33,13,44,1,1,23,4,1
2025-26,1610612746,LAC,LA Clippers,0022500087,2025-10-22T00:00:00,LAC @ UTA,L,48.0,111.1,113.7,134.7,135.8,-23.6,-22.1,0.718,1.87,20.0,0.333,0.61,0.457,0.158,0.523,0.555,96.5,95.0,79.17,95,0.379,1,27,27,27,3,32,52,50,3,15,11,13,44,39,30,39,42,32,51,1
2025-26,1610612747,LAL,Los Angeles Lakers,0022500791,2026-02-12T00:00:00,LAL vs. DAL,W,48.0,126.2,124.0,103.0,104.0,23.3,20.0,0.729,2.69,24.0,0.268,0.814,0.548,0.13,0.616,0.651,99.6,100.0,83.33,100,0.624,1,1,1,1,1,12,8,6,7,6,2,32,6,8,18,10,11,25,3,1
2025-26,1610612747,LAL,Los Angeles Lakers,0022500774,2026-02-10T00:00:00,LAL vs. SAS,L,48.0,101.1,100.0,127.1,128.3,-26.0,-28.3,0.561,1.28,16.5,0.174,0.744,0.449,0.167,0.547,0.576,106.9,107.0,89.17,108,0.357,1,34,34,34,1,50,46,52,40,43,40,52,16,46,37,35,40,2,52,1
2025-26,1610612747,LAL,Los Angeles Lakers,0022500769,2026-02-09T00:00:00,LAL vs. OKC,L,48.0,109.9,111.1,116.9,120.2,-7.1,-9.1,0.595,1.67,18.4,0.25,0.62,0.439,0.152,0.56,0.584,100.9,99.0,82.5,99,0.461,1,34,34,34,1,36,36,35,29,27,27,38,49,50,26,32,35,29,37,1
2025-26,1610612747,LAL,Los Angeles Lakers,0022500753,2026-02-07T00:00:00,LAL vs. GSW,W,48.0,104.8,108.2,99.2,102.1,5.6,6.2,0.829,1.26,21.5,0.237,0.764,0.548,0.237,0.587,0.639,100.0,97.0,80.83,97,0.578,1,1,1,1,1,38,5,22,1,44,5,41,12,6,54,18,16,39,11,1
2025-26,1610612747,LAL,Los Angeles Lakers,0022500740,2026-02-05T00:00:00,LAL vs. PHI,W,48.0,115.7,114.4,109.4,111.7,6.3,2.8,0.614,1.23,18.9,0.324,0.829,0.59,0.212,0.614,0.655,104.0,103.5,86.25,104,0.515,1,1,1,1,1,31,16,32,21,45,22,17,4,2,50,11,10,11,31,1
2025-26,1610612747,LAL,Los Angeles Lakers,0022500719,2026-02-03T00:00:00,LAL @ BKN,W,48.0,120.0,121.4,104.6,105.8,15.4,15.5,0.543,2.08,17.7,0.292,0.642,0.475,0.117,0.582,0.612,104.2,103.0,85.83,103,0.58,1,1,1,1,1,19,11,8,44,18,34,27,45,42,13,22,28,12,9,1
2025-26,1610612747,LAL,Los Angeles Lakers,0022500708,2026-02-01T00:00:00,LAL @ NYK,L,48.0,103.8,107.5,122.0,120.4,-18.2,-12.9,0.553,1.91,16.5,0.286,0.68,0.485,0.118,0.524,0.541,94.1,93.0,77.5,93,0.421,1,34,34,34,1,40,37,39,42,21,41,28,33,36,14,42,50,52,42,1
2025-26,1610612747,LAL,Los Angeles Lakers,0022500688,2026-01-30T00:00:00,LAL @ WAS,W,48.0,135.1,135.2,105.3,105.7,29.8,29.5,0.731,2.24,24.2,0.378,0.661,0.548,0.162,0.694,0.717,105.2,105.0,87.5,105,0.67,1,1,1,1,1,6,9,1,6,14,1,5,38,6,35,2,3,7,1,1
2025-26,1610612747,LAL,Los Angeles Lakers,0022500671,2026-01-28T00:00:00,LAL @ CLE,L,48.0,102.1,102.1,130.7,133.0,-28.5,-30.9,0.538,1.31,16.4,0.217,0.617,0.419,0.165,0.537,0.557,97.8,97.0,80.83,97,0.367,1,34,34,34,1,49,52,54,45,40,43,47,50,51,36,39,44,39,50,1
2025-26,1610612747,LAL,Los Angeles Lakers,0022500661,2026-01-26T00:00:00,LAL @ CHI,W,48.0,129.3,127.7,118.1,116.8,11.2,10.9,0.565,3.25,19.8,0.098,0.833,0.47,0.079,0.659,0.681,99.8,101.0,84.17,101,0.534,1,1,1,1,1,10,30,14,38,2,16,54,2,43,2,6,8,20,25,1
2025-26,1610612747,LAL,Los Angeles Lakers,0022500648,2026-01-24T00:00:00,LAL @ DAL,W,48.0,112.9,111.5,103.0,105.8,9.8,5.8,0.65,1.63,17.6,0.333,0.733,0.544,0.154,0.522,0.564,104.8,104.0,86.67,104,0.546,1,1,1,1,1,35,10,24,13,32,35,14,21,12,28,43,43,9,21,1
2025-26,1610612747,LAL,Los Angeles Lakers,0022500633,2026-01-22T00:00:00,LAL @ LAC,L,48.0,104.1,105.1,111.7,115.5,-7.6,-10.4,0.6,2.4,18.0,0.204,0.644,0.415,0.101,0.517,0.542,100.1,98.0,81.67,99,0.484,1,34,34,34,1,46,26,36,27,10,31,48,43,52,5,46,49,35,35,1
2025-26,1610612747,LAL,Los Angeles Lakers,0022500617,2026-01-20T00:00:00,LAL @ DEN,W,48.0,114.9,122.3,112.2,112.6,2.7,9.7,0.571,1.85,18.2,0.304,0.86,0.594,0.138,0.566,0.592,97.7,94.5,78.75,94,0.533,1,1,1,1,1,16,17,15,37,22,30,22,1,1,21,30,31,47,26,1
2025-26,1610612747,LAL,Los Angeles Lakers,0022500607,2026-01-18T00:00:00,LAL vs. TOR,W,48.0,111.7,114.6,95.3,95.9,16.4,18.7,0.61,1.67,18.9,0.244,0.754,0.529,0.156,0.565,0.595,98.0,96.5,80.42,96,0.558,1,1,1,1,1,29,1,7,23,27,20,40,15,19,29,31,30,41,16,1
2025-26,1610612747,LAL,Los Angeles Lakers,0022500601,2026-01-17T00:00:00,LAL @ POR,L,48.0,113.5,116.0,127.0,132.0,-13.5,-16.0,0.595,1.67,18.5,0.222,0.571,0.391,0.15,0.571,0.615,103.1,100.0,83.33,100,0.425,1,34,34,34,1,28,50,44,29,27,25,46,51,53,24,27,24,25,41,1
2025-26,1610612747,LAL,Los Angeles Lakers,0022500586,2026-01-15T00:00:00,LAL vs. CHA,L,48.0,116.9,118.2,137.7,137.8,-20.8,-19.6,0.419,2.0,13.5,0.296,0.643,0.448,0.091,0.538,0.567,99.1,98.5,82.08,99,0.396,1,34,34,34,1,24,53,46,54,19,51,25,44,48,3,37,42,32,45,1
2025-26,1610612747,LAL,Los Angeles Lakers,0022500569,2026-01-13T00:00:00,LAL vs. ATL,W,48.0,138.0,138.2,113.8,114.9,24.2,23.4,0.75,2.25,23.7,0.368,0.737,0.589,0.157,0.693,0.733,102.1,101.5,84.58,102,0.614,1,1,1,1,1,3,22,3,5,13,3,7,18,3,30,3,2,17,4,1
2025-26,1610612747,LAL,Los Angeles Lakers,0022500562,2026-01-12T00:00:00,LAL @ SAC,L,48.0,118.7,117.9,127.6,129.2,-8.9,-11.3,0.512,2.1,16.2,0.318,0.73,0.506,0.105,0.536,0.581,95.7,95.5,79.58,95,0.486,1,34,34,34,1,26,47,37,48,17,45,19,23,26,8,40,36,44,33,1
2025-26,1610612747,LAL,Los Angeles Lakers,0022500541,2026-01-09T00:00:00,LAL vs. MIL,L,48.0,106.1,106.3,112.1,112.9,-5.9,-6.6,0.718,2.15,19.6,0.364,0.698,0.51,0.137,0.511,0.52,94.4,94.0,78.33,95,0.462,1,34,34,34,1,43,19,34,8,16,17,8,30,25,19,47,51,49,36,1
2025-26,1610612747,LAL,Los Angeles Lakers,0022500523,2026-01-07T00:00:00,LAL @ SAS,L,48.0,88.6,89.2,105.6,107.0,-17.0,-17.8,0.471,0.94,12.3,0.259,0.809,0.505,0.167,0.448,0.476,102.0,101.0,84.17,102,0.354,1,34,34,34,1,54,12,45,50,51,53,36,7,28,37,53,53,20,53,1
2025-26,1610612747,LAL,Los Angeles Lakers,0022500514,2026-01-06T00:00:00,LAL @ NOP,W,48.0,110.7,111.0,102.1,103.0,8.7,8.0,0.698,2.0,21.1,0.261,0.704,0.5,0.15,0.571,0.589,100.6,100.0,83.33,100,0.56,1,1,1,1,1,37,7,17,9,19,8,35,28,29,24,27,32,25,14,1
2025-26,1610612747,LAL,Los Angeles Lakers,0022500501,2026-01-04T00:00:00,LAL vs. MEM,W,48.0,118.8,122.4,111.0,116.3,7.7,6.1,0.789,2.73,21.1,0.304,0.65,0.5,0.112,0.544,0.612,101.9,98.0,81.67,98,0.573,1,1,1,1,1,15,29,23,2,5,8,22,41,29,10,36,27,35,12,1
2025-26,1610612747,LAL,Los Angeles Lakers,0022500485,2026-01-02T00:00:00,LAL vs. MEM,W,48.0,122.3,120.8,107.0,115.2,15.4,5.5,0.578,1.3,18.6,0.235,0.732,0.544,0.189,0.656,0.706,108.9,105.5,87.92,106,0.557,1,1,1,1,1,20,25,25,34,41,24,42,22,10,44,7,5,6,17,1
2025-26,1610612747,LAL,Los Angeles Lakers,0022500460,2025-12-30T00:00:00,LAL vs. DET,L,48.0,100.3,102.9,124.6,126.7,-24.2,-23.8,0.757,1.33,18.9,0.347,0.758,0.512,0.204,0.518,0.554,104.2,102.0,85.0,103,0.371,1,34,34,34,1,48,43,48,3,39,21,12,14,24,49,45,46,16,49,1
2025-26,1610612747,LAL,Los Angeles Lakers,0022500446,2025-12-28T00:00:00,LAL vs. SAC,W,48.0,119.1,122.5,100.6,100.0,18.5,22.5,0.532,1.56,17.9,0.295,0.783,0.544,0.157,0.612,0.645,102.6,101.5,84.58,102,0.598,1,1,1,1,1,14,4,4,46,34,32,26,10,10,30,12,15,17,7,1
2025-26,1610612747,LAL,Los Angeles Lakers,0022500012,2025-12-25T00:00:00,LAL vs. HOU,L,48.0,105.7,105.5,122.2,130.8,-16.5,-25.3,0.487,1.19,16.0,0.225,0.435,0.337,0.176,0.578,0.587,94.1,91.0,75.83,91,0.371,1,34,34,34,1,45,48,50,49,46,46,44,54,54,42,23,33,54,48,1
2025-26,1610612747,LAL,Los Angeles Lakers,0022500418,2025-12-23T00:00:00,LAL @ PHX,L,48.0,111.6,112.5,137.8,138.9,-26.2,-26.4,0.564,1.29,16.4,0.362,0.658,0.494,0.177,0.556,0.576,96.3,95.5,79.58,96,0.363,1,34,34,34,1,34,54,51,39,42,42,9,39,33,43,34,39,44,51,1
2025-26,1610612747,LAL,Los Angeles Lakers,0022500395,2025-12-20T00:00:00,LAL @ LAC,L,48.0,92.5,95.7,108.6,110.8,-16.1,-15.1,0.471,1.45,12.9,0.276,0.652,0.442,0.12,0.42,0.448,95.0,92.5,77.08,92,0.385,1,34,34,34,1,52,14,42,50,37,52,31,40,49,16,54,54,53,47,1
2025-26,1610612747,LAL,Los Angeles Lakers,0022500379,2025-12-18T00:00:00,LAL @ UTA,W,48.0,137.3,138.8,125.4,131.1,11.9,7.8,0.653,4.57,21.3,0.327,0.735,0.531,0.068,0.597,0.649,105.9,103.0,85.83,103,0.559,1,1,1,1,1,2,49,19,12,1,6,15,19,17,1,16,13,12,15,1
2025-26,1610612747,LAL,Los Angeles Lakers,0022501228,2025-12-14T00:00:00,LAL @ PHX,W,48.0,110.6,117.2,110.7,112.9,-0.1,4.3,0.526,0.91,13.7,0.491,0.696,0.584,0.222,0.472,0.542,104.0,100.0,83.33,99,0.488,1,1,1,1,1,27,18,27,47,53,50,1,31,4,52,52,48,25,32,1
2025-26,1610612747,LAL,Los Angeles Lakers,0022501204,2025-12-10T00:00:00,LAL vs. SAS,L,48.0,116.5,113.3,125.9,126.9,-9.4,-13.6,0.628,2.45,19.6,0.14,0.771,0.449,0.105,0.586,0.613,103.5,104.5,87.08,105,0.453,1,34,34,34,1,32,44,40,15,9,18,53,11,47,7,19,25,8,39,1
2025-26,1610612747,LAL,Los Angeles Lakers,0022500362,2025-12-07T00:00:00,LAL @ PHI,W,48.0,113.3,113.1,105.4,109.1,7.8,4.0,0.61,2.5,18.8,0.191,0.647,0.461,0.101,0.559,0.578,100.7,99.0,82.5,99,0.542,1,1,1,1,1,33,13,28,23,8,23,51,42,45,5,33,37,29,22,1
2025-26,1610612747,LAL,Los Angeles Lakers,0022500338,2025-12-05T00:00:00,LAL @ BOS,L,48.0,112.0,108.2,129.5,132.6,-17.5,-24.4,0.455,1.07,12.2,0.283,0.744,0.494,0.144,0.519,0.585,95.5,96.0,80.0,97,0.396,1,34,34,34,1,38,51,49,52,49,54,30,17,33,23,44,34,42,44,1
2025-26,1610612747,LAL,Los Angeles Lakers,0022500336,2025-12-04T00:00:00,LAL @ TOR,W,48.0,127.5,132.3,120.9,127.7,6.6,4.6,0.591,2.36,19.0,0.391,0.532,0.462,0.118,0.574,0.618,97.8,93.5,77.92,93,0.484,1,1,1,1,1,8,45,26,31,11,19,3,53,44,14,26,21,50,34,1
2025-26,1610612747,LAL,Los Angeles Lakers,0022500317,2025-12-01T00:00:00,LAL vs. PHX,L,48.0,104.2,106.9,121.9,122.5,-17.7,-15.6,0.439,0.82,14.2,0.195,0.833,0.518,0.218,0.594,0.624,103.1,101.5,84.58,101,0.391,1,34,34,34,1,41,39,43,53,54,48,50,2,22,51,17,20,17,46,1
2025-26,1610612747,LAL,Los Angeles Lakers,0022500308,2025-11-30T00:00:00,LAL vs. NOP,W,48.0,130.2,134.3,121.2,122.2,8.9,12.1,0.619,2.89,18.4,0.327,0.735,0.531,0.091,0.569,0.638,101.0,99.0,82.5,99,0.569,1,1,1,1,1,7,38,11,19,3,26,15,19,17,3,29,17,29,13,1
2025-26,1610612747,LAL,Los Angeles Lakers,0022500078,2025-11-28T00:00:00,LAL vs. DAL,W,48.0,133.8,135.8,122.9,124.0,10.8,11.8,0.6,1.8,20.6,0.265,0.64,0.488,0.158,0.711,0.738,96.6,95.5,79.58,95,0.537,1,1,1,1,1,5,40,13,27,24,11,33,46,35,32,1,1,44,24,1
2025-26,1610612747,LAL,Los Angeles Lakers,0022500059,2025-11-25T00:00:00,LAL vs. LAC,W,48.0,138.5,139.2,117.3,124.2,21.2,15.0,0.58,2.64,20.1,0.429,0.675,0.549,0.113,0.649,0.686,99.0,96.0,80.0,97,0.582,1,1,1,1,1,1,41,10,32,7,14,2,35,5,11,8,7,42,8,1
2025-26,1610612747,LAL,Los Angeles Lakers,0022500282,2025-11-23T00:00:00,LAL @ UTA,W,48.0,101.0,105.9,100.1,102.9,1.0,3.0,0.605,1.64,17.2,0.204,0.719,0.481,0.137,0.5,0.552,106.4,102.5,85.42,102,0.528,1,1,1,1,1,44,6,31,25,30,37,48,26,39,20,50,47,14,27,1
2025-26,1610612747,LAL,Los Angeles Lakers,0022500253,2025-11-18T00:00:00,LAL vs. UTA,W,48.0,130.1,130.8,114.6,118.9,15.5,12.0,0.62,1.82,20.4,0.35,0.727,0.548,0.159,0.661,0.689,108.8,106.5,88.75,107,0.55,1,1,1,1,1,9,34,12,18,23,12,11,24,8,33,5,6,4,19,1
2025-26,1610612747,LAL,Los Angeles Lakers,0022500231,2025-11-15T00:00:00,LAL @ MIL,W,48.0,122.0,122.7,99.4,96.0,22.6,26.7,0.605,1.35,17.4,0.308,0.712,0.538,0.175,0.578,0.65,96.5,98.0,81.67,97,0.666,1,1,1,1,1,13,2,2,25,38,36,20,27,15,41,23,12,35,2,1
2025-26,1610612747,LAL,Los Angeles Lakers,0022500045,2025-11-14T00:00:00,LAL @ NOP,W,48.0,114.1,114.6,99.1,99.0,15.0,15.5,0.636,1.56,19.9,0.233,0.704,0.495,0.175,0.583,0.618,104.2,104.0,86.67,103,0.603,1,1,1,1,1,30,3,9,14,35,15,43,28,32,40,21,23,9,6,1
2025-26,1610612747,LAL,Los Angeles Lakers,0022500222,2025-11-12T00:00:00,LAL @ OKC,L,48.0,91.7,89.3,117.3,118.6,-25.6,-29.3,0.613,0.95,14.1,0.245,0.818,0.505,0.194,0.474,0.515,101.7,102.5,85.42,103,0.332,1,34,34,34,1,53,33,53,22,50,49,39,5,27,46,51,52,14,54,1
2025-26,1610612747,LAL,Los Angeles Lakers,0022500198,2025-11-10T00:00:00,LAL @ CHA,W,48.0,123.7,127.4,117.2,118.1,6.5,9.3,0.556,2.27,18.2,0.354,0.694,0.5,0.116,0.578,0.612,96.2,94.5,78.75,95,0.528,1,1,1,1,1,11,32,16,41,12,29,10,32,29,12,25,26,47,28,1
2025-26,1610612747,LAL,Los Angeles Lakers,0022500185,2025-11-08T00:00:00,LAL @ ATL,L,48.0,105.4,103.0,119.8,124.5,-14.4,-21.5,0.622,1.15,16.8,0.319,0.761,0.538,0.202,0.531,0.568,99.3,98.5,82.08,99,0.414,1,34,34,34,1,47,42,47,16,47,39,18,13,16,48,41,41,32,43,1
2025-26,1610612747,LAL,Los Angeles Lakers,0022500179,2025-11-05T00:00:00,LAL vs. SAS,W,48.0,113.1,118.0,113.1,114.9,0.0,3.1,0.622,1.64,16.2,0.388,0.721,0.543,0.14,0.506,0.576,103.5,100.5,83.75,100,0.522,1,1,1,1,1,25,22,30,16,30,44,4,25,13,22,48,38,24,29,1
2025-26,1610612747,LAL,Los Angeles Lakers,0022500163,2025-11-03T00:00:00,LAL @ POR,W,48.0,121.7,121.8,113.6,113.9,8.1,7.9,0.58,1.71,20.9,0.286,0.625,0.482,0.168,0.641,0.668,101.1,101.0,84.17,101,0.555,1,1,1,1,1,17,20,18,32,26,10,28,48,38,39,9,9,20,18,1
2025-26,1610612747,LAL,Los Angeles Lakers,0022500155,2025-11-02T00:00:00,LAL vs. MIA,W,48.0,119.1,121.5,113.4,114.3,5.8,7.2,0.688,2.75,21.3,0.308,0.804,0.541,0.112,0.584,0.618,107.5,106.0,88.33,107,0.538,1,1,1,1,1,18,21,21,10,4,7,20,8,14,9,20,22,5,23,1
2025-26,1610612747,LAL,Los Angeles Lakers,0022500024,2025-10-31T00:00:00,LAL @ MEM,W,48.0,116.4,119.4,112.7,115.5,3.7,3.9,0.615,1.6,18.3,0.225,0.667,0.479,0.153,0.599,0.646,99.9,97.5,81.25,98,0.547,1,1,1,1,1,21,26,29,20,33,28,44,37,41,27,14,14,38,20,1
2025-26,1610612747,LAL,Los Angeles Lakers,0022500136,2025-10-29T00:00:00,LAL @ MIN,W,48.0,115.2,118.4,114.2,116.2,1.0,2.2,0.756,1.79,23.3,0.341,0.674,0.517,0.194,0.608,0.626,100.7,98.5,82.08,98,0.519,1,1,1,1,1,23,28,33,4,25,4,13,36,23,45,13,19,32,30,1
2025-26,1610612747,LAL,Los Angeles Lakers,0022500122,2025-10-27T00:00:00,LAL vs. POR,L,48.0,97.8,100.0,111.3,115.1,-13.5,-15.1,0.575,0.92,15.4,0.375,0.571,0.481,0.231,0.506,0.554,110.0,107.0,89.17,108,0.44,1,34,34,34,1,50,24,41,36,52,47,6,51,40,53,49,45,2,40,1
2025-26,1610612747,LAL,Los Angeles Lakers,0022500113,2025-10-26T00:00:00,LAL @ SAC,W,48.0,118.4,118.7,107.2,111.1,11.2,7.6,0.667,1.53,17.8,0.302,0.678,0.52,0.159,0.538,0.633,109.6,107.5,89.58,107,0.578,1,1,1,1,1,22,15,20,11,36,33,24,34,21,33,38,18,1,10,1
2025-26,1610612747,LAL,Los Angeles Lakers,0022500019,2025-10-24T00:00:00,LAL vs. MIN,W,48.0,134.6,137.6,116.7,117.0,17.9,20.6,0.578,2.17,20.3,0.265,0.627,0.482,0.129,0.671,0.71,94.7,93.5,77.92,93,0.614,1,1,1,1,1,4,31,5,34,15,13,33,47,37,17,4,4,50,5,1
2025-26,1610612747,LAL,Los Angeles Lakers,0022500002,2025-10-21T00:00:00,LAL vs. GSW,L,48.0,106.5,106.9,118.1,119.0,-11.6,-12.1,0.548,1.15,16.9,0.256,0.791,0.523,0.196,0.597,0.61,101.5,101.0,84.17,102,0.454,1,34,34,34,1,42,35,38,43,47,38,37,9,20,47,15,29,20,38,1
2025-26,1610612748,MIA,Miami Heat,0022500784,2026-02-11T00:00:00,MIA @ NOP,W,48.0,115.5,119.4,105.4,107.8,10.1,11.7,0.595,3.13,16.7,0.338,0.784,0.534,0.078,0.48,0.528,106.0,103.06,85.88,103,0.544,1,1,1,1,56,19,23,14,42,7,48,17,9,11,3,45,44,35,24,1
2025-26,1610612748,MIA,Miami Heat,0022500763,2026-02-09T00:00:00,MIA vs. UTA,L,48.0,108.4,106.7,112.0,110.6,-3.6,-3.8,0.727,1.71,17.3,0.196,0.696,0.446,0.135,0.513,0.564,102.5,104.0,86.67,104,0.436,1,30,30,30,2,40,29,34,14,38,44,49,31,52,30,37,32,32,48,1
2025-26,1610612748,MIA,Miami Heat,0022500758,2026-02-08T00:00:00,MIA @ WAS,W,48.0,125.0,125.7,92.6,95.3,32.4,30.4,0.694,2.13,21.1,0.393,0.724,0.561,0.152,0.572,0.597,107.3,105.5,87.92,105,0.639,1,1,1,1,2,10,3,3,18,24,12,2,24,5,40,12,19,26,3,1
2025-26,1610612748,MIA,Miami Heat,0022500741,2026-02-06T00:00:00,MIA @ BOS,L,48.0,102.2,103.2,100.9,106.5,1.3,-3.3,0.657,1.92,17.8,0.264,0.654,0.457,0.129,0.494,0.522,95.5,92.5,77.08,93,0.498,1,30,30,30,2,50,20,32,27,32,40,39,41,48,24,43,46,56,29,1
2025-26,1610612748,MIA,Miami Heat,0022500720,2026-02-03T00:00:00,MIA vs. ATL,L,48.0,106.0,107.5,117.9,118.7,-11.8,-11.2,0.595,1.92,16.9,0.276,0.796,0.527,0.121,0.479,0.535,108.1,107.0,89.17,107,0.467,1,30,30,30,2,37,39,47,42,31,47,35,6,12,19,46,41,18,37,1
2025-26,1610612748,MIA,Miami Heat,0022500705,2026-02-01T00:00:00,MIA vs. CHI,W,48.0,123.5,126.4,85.9,85.0,37.6,41.4,0.815,4.89,26.2,0.321,0.717,0.526,0.085,0.57,0.585,107.2,106.5,88.75,106,0.713,1,1,1,1,2,9,1,1,2,2,1,20,26,14,5,13,23,20,1,1
2025-26,1610612748,MIA,Miami Heat,0022500692,2026-01-31T00:00:00,MIA vs. CHI,L,48.0,99.5,103.5,105.1,109.6,-5.7,-6.1,0.634,1.37,16.7,0.267,0.851,0.523,0.167,0.5,0.543,118.8,114.0,95.0,114,0.468,1,30,30,30,2,49,25,36,34,51,48,37,2,15,45,41,38,1,35,1
2025-26,1610612748,MIA,Miami Heat,0022500529,2026-01-29T00:00:00,MIA @ CHI,W,48.0,107.8,108.4,105.8,104.6,2.0,3.8,0.69,2.07,19.6,0.231,0.678,0.468,0.131,0.516,0.56,107.2,107.5,89.58,107,0.556,1,1,1,1,2,34,16,24,19,26,20,44,39,41,26,35,35,15,20,1
2025-26,1610612748,MIA,Miami Heat,0022500674,2026-01-28T00:00:00,MIA vs. ORL,L,48.0,115.8,115.9,124.9,123.1,-9.1,-7.3,0.614,1.5,18.8,0.222,0.745,0.51,0.168,0.585,0.632,106.8,107.5,89.58,107,0.462,1,30,30,30,2,24,47,39,38,47,30,45,17,20,47,9,8,15,40,1
2025-26,1610612748,MIA,Miami Heat,0022500655,2026-01-25T00:00:00,MIA @ PHX,W,48.0,111.3,108.8,100.6,101.0,10.7,7.8,0.538,1.75,14.8,0.339,0.667,0.516,0.118,0.468,0.525,100.6,101.5,84.58,102,0.589,1,1,1,1,2,32,10,18,54,36,54,16,40,17,18,50,45,42,8,1
2025-26,1610612748,MIA,Miami Heat,0022500649,2026-01-24T00:00:00,MIA @ UTA,W,48.0,128.4,132.4,104.2,104.5,24.2,27.9,0.745,2.5,19.8,0.492,0.8,0.628,0.126,0.523,0.581,112.9,111.0,92.5,111,0.583,1,1,1,1,2,3,15,5,9,14,18,1,5,1,22,32,25,5,11,1
2025-26,1610612748,MIA,Miami Heat,0022500634,2026-01-22T00:00:00,MIA @ POR,L,48.0,106.4,105.8,117.9,123.3,-11.5,-17.5,0.628,1.8,18.1,0.327,0.583,0.447,0.144,0.505,0.537,105.5,103.5,86.25,104,0.461,1,30,30,30,2,42,48,52,36,34,34,19,53,51,37,39,40,33,42,1
2025-26,1610612748,MIA,Miami Heat,0022500619,2026-01-20T00:00:00,MIA @ SAC,W,48.0,122.0,122.6,112.2,111.4,9.8,11.2,0.702,3.3,21.6,0.25,0.778,0.485,0.094,0.587,0.599,105.4,105.5,87.92,106,0.525,1,1,1,1,2,12,30,15,16,6,9,41,10,33,7,8,18,26,27,1
2025-26,1610612748,MIA,Miami Heat,0022500612,2026-01-19T00:00:00,MIA @ GSW,L,48.0,103.2,104.7,124.4,126.2,-21.3,-21.5,0.769,1.58,18.8,0.371,0.766,0.541,0.178,0.46,0.511,108.5,107.0,89.17,107,0.388,1,30,30,30,2,46,53,53,5,41,30,10,13,10,50,51,50,18,53,1
2025-26,1610612748,MIA,Miami Heat,0022500597,2026-01-17T00:00:00,MIA vs. OKC,W,48.0,114.7,120.8,120.8,118.8,-6.1,2.0,0.732,7.5,18.9,0.389,0.842,0.545,0.04,0.459,0.495,102.8,101.0,84.17,101,0.454,1,1,1,1,2,16,40,25,13,1,29,3,4,9,1,52,54,46,44,1
2025-26,1610612748,MIA,Miami Heat,0022500580,2026-01-15T00:00:00,MIA vs. BOS,L,48.0,117.7,117.5,122.7,124.0,-5.0,-6.4,0.641,2.5,18.1,0.308,0.577,0.442,0.103,0.534,0.576,96.9,96.5,80.42,97,0.481,1,30,30,30,2,21,49,37,32,14,35,21,56,53,11,28,27,54,33,1
2025-26,1610612748,MIA,Miami Heat,0022500564,2026-01-13T00:00:00,MIA vs. PHX,W,48.0,121.3,123.3,114.4,117.5,7.0,5.8,0.583,2.33,19.3,0.298,0.61,0.472,0.117,0.592,0.625,105.2,103.0,85.83,103,0.546,1,1,1,1,2,11,38,20,47,20,24,24,50,38,17,7,9,36,23,1
2025-26,1610612748,MIA,Miami Heat,0022500553,2026-01-11T00:00:00,MIA @ OKC,L,48.0,105.9,107.7,118.9,117.0,-12.9,-9.3,0.795,1.52,24.1,0.154,0.647,0.433,0.221,0.64,0.638,105.0,105.0,87.5,104,0.468,1,30,30,30,2,36,37,42,4,46,3,55,44,54,56,4,7,30,36,1
2025-26,1610612748,MIA,Miami Heat,0022500543,2026-01-10T00:00:00,MIA @ IND,L,48.0,87.8,87.6,108.2,109.8,-20.4,-22.2,0.472,0.89,11.8,0.237,0.737,0.483,0.168,0.413,0.473,113.2,112.5,93.75,113,0.364,1,30,30,30,2,55,26,54,56,56,56,42,18,34,46,56,55,4,55,1
2025-26,1610612748,MIA,Miami Heat,0022500513,2026-01-06T00:00:00,MIA @ MIN,L,48.0,83.9,84.7,111.8,109.9,-27.9,-25.2,0.8,1.56,18.1,0.232,0.768,0.472,0.162,0.418,0.447,110.6,111.0,92.5,111,0.355,1,30,30,30,2,56,27,56,3,44,36,43,12,37,43,55,56,5,56,1
2025-26,1610612748,MIA,Miami Heat,0022500497,2026-01-04T00:00:00,MIA vs. NOP,W,48.0,110.7,115.7,93.4,97.2,17.3,18.5,0.638,1.88,19.4,0.293,0.708,0.481,0.148,0.554,0.574,113.2,108.5,90.42,108,0.568,1,1,1,1,2,25,5,9,33,33,22,28,29,36,39,20,28,12,15,1
2025-26,1610612748,MIA,Miami Heat,0022500486,2026-01-03T00:00:00,MIA vs. MIN,L,48.0,109.9,116.2,125.0,126.3,-15.1,-10.1,0.659,1.42,18.9,0.347,0.7,0.506,0.192,0.552,0.595,102.3,99.0,82.5,99,0.43,1,30,30,30,2,23,54,45,25,49,28,15,30,23,54,21,21,53,49,1
2025-26,1610612748,MIA,Miami Heat,0022500472,2026-01-01T00:00:00,MIA @ DET,W,48.0,104.6,108.3,103.1,103.7,1.5,4.6,0.581,1.25,16.0,0.386,0.795,0.564,0.183,0.505,0.547,110.7,108.5,90.42,109,0.505,1,1,1,1,2,35,13,22,48,53,51,4,7,3,51,40,36,12,28,1
2025-26,1610612748,MIA,Miami Heat,0022500450,2025-12-29T00:00:00,MIA vs. DEN,W,48.0,141.2,144.1,119.8,120.6,21.4,23.5,0.755,4.0,25.0,0.375,0.773,0.565,0.098,0.646,0.674,103.4,102.0,85.0,102,0.572,1,1,1,1,2,1,44,8,8,3,2,8,11,2,8,2,2,40,14,1
2025-26,1610612748,MIA,Miami Heat,0022500436,2025-12-27T00:00:00,MIA vs. IND,W,48.0,128.8,130.3,104.5,106.4,24.3,23.9,0.6,3.0,20.4,0.377,0.653,0.51,0.101,0.57,0.611,110.6,109.0,90.83,109,0.627,1,1,1,1,2,6,19,7,41,10,16,7,42,21,9,13,10,10,4,1
2025-26,1610612748,MIA,Miami Heat,0022500423,2025-12-26T00:00:00,MIA @ ATL,W,48.0,113.6,113.5,100.7,100.9,12.9,12.6,0.592,2.42,18.6,0.286,0.87,0.549,0.108,0.524,0.563,110.6,110.5,92.08,111,0.566,1,1,1,1,2,28,9,13,45,18,32,31,1,7,14,30,33,9,16,1
2025-26,1610612748,MIA,Miami Heat,0022500414,2025-12-23T00:00:00,MIA vs. TOR,L,48.0,92.1,95.8,116.8,119.1,-24.7,-23.4,0.545,1.0,14.1,0.294,0.638,0.459,0.189,0.451,0.501,97.4,94.5,78.75,95,0.373,1,30,30,30,2,54,41,55,53,55,55,26,46,46,52,53,52,55,54,1
2025-26,1610612748,MIA,Miami Heat,0022500398,2025-12-21T00:00:00,MIA @ NYK,L,48.0,123.3,122.5,127.9,130.7,-4.6,-8.1,0.634,2.36,17.9,0.333,0.85,0.56,0.108,0.569,0.61,102.3,101.5,84.58,102,0.483,1,30,30,30,2,13,55,41,34,19,38,18,3,6,12,15,11,42,32,1
2025-26,1610612748,MIA,Miami Heat,0022500381,2025-12-19T00:00:00,MIA @ BOS,L,48.0,106.9,113.7,125.8,125.2,-18.9,-11.5,0.675,2.08,17.5,0.379,0.732,0.514,0.127,0.485,0.515,105.6,102.5,85.42,102,0.394,1,30,30,30,2,27,51,48,22,25,42,6,22,19,23,44,48,37,52,1
2025-26,1610612748,MIA,Miami Heat,0022500373,2025-12-18T00:00:00,MIA @ BKN,W,48.0,103.6,106.0,94.2,96.0,9.3,10.0,0.561,1.64,16.7,0.294,0.71,0.522,0.14,0.511,0.544,101.6,99.5,82.92,100,0.586,1,1,1,1,2,41,4,16,51,40,48,26,28,16,33,38,37,51,9,1
2025-26,1610612748,MIA,Miami Heat,0022501227,2025-12-15T00:00:00,MIA vs. TOR,L,48.0,94.9,96.0,104.0,107.1,-9.0,-11.1,0.571,1.05,14.8,0.288,0.735,0.505,0.19,0.476,0.515,101.5,99.5,82.92,100,0.454,1,30,30,30,2,53,21,46,50,54,53,29,21,24,53,47,47,51,43,1
2025-26,1610612748,MIA,Miami Heat,0022501201,2025-12-09T00:00:00,MIA @ ORL,L,48.0,105.5,104.9,112.5,114.7,-6.9,-9.9,0.595,3.13,18.0,0.204,0.791,0.464,0.078,0.495,0.533,103.2,102.5,85.42,103,0.463,1,30,30,30,2,45,32,44,42,7,37,48,8,43,3,42,42,37,39,1
2025-26,1610612748,MIA,Miami Heat,0022500354,2025-12-06T00:00:00,MIA vs. SAC,L,48.0,109.8,111.0,120.7,125.7,-10.9,-14.7,0.561,1.77,16.9,0.255,0.694,0.47,0.13,0.535,0.56,103.2,100.5,83.75,100,0.419,1,30,30,30,2,29,52,51,51,35,46,40,32,39,25,27,34,48,51,1
2025-26,1610612748,MIA,Miami Heat,0022500339,2025-12-05T00:00:00,MIA @ ORL,L,48.0,102.1,102.9,100.4,105.0,1.6,-2.0,0.575,1.53,17.6,0.152,0.759,0.49,0.147,0.544,0.571,104.2,101.5,84.58,102,0.527,1,30,30,30,2,51,17,30,49,45,41,56,15,29,38,24,29,42,26,1
2025-26,1610612748,MIA,Miami Heat,0022500332,2025-12-03T00:00:00,MIA @ DAL,L,48.0,102.0,106.9,116.5,119.2,-14.5,-12.3,0.725,2.64,19.1,0.355,0.717,0.509,0.109,0.45,0.496,103.6,100.0,83.33,101,0.438,1,30,30,30,2,39,42,49,15,13,26,12,25,22,15,54,53,49,47,1
2025-26,1610612748,MIA,Miami Heat,0022500313,2025-12-01T00:00:00,MIA vs. LAC,W,48.0,131.7,132.1,110.4,116.0,21.3,16.0,0.642,2.83,22.1,0.286,0.684,0.5,0.113,0.65,0.665,108.8,106.0,88.33,106,0.563,1,1,1,1,2,5,35,10,31,11,8,31,37,25,16,1,3,21,17,1
2025-26,1610612748,MIA,Miami Heat,0022500296,2025-11-29T00:00:00,MIA vs. DET,L,48.0,120.4,121.6,122.0,124.3,-1.6,-2.7,0.614,1.5,17.9,0.277,0.643,0.449,0.162,0.58,0.642,112.6,111.0,92.5,111,0.49,1,30,30,30,2,15,50,31,38,47,39,34,45,49,43,10,5,5,31,1
2025-26,1610612748,MIA,Miami Heat,0022500062,2025-11-26T00:00:00,MIA vs. MIL,W,48.0,107.3,103.9,98.9,103.0,8.4,0.9,0.821,2.29,22.2,0.213,0.737,0.5,0.137,0.518,0.565,101.5,101.0,84.17,102,0.563,1,1,1,1,2,47,12,26,1,21,7,47,18,25,31,33,31,46,18,1
2025-26,1610612748,MIA,Miami Heat,0022500286,2025-11-24T00:00:00,MIA vs. DAL,W,48.0,101.4,105.0,97.1,100.0,4.3,5.0,0.524,1.57,15.7,0.304,0.651,0.487,0.139,0.473,0.507,104.8,101.5,84.58,101,0.544,1,1,1,1,2,44,7,21,55,42,52,22,43,31,32,49,51,42,25,1
2025-26,1610612748,MIA,Miami Heat,0022500275,2025-11-23T00:00:00,MIA @ PHI,W,48.0,119.6,119.8,110.0,110.4,9.6,9.4,0.667,2.46,20.4,0.352,0.69,0.527,0.123,0.546,0.571,106.3,106.0,88.33,106,0.553,1,1,1,1,2,18,28,17,24,17,15,13,34,12,21,23,30,21,21,1
2025-26,1610612748,MIA,Miami Heat,0022500051,2025-11-21T00:00:00,MIA @ CHI,W,48.0,125.0,132.4,95.3,97.3,29.8,35.1,0.745,3.5,21.3,0.362,0.737,0.548,0.093,0.54,0.599,113.3,109.0,90.83,108,0.662,1,1,1,1,2,4,6,2,9,5,10,11,18,8,6,25,17,10,2,1
2025-26,1610612748,MIA,Miami Heat,0022500257,2025-11-19T00:00:00,MIA vs. GSW,W,48.0,102.4,103.8,89.9,90.6,12.5,13.2,0.769,2.14,19.5,0.295,0.625,0.464,0.132,0.474,0.512,107.1,106.0,88.33,106,0.58,1,1,1,1,2,48,2,12,5,23,21,25,49,42,27,48,49,21,13,1
2025-26,1610612748,MIA,Miami Heat,0022500244,2025-11-17T00:00:00,MIA vs. NYK,W,48.0,101.1,108.5,102.2,107.6,-1.1,0.9,0.644,2.07,19.1,0.298,0.685,0.486,0.132,0.515,0.539,112.1,105.5,87.92,106,0.495,1,1,1,1,2,33,22,27,29,26,26,23,36,32,27,36,39,26,30,1
2025-26,1610612748,MIA,Miami Heat,0022500039,2025-11-14T00:00:00,MIA @ NYK,L,48.0,124.6,129.4,133.6,137.3,-9.1,-7.8,0.682,2.73,19.7,0.375,0.583,0.483,0.108,0.563,0.6,105.4,102.0,85.0,102,0.465,1,30,30,30,2,7,56,40,21,12,19,8,53,34,12,17,15,40,38,1
2025-26,1610612748,MIA,Miami Heat,0022500217,2025-11-12T00:00:00,MIA vs. CLE,L,48.0,103.8,107.4,112.4,120.4,-8.6,-13.0,0.644,1.38,19.3,0.275,0.629,0.469,0.194,0.559,0.582,113.7,108.0,90.0,108,0.428,1,30,30,30,2,38,43,50,29,50,23,36,47,40,55,19,24,14,50,1
2025-26,1610612748,MIA,Miami Heat,0022500201,2025-11-10T00:00:00,MIA vs. CLE,W,53.0,118.6,121.7,119.1,122.1,-0.5,-0.4,0.696,2.29,19.3,0.352,0.605,0.5,0.122,0.531,0.603,105.9,103.25,86.04,115,0.557,1,1,1,1,1,14,46,29,17,21,25,13,51,25,20,29,13,34,19,1
2025-26,1610612748,MIA,Miami Heat,0022500187,2025-11-08T00:00:00,MIA vs. POR,W,48.0,118.4,120.4,111.9,115.9,6.6,4.4,0.755,2.47,22.4,0.288,0.603,0.461,0.133,0.563,0.608,116.0,113.0,94.17,113,0.584,1,1,1,1,2,17,34,23,7,16,5,29,52,44,29,18,12,2,10,1
2025-26,1610612748,MIA,Miami Heat,0022500033,2025-11-07T00:00:00,MIA vs. CHA,W,48.0,117.6,117.8,100.1,103.8,17.5,13.9,0.608,3.88,21.1,0.184,0.629,0.432,0.075,0.576,0.599,107.5,105.5,87.92,107,0.591,1,1,1,1,2,20,14,11,40,4,13,52,47,55,2,11,16,26,7,1
2025-26,1610612748,MIA,Miami Heat,0022500178,2025-11-05T00:00:00,MIA @ DEN,L,48.0,104.7,105.7,111.6,115.1,-6.9,-9.4,0.684,1.73,18.6,0.16,0.583,0.391,0.142,0.523,0.577,108.2,106.0,88.33,106,0.454,1,30,30,30,2,43,33,43,20,37,33,54,53,56,35,31,26,21,45,1
2025-26,1610612748,MIA,Miami Heat,0022500164,2025-11-03T00:00:00,MIA @ LAC,W,48.0,115.9,116.5,111.9,116.7,4.0,-0.2,0.733,2.06,22.9,0.19,0.681,0.449,0.155,0.614,0.641,105.0,102.5,85.42,103,0.548,1,1,1,1,2,22,36,28,12,29,4,51,38,49,42,6,6,37,22,1
2025-26,1610612748,MIA,Miami Heat,0022500155,2025-11-02T00:00:00,MIA @ LAL,L,48.0,113.4,114.3,119.1,121.5,-5.8,-7.2,0.674,1.93,20.3,0.196,0.692,0.459,0.143,0.565,0.601,107.5,106.0,88.33,105,0.462,1,30,30,30,2,26,45,38,23,30,17,50,33,46,36,16,14,21,41,1
2025-26,1610612748,MIA,Miami Heat,0022500141,2025-10-30T00:00:00,MIA @ SAS,L,48.0,97.3,102.0,109.1,105.9,-11.8,-3.9,0.744,2.07,21.2,0.173,0.76,0.461,0.141,0.517,0.532,101.0,100.0,83.33,99,0.446,1,30,30,30,2,52,18,35,11,26,11,53,14,45,34,34,43,49,46,1
2025-26,1610612748,MIA,Miami Heat,0022500124,2025-10-28T00:00:00,MIA vs. CHA,W,48.0,132.5,133.3,107.2,109.3,25.3,24.0,0.654,3.09,22.4,0.217,0.731,0.49,0.102,0.646,0.681,108.9,107.5,89.58,108,0.595,1,1,1,1,2,2,24,6,28,9,6,46,23,30,10,3,1,15,6,1
2025-26,1610612748,MIA,Miami Heat,0022500108,2025-10-26T00:00:00,MIA vs. NYK,W,48.0,111.0,109.5,99.8,102.9,11.2,6.6,0.658,1.56,17.5,0.265,0.689,0.5,0.152,0.536,0.595,105.4,104.5,87.08,105,0.583,1,1,1,1,2,30,11,19,26,43,43,38,35,25,40,26,20,31,12,1
2025-26,1610612748,MIA,Miami Heat,0022500094,2025-10-24T00:00:00,MIA @ MEM,W,48.0,127.3,129.2,98.9,100.9,28.5,28.3,0.618,1.7,20.5,0.38,0.717,0.564,0.177,0.632,0.654,115.0,113.0,94.17,113,0.625,1,1,1,1,2,8,8,4,37,39,14,5,26,4,49,5,4,2,5,1
2025-26,1610612748,MIA,Miami Heat,0022500081,2025-10-22T00:00:00,MIA @ ORL,L,48.0,108.2,109.0,112.2,112.6,-4.1,-3.6,0.591,1.37,17.2,0.283,0.75,0.514,0.171,0.549,0.588,111.6,111.0,92.5,111,0.472,1,30,30,30,2,31,31,33,46,51,45,33,16,18,48,22,22,5,34,1
2025-26,1610612749,MIL,Milwaukee Bucks,0022500789,2026-02-12T00:00:00,MIL @ OKC,W,48.0,116.9,118.3,99.1,100.0,17.8,18.3,0.568,2.27,18.4,0.346,0.704,0.528,0.118,0.553,0.561,93.9,93.0,77.5,93,0.57,1,1,1,1,4,17,2,1,44,13,30,5,28,13,10,29,38,50,5,1
2025-26,1610612749,MIL,Milwaukee Bucks,0022500777,2026-02-11T00:00:00,MIL @ ORL,W,48.0,116.5,124.7,115.8,117.4,0.7,7.3,0.564,1.38,16.8,0.405,0.816,0.626,0.172,0.568,0.633,96.4,92.5,77.08,93,0.541,1,1,1,1,4,9,31,15,46,45,45,1,3,1,42,24,13,51,12,1
2025-26,1610612749,MIL,Milwaukee Bucks,0022500764,2026-02-09T00:00:00,MIL @ ORL,L,48.0,98.8,101.0,120.6,118.0,-21.8,-17.0,0.472,0.85,13.8,0.182,0.708,0.457,0.204,0.545,0.574,99.1,99.0,82.5,98,0.373,1,24,24,24,4,47,32,44,53,52,52,46,25,38,52,31,31,21,47,1
2025-26,1610612749,MIL,Milwaukee Bucks,0022500743,2026-02-06T00:00:00,MIL vs. IND,W,48.0,108.7,114.1,107.3,106.5,1.3,7.7,0.591,2.17,19.1,0.346,0.848,0.582,0.13,0.532,0.538,94.4,92.5,77.08,92,0.487,1,1,1,1,4,27,12,14,37,17,25,5,2,2,19,37,42,51,25,1
2025-26,1610612749,MIL,Milwaukee Bucks,0022500729,2026-02-04T00:00:00,MIL vs. NOP,W,53.0,133.8,133.0,129.5,130.5,4.2,2.5,0.643,2.4,23.8,0.231,0.788,0.549,0.142,0.723,0.731,95.6,95.55,79.62,106,0.53,1,1,1,1,1,3,50,20,25,11,2,36,8,6,27,2,2,42,15,1
2025-26,1610612749,MIL,Milwaukee Bucks,0022500722,2026-02-03T00:00:00,MIL vs. CHI,W,48.0,125.2,131.0,113.7,112.7,11.5,18.3,0.66,2.36,22.0,0.333,0.745,0.547,0.14,0.634,0.632,102.9,101.0,84.17,100,0.535,1,1,1,1,4,4,21,2,18,12,7,8,15,7,25,8,14,12,14,1
2025-26,1610612749,MIL,Milwaukee Bucks,0022500702,2026-02-01T00:00:00,MIL @ BOS,L,48.0,90.2,90.8,117.9,124.4,-27.8,-33.6,0.586,1.55,14.2,0.291,0.593,0.44,0.126,0.415,0.446,89.2,86.5,72.08,87,0.334,1,24,24,24,4,52,39,52,39,40,51,18,50,47,17,53,53,53,51,1
2025-26,1610612749,MIL,Milwaukee Bucks,0022500681,2026-01-29T00:00:00,MIL @ WAS,L,48.0,95.2,97.1,105.5,107.9,-10.3,-10.9,0.61,2.78,18.0,0.224,0.667,0.449,0.088,0.469,0.485,103.6,101.5,84.58,102,0.445,1,24,24,24,4,50,15,38,34,5,33,38,34,45,2,51,51,10,39,1
2025-26,1610612749,MIL,Milwaukee Bucks,0022500666,2026-01-27T00:00:00,MIL @ PHI,L,48.0,119.7,123.2,139.6,141.8,-19.8,-18.6,0.659,2.42,20.4,0.304,0.64,0.479,0.121,0.599,0.623,100.7,98.5,82.08,99,0.453,1,24,24,24,4,12,53,46,19,9,18,13,41,24,11,17,17,26,36,1
2025-26,1610612749,MIL,Milwaukee Bucks,0022500640,2026-01-23T00:00:00,MIL vs. DEN,L,48.0,103.2,105.3,102.9,106.3,0.3,-1.0,0.706,2.18,17.9,0.268,0.778,0.518,0.116,0.471,0.516,98.0,95.5,79.58,95,0.479,1,24,24,24,4,37,10,25,8,16,34,24,13,15,9,50,49,43,30,1
2025-26,1610612749,MIL,Milwaukee Bucks,0022500625,2026-01-21T00:00:00,MIL vs. OKC,L,48.0,106.3,105.2,125.0,125.8,-18.7,-20.6,0.75,1.88,22.6,0.14,0.795,0.471,0.165,0.593,0.6,96.8,97.0,80.83,97,0.418,1,24,24,24,4,38,43,47,4,22,3,52,6,26,36,19,22,33,44,1
2025-26,1610612749,MIL,Milwaukee Bucks,0022500014,2026-01-19T00:00:00,MIL @ ATL,W,48.0,113.1,108.7,107.3,107.8,5.9,0.9,0.615,1.85,18.2,0.116,0.717,0.466,0.126,0.595,0.622,100.8,102.5,85.42,103,0.507,1,1,1,1,4,33,14,23,32,23,32,53,20,31,15,18,18,8,19,1
2025-26,1610612749,MIL,Milwaukee Bucks,0022500582,2026-01-15T00:00:00,MIL @ SAS,L,48.0,101.3,103.1,119.1,120.2,-17.8,-17.1,0.706,1.85,17.9,0.25,0.769,0.463,0.133,0.489,0.522,99.8,98.5,82.08,98,0.37,1,24,24,24,4,43,35,45,8,23,34,29,14,33,21,48,47,26,48,1
2025-26,1610612749,MIL,Milwaukee Bucks,0022500566,2026-01-13T00:00:00,MIL vs. MIN,L,48.0,101.6,105.0,133.3,135.0,-31.7,-30.0,0.707,1.45,20.4,0.245,0.634,0.422,0.198,0.559,0.568,104.3,102.0,85.0,101,0.374,1,24,24,24,4,39,51,51,7,42,18,33,45,49,49,27,37,9,46,1
2025-26,1610612749,MIL,Milwaukee Bucks,0022500554,2026-01-11T00:00:00,MIL @ DEN,L,48.0,109.7,108.3,108.4,116.1,1.3,-7.8,0.763,2.64,20.9,0.275,0.709,0.5,0.115,0.529,0.554,97.2,94.5,78.75,96,0.504,1,24,24,24,4,34,27,33,3,7,14,22,24,16,8,38,39,44,21,1
2025-26,1610612749,MIL,Milwaukee Bucks,0022500541,2026-01-09T00:00:00,MIL @ LAL,W,48.0,112.1,112.9,106.1,106.3,5.9,6.6,0.605,1.35,17.8,0.302,0.636,0.49,0.183,0.557,0.592,94.4,94.0,78.33,93,0.538,1,1,1,1,4,29,11,17,36,46,37,14,44,21,48,28,25,45,13,1
2025-26,1610612749,MIL,Milwaukee Bucks,0022500526,2026-01-07T00:00:00,MIL @ GSW,L,48.0,116.2,118.9,121.3,123.7,-5.2,-4.8,0.63,2.42,22.3,0.143,0.688,0.433,0.126,0.624,0.626,98.1,96.0,80.0,95,0.474,1,24,24,24,4,14,38,30,26,9,4,51,31,48,16,11,15,40,31,1
2025-26,1610612749,MIL,Milwaukee Bucks,0022500500,2026-01-04T00:00:00,MIL @ SAC,W,48.0,113.6,117.3,99.9,100.0,13.7,17.3,0.59,1.77,16.9,0.3,0.8,0.55,0.133,0.506,0.574,99.6,98.0,81.67,98,0.56,1,1,1,1,4,18,2,3,38,27,43,15,5,5,21,44,32,30,7,1
2025-26,1610612749,MIL,Milwaukee Bucks,0022500481,2026-01-02T00:00:00,MIL vs. CHA,W,48.0,124.6,125.8,120.6,124.7,4.0,1.0,0.689,2.82,22.3,0.256,0.711,0.489,0.113,0.609,0.643,99.1,97.0,80.83,97,0.512,1,1,1,1,4,6,40,22,13,4,5,27,23,22,7,14,10,33,18,1
2025-26,1610612749,MIL,Milwaukee Bucks,0022500469,2025-12-31T00:00:00,MIL vs. WAS,L,48.0,110.1,114.1,114.2,116.3,-4.2,-2.2,0.585,1.6,17.0,0.346,0.714,0.537,0.152,0.551,0.573,101.2,98.5,82.08,99,0.486,1,24,24,24,4,26,29,28,40,36,40,5,21,10,31,30,33,26,27,1
2025-26,1610612749,MIL,Milwaukee Bucks,0022500447,2025-12-29T00:00:00,MIL @ CHA,W,48.0,125.9,129.5,115.5,121.5,10.4,8.0,0.659,3.22,21.5,0.286,0.611,0.469,0.095,0.619,0.656,97.7,94.0,78.33,95,0.564,1,1,1,1,4,5,36,13,19,2,10,20,48,29,3,12,8,45,6,1
2025-26,1610612749,MIL,Milwaukee Bucks,0022500437,2025-12-27T00:00:00,MIL @ CHI,W,48.0,114.8,116.7,104.0,105.1,10.8,11.6,0.55,1.83,16.7,0.275,0.627,0.464,0.125,0.541,0.58,98.3,97.0,80.83,96,0.55,1,1,1,1,4,21,7,10,48,26,46,22,47,32,12,34,28,33,11,1
2025-26,1610612749,MIL,Milwaukee Bucks,0022500428,2025-12-26T00:00:00,MIL @ MEM,L,48.0,102.4,103.0,117.8,125.0,-15.4,-22.0,0.5,0.82,13.1,0.352,0.717,0.52,0.218,0.512,0.55,103.8,100.5,83.75,101,0.367,1,24,24,24,4,45,41,48,51,53,53,3,19,14,53,42,40,15,49,1
2025-26,1610612749,MIL,Milwaukee Bucks,0022500413,2025-12-23T00:00:00,MIL @ IND,W,48.0,110.4,112.1,93.5,94.9,16.9,17.2,0.476,1.33,15.5,0.222,0.782,0.53,0.152,0.573,0.6,100.5,99.0,82.5,99,0.599,1,1,1,1,4,30,1,4,52,47,48,39,10,11,31,23,23,21,3,1
2025-26,1610612749,MIL,Milwaukee Bucks,0022500400,2025-12-21T00:00:00,MIL @ MIN,L,48.0,97.3,101.0,106.1,104.0,-8.8,-3.0,0.771,1.5,18.8,0.333,0.782,0.56,0.182,0.477,0.522,100.0,99.0,82.5,99,0.487,1,24,24,24,4,48,6,29,2,41,26,8,10,3,45,49,48,21,26,1
2025-26,1610612749,MIL,Milwaukee Bucks,0022500374,2025-12-18T00:00:00,MIL vs. TOR,L,48.0,107.1,108.2,113.0,114.4,-5.9,-6.2,0.658,1.56,18.7,0.255,0.646,0.453,0.165,0.542,0.577,98.1,97.0,80.83,97,0.466,1,24,24,24,4,35,23,32,21,38,27,28,38,44,36,33,29,33,35,1
2025-26,1610612749,MIL,Milwaukee Bucks,0022501219,2025-12-14T00:00:00,MIL @ BKN,L,48.0,82.8,82.0,125.3,128.3,-42.5,-46.3,0.645,1.0,15.5,0.184,0.78,0.456,0.2,0.443,0.477,100.2,99.5,82.92,100,0.27,1,24,24,24,4,53,48,53,24,51,48,45,12,39,50,52,52,18,53,1
2025-26,1610612749,MIL,Milwaukee Bucks,0022501206,2025-12-11T00:00:00,MIL vs. BOS,W,48.0,120.6,120.8,101.0,105.2,19.6,15.6,0.609,1.75,21.2,0.25,0.65,0.5,0.167,0.665,0.681,98.1,96.0,80.0,96,0.617,1,1,1,1,4,13,8,6,35,28,13,29,36,16,38,5,4,40,2,1
2025-26,1610612749,MIL,Milwaukee Bucks,0022500353,2025-12-06T00:00:00,MIL @ DET,L,48.0,113.0,116.7,124.4,127.8,-11.4,-11.2,0.649,2.0,17.8,0.283,0.56,0.417,0.125,0.536,0.571,99.4,96.5,80.42,96,0.427,1,24,24,24,4,21,46,39,22,20,38,21,51,50,12,35,34,38,42,1
2025-26,1610612749,MIL,Milwaukee Bucks,0022500348,2025-12-05T00:00:00,MIL vs. PHI,L,48.0,102.1,102.0,116.4,116.0,-14.2,-14.0,0.743,1.44,19.4,0.205,0.702,0.462,0.182,0.533,0.575,99.3,99.5,82.92,99,0.446,1,24,24,24,4,46,26,42,5,43,23,43,29,34,45,36,30,18,38,1
2025-26,1610612749,MIL,Milwaukee Bucks,0022500331,2025-12-03T00:00:00,MIL vs. DET,W,48.0,113.9,115.3,101.3,112.4,12.5,2.9,0.7,1.75,20.1,0.295,0.644,0.495,0.163,0.567,0.619,103.4,97.5,81.25,98,0.552,1,1,1,1,4,25,20,19,12,28,21,16,39,20,35,25,19,32,10,1
2025-26,1610612749,MIL,Milwaukee Bucks,0022500311,2025-12-01T00:00:00,MIL @ WAS,L,48.0,122.0,124.8,123.3,126.5,-1.3,-1.7,0.63,1.71,20.6,0.295,0.647,0.484,0.168,0.673,0.676,103.9,101.5,84.58,101,0.484,1,24,24,24,4,7,44,26,26,32,17,16,37,23,39,4,5,10,29,1
2025-26,1610612749,MIL,Milwaukee Bucks,0022500297,2025-11-29T00:00:00,MIL vs. BKN,W,48.0,124.1,123.4,100.5,106.5,23.6,17.0,0.705,2.21,22.3,0.349,0.705,0.529,0.149,0.619,0.634,96.0,93.5,77.92,94,0.628,1,1,1,1,4,11,12,5,10,14,5,4,27,12,30,12,12,47,1,1
2025-26,1610612749,MIL,Milwaukee Bucks,0022500074,2025-11-28T00:00:00,MIL @ NYK,L,48.0,118.5,117.2,121.0,125.5,-2.5,-8.3,0.649,1.6,19.5,0.154,0.6,0.404,0.161,0.648,0.665,94.8,93.5,77.92,93,0.469,1,24,24,24,4,20,42,34,22,36,22,48,49,51,34,6,7,47,34,1
2025-26,1610612749,MIL,Milwaukee Bucks,0022500062,2025-11-26T00:00:00,MIL @ MIA,L,48.0,98.9,103.0,107.3,103.9,-8.4,-0.9,0.775,2.21,21.2,0.263,0.787,0.5,0.14,0.495,0.509,101.5,101.0,84.17,100,0.437,1,24,24,24,4,44,5,24,1,14,11,25,9,16,25,45,50,12,41,1
2025-26,1610612749,MIL,Milwaukee Bucks,0022500288,2025-11-24T00:00:00,MIL vs. POR,L,48.0,104.1,104.0,117.9,116.2,-13.8,-12.1,0.579,1.69,16.7,0.216,0.708,0.455,0.131,0.517,0.548,98.2,99.0,82.5,99,0.426,1,24,24,24,4,42,28,41,42,34,46,41,25,40,20,41,41,21,43,1
2025-26,1610612749,MIL,Milwaukee Bucks,0022500272,2025-11-22T00:00:00,MIL vs. DET,L,48.0,115.7,116.0,127.0,130.3,-11.3,-14.3,0.674,1.71,20.9,0.233,0.939,0.539,0.17,0.631,0.65,100.9,99.5,82.92,100,0.447,1,24,24,24,4,23,49,43,14,32,14,35,1,9,40,10,9,18,37,1
2025-26,1610612749,MIL,Milwaukee Bucks,0022500266,2025-11-20T00:00:00,MIL vs. PHI,L,53.0,104.9,104.6,110.4,113.9,-5.5,-9.3,0.667,2.14,20.4,0.16,0.737,0.467,0.128,0.565,0.583,99.7,98.26,81.89,109,0.472,1,24,24,24,1,41,22,36,16,18,20,47,17,30,18,26,27,29,32,1
2025-26,1610612749,MIL,Milwaukee Bucks,0022500241,2025-11-17T00:00:00,MIL @ CLE,L,48.0,98.5,105.0,115.4,116.8,-16.9,-11.9,0.667,1.73,18.4,0.263,0.789,0.474,0.149,0.511,0.532,104.9,101.0,84.17,101,0.407,1,24,24,24,4,39,30,40,16,30,29,25,7,25,28,43,44,12,45,1
2025-26,1610612749,MIL,Milwaukee Bucks,0022500231,2025-11-15T00:00:00,MIL vs. LAL,L,48.0,99.4,96.0,122.0,122.7,-22.6,-26.7,0.625,1.18,14.9,0.288,0.692,0.462,0.172,0.494,0.525,96.5,98.0,81.67,99,0.334,1,24,24,24,4,51,37,49,29,50,50,19,30,34,41,47,46,30,52,1
2025-26,1610612749,MIL,Milwaukee Bucks,0022500043,2025-11-14T00:00:00,MIL vs. CHA,W,53.0,131.6,134.9,117.8,119.6,13.8,15.2,0.673,1.68,24.5,0.147,0.679,0.471,0.202,0.765,0.776,102.1,100.08,83.4,109,0.557,1,1,1,1,1,1,34,7,15,35,1,50,32,26,51,1,1,17,9,1
2025-26,1610612749,MIL,Milwaukee Bucks,0022500213,2025-11-12T00:00:00,MIL @ CHA,L,48.0,107.9,107.5,112.3,118.1,-4.4,-10.6,0.725,3.22,21.8,0.224,0.51,0.37,0.097,0.523,0.534,95.8,93.5,77.92,93,0.441,1,24,24,24,4,36,33,37,6,2,8,37,52,52,4,40,43,47,40,1
2025-26,1610612749,MIL,Milwaukee Bucks,0022500203,2025-11-10T00:00:00,MIL @ DAL,W,48.0,108.4,111.5,107.5,109.6,0.9,1.9,0.585,1.85,17.0,0.25,0.638,0.455,0.125,0.527,0.569,106.5,104.0,86.67,104,0.505,1,1,1,1,4,31,16,21,40,23,40,29,43,40,12,39,35,4,20,1
2025-26,1610612749,MIL,Milwaukee Bucks,0022500191,2025-11-09T00:00:00,MIL vs. HOU,L,48.0,120.3,118.6,125.5,127.1,-5.1,-8.5,0.568,1.92,19.2,0.214,0.488,0.353,0.134,0.639,0.642,96.4,96.5,80.42,97,0.472,1,24,24,24,4,16,45,35,44,21,24,42,53,53,23,7,11,38,33,1
2025-26,1610612749,MIL,Milwaukee Bucks,0022500035,2025-11-07T00:00:00,MIL vs. CHI,W,48.0,116.8,118.9,106.8,103.8,10.0,15.1,0.563,2.45,17.9,0.316,0.813,0.543,0.104,0.544,0.568,105.5,106.0,88.33,106,0.528,1,1,1,1,4,15,4,8,47,8,36,10,4,8,5,32,36,2,16,1
2025-26,1610612749,MIL,Milwaukee Bucks,0022500165,2025-11-04T00:00:00,MIL @ TOR,L,48.0,98.8,99.0,123.4,128.0,-24.6,-29.0,0.703,1.73,18.6,0.236,0.714,0.462,0.149,0.494,0.525,102.5,100.5,83.75,101,0.359,1,24,24,24,4,49,47,50,11,30,28,34,21,34,28,46,45,15,50,1
2025-26,1610612749,MIL,Milwaukee Bucks,0022500157,2025-11-03T00:00:00,MIL @ IND,W,48.0,109.7,113.6,109.8,110.6,-0.1,3.0,0.571,1.33,17.0,0.306,0.673,0.5,0.175,0.591,0.599,105.7,103.5,86.25,103,0.489,1,1,1,1,4,28,18,18,43,47,40,12,33,16,43,20,24,6,24,1
2025-26,1610612749,MIL,Milwaukee Bucks,0022500142,2025-11-01T00:00:00,MIL vs. SAC,L,48.0,136.2,134.3,130.3,136.4,5.9,-2.0,0.612,2.73,21.6,0.25,0.63,0.453,0.111,0.689,0.695,100.6,99.0,82.5,99,0.485,1,24,24,24,4,2,52,27,33,6,9,29,46,43,6,3,3,21,28,1
2025-26,1610612749,MIL,Milwaukee Bucks,0022500139,2025-10-30T00:00:00,MIL vs. GSW,W,48.0,108.4,115.4,100.5,105.8,7.9,9.6,0.543,1.56,17.4,0.308,0.64,0.471,0.154,0.578,0.59,110.1,104.0,86.67,104,0.492,1,1,1,1,4,24,9,12,49,38,39,11,41,28,33,22,26,4,23,1
2025-26,1610612749,MIL,Milwaukee Bucks,0022500125,2025-10-28T00:00:00,MIL vs. NYK,W,48.0,122.8,124.7,113.1,114.4,9.6,10.3,0.628,2.08,20.6,0.184,0.643,0.457,0.134,0.633,0.676,98.3,97.0,80.83,97,0.571,1,1,1,1,4,8,23,11,28,19,16,44,40,37,23,9,6,33,4,1
2025-26,1610612749,MIL,Milwaukee Bucks,0022500107,2025-10-26T00:00:00,MIL @ CLE,L,48.0,112.6,109.7,107.9,114.6,4.8,-4.9,0.625,1.39,18.2,0.222,0.653,0.447,0.175,0.589,0.619,104.9,103.0,85.83,103,0.496,1,24,24,24,4,32,25,31,29,44,31,39,35,46,43,21,20,7,22,1
2025-26,1610612749,MIL,Milwaukee Bucks,0022500092,2025-10-24T00:00:00,MIL @ TOR,W,48.0,115.1,117.3,110.4,110.5,4.7,6.8,0.532,1.32,16.9,0.373,0.745,0.559,0.183,0.6,0.604,105.5,104.5,87.08,104,0.518,1,1,1,1,4,19,17,16,50,49,44,2,16,4,47,16,21,3,17,1
2025-26,1610612749,MIL,Milwaukee Bucks,0022500086,2025-10-22T00:00:00,MIL vs. WAS,W,48.0,122.7,124.3,112.8,112.1,9.9,12.1,0.62,3.88,21.2,0.154,0.724,0.455,0.075,0.602,0.625,107.4,107.0,89.17,107,0.559,1,1,1,1,4,10,19,9,31,1,11,48,18,40,1,15,16,1,8,1
2025-26,1610612750,MIN,Minnesota Timberwolves,0022500783,2026-02-11T00:00:00,MIN vs. POR,W,48.0,125.0,123.1,100.0,99.1,25.0,24.1,0.578,1.73,17.9,0.244,0.636,0.46,0.139,0.598,0.649,107.7,109.0,90.83,108,0.636,1,1,1,1,4,17,6,7,38,35,31,46,49,46,28,17,13,3,6,1
2025-26,1610612750,MIN,Minnesota Timberwolves,0022500765,2026-02-09T00:00:00,MIN vs. ATL,W,48.0,126.3,127.8,102.4,106.4,24.0,21.4,0.655,2.4,23.7,0.19,0.619,0.448,0.139,0.685,0.682,111.3,108.5,90.42,108,0.635,1,1,1,1,4,11,18,9,19,14,3,54,53,52,28,3,4,4,7,1
2025-26,1610612750,MIN,Minnesota Timberwolves,0022500760,2026-02-08T00:00:00,MIN vs. LAC,L,48.0,92.6,98.0,120.6,118.6,-28.1,-20.6,0.459,0.81,12.9,0.38,0.795,0.562,0.214,0.494,0.518,99.5,97.5,81.25,98,0.359,1,35,35,35,4,55,41,52,56,55,54,9,4,9,55,51,52,46,55,1
2025-26,1610612750,MIN,Minnesota Timberwolves,0022500744,2026-02-06T00:00:00,MIN vs. NOP,L,48.0,119.2,118.6,119.4,122.7,-0.1,-4.1,0.55,2.2,15.5,0.39,0.718,0.52,0.103,0.489,0.54,98.1,97.0,80.83,97,0.46,1,35,35,35,4,26,47,39,44,19,48,6,24,22,9,52,48,48,45,1
2025-26,1610612750,MIN,Minnesota Timberwolves,0022500727,2026-02-04T00:00:00,MIN @ TOR,W,48.0,121.9,123.1,121.7,122.3,0.2,0.7,0.531,2.6,17.7,0.333,0.739,0.526,0.096,0.588,0.593,104.3,103.5,86.25,104,0.489,1,1,1,1,4,18,46,34,48,9,36,20,17,18,5,21,27,18,35,1
2025-26,1610612750,MIN,Minnesota Timberwolves,0022500714,2026-02-02T00:00:00,MIN @ MEM,L,48.0,128.5,129.3,135.1,138.4,-6.6,-9.1,0.545,2.67,17.4,0.308,0.646,0.47,0.091,0.578,0.618,100.5,99.0,82.5,99,0.445,1,35,35,35,4,9,54,47,45,8,39,26,44,42,3,23,22,40,47,1
2025-26,1610612750,MIN,Minnesota Timberwolves,0022500700,2026-01-31T00:00:00,MIN @ MEM,W,48.0,126.5,129.7,111.2,111.8,15.3,17.9,0.596,1.87,19.7,0.304,0.667,0.495,0.149,0.629,0.658,103.1,101.5,84.58,101,0.554,1,1,1,1,4,8,26,12,31,31,17,29,36,34,32,9,9,30,21,1
2025-26,1610612750,MIN,Minnesota Timberwolves,0022500686,2026-01-29T00:00:00,MIN vs. OKC,W,48.0,120.7,124.2,111.2,113.3,9.5,11.0,0.578,1.3,17.8,0.438,0.702,0.568,0.202,0.629,0.635,100.9,98.5,82.08,99,0.516,1,1,1,1,4,15,31,18,38,51,33,2,28,5,52,9,18,43,29,1
2025-26,1610612750,MIN,Minnesota Timberwolves,0022500677,2026-01-28T00:00:00,MIN @ DAL,W,48.0,110.4,112.4,98.9,100.0,11.5,12.4,0.605,2.17,17.8,0.278,0.635,0.453,0.114,0.521,0.557,106.5,105.0,87.5,105,0.563,1,1,1,1,4,34,7,17,29,20,33,36,50,50,18,43,41,11,17,1
2025-26,1610612750,MIN,Minnesota Timberwolves,0022500663,2026-01-26T00:00:00,MIN vs. GSW,W,48.0,102.4,100.9,76.3,77.6,26.1,23.4,0.784,1.32,19.9,0.213,0.75,0.523,0.206,0.543,0.584,107.1,107.0,89.17,107,0.689,1,1,1,1,4,54,1,8,1,48,16,50,12,21,53,28,30,6,2,1
2025-26,1610612750,MIN,Minnesota Timberwolves,0022500644,2026-01-25T00:00:00,MIN vs. GSW,L,48.0,81.9,82.5,102.7,106.7,-20.9,-24.2,0.533,0.62,12.0,0.255,0.764,0.509,0.252,0.462,0.484,105.9,103.5,86.25,103,0.319,1,35,35,35,4,56,19,55,47,56,56,42,10,25,56,55,56,18,56,1
2025-26,1610612750,MIN,Minnesota Timberwolves,0022500631,2026-01-22T00:00:00,MIN vs. CHI,L,48.0,109.9,110.6,111.6,114.3,-1.7,-3.7,0.674,2.07,20.3,0.196,0.745,0.471,0.135,0.543,0.577,106.1,104.5,87.08,104,0.479,1,35,35,35,4,40,33,38,12,22,14,53,14,41,25,29,32,14,40,1
2025-26,1610612750,MIN,Minnesota Timberwolves,0022500616,2026-01-20T00:00:00,MIN @ UTA,L,48.0,113.1,116.2,118.2,121.0,-5.1,-4.8,0.636,2.55,18.2,0.35,0.773,0.529,0.105,0.51,0.545,107.7,105.0,87.5,105,0.476,1,35,35,35,4,31,45,43,22,11,29,18,8,16,11,47,47,11,41,1
2025-26,1610612750,MIN,Minnesota Timberwolves,0022500598,2026-01-17T00:00:00,MIN @ SAS,L,48.0,121.4,123.0,125.6,127.3,-4.2,-4.3,0.524,2.0,15.9,0.373,0.627,0.5,0.11,0.544,0.601,100.8,99.5,82.92,100,0.481,1,35,35,35,4,19,49,40,51,26,46,10,51,29,16,27,24,36,37,1
2025-26,1610612750,MIN,Minnesota Timberwolves,0022500591,2026-01-16T00:00:00,MIN @ HOU,L,48.0,105.6,107.1,106.8,112.2,-1.2,-5.1,0.568,1.31,15.6,0.353,0.706,0.529,0.163,0.531,0.55,101.2,98.0,81.67,98,0.475,1,35,35,35,4,47,28,44,40,49,47,15,26,15,43,34,45,45,42,1
2025-26,1610612750,MIN,Minnesota Timberwolves,0022500566,2026-01-13T00:00:00,MIN @ MIL,W,48.0,133.3,135.0,101.6,105.0,31.7,30.0,0.673,2.31,24.2,0.366,0.755,0.578,0.155,0.717,0.714,104.3,102.0,85.0,103,0.626,1,1,1,1,4,2,15,3,13,15,2,13,11,4,34,1,1,27,8,1
2025-26,1610612750,MIN,Minnesota Timberwolves,0022500552,2026-01-11T00:00:00,MIN vs. SAS,W,48.0,106.1,105.1,100.0,103.0,6.1,2.1,0.59,2.56,16.9,0.25,0.727,0.486,0.091,0.5,0.515,100.5,99.5,82.92,99,0.54,1,1,1,1,4,49,10,32,35,10,43,44,22,38,3,49,54,36,24,1
2025-26,1610612750,MIN,Minnesota Timberwolves,0022500542,2026-01-10T00:00:00,MIN @ CLE,L,48.0,130.4,130.1,139.0,141.7,-8.7,-11.7,0.608,1.94,21.2,0.325,0.744,0.532,0.155,0.663,0.685,103.9,103.0,85.83,103,0.467,1,35,35,35,4,7,56,50,26,30,10,24,16,14,34,5,3,22,44,1
2025-26,1610612750,MIN,Minnesota Timberwolves,0022500530,2026-01-08T00:00:00,MIN vs. CLE,W,48.0,126.6,124.8,117.0,117.3,9.6,7.5,0.647,1.94,21.6,0.333,0.787,0.565,0.162,0.685,0.679,103.9,104.5,87.08,105,0.523,1,1,1,1,4,14,37,22,20,28,9,20,6,7,42,2,5,14,27,1
2025-26,1610612750,MIN,Minnesota Timberwolves,0022500513,2026-01-06T00:00:00,MIN vs. MIA,W,48.0,111.8,109.9,83.9,84.7,27.9,25.2,0.6,2.25,17.9,0.232,0.768,0.528,0.108,0.531,0.564,110.6,111.0,92.5,111,0.645,1,1,1,1,4,43,2,5,30,18,32,48,9,17,15,35,36,1,5,1
2025-26,1610612750,MIN,Minnesota Timberwolves,0022500498,2026-01-04T00:00:00,MIN @ WAS,W,48.0,131.9,134.3,108.1,109.5,23.8,24.8,0.527,2.07,18.8,0.426,0.745,0.585,0.133,0.617,0.642,106.6,105.0,87.5,105,0.617,1,1,1,1,4,3,22,6,49,22,25,3,15,1,24,13,15,11,10,1
2025-26,1610612750,MIN,Minnesota Timberwolves,0022500486,2026-01-03T00:00:00,MIN @ MIA,W,48.0,125.0,126.3,109.9,116.2,15.1,10.1,0.565,1.86,19.0,0.3,0.653,0.494,0.141,0.606,0.651,102.3,99.0,82.5,99,0.57,1,1,1,1,4,13,36,19,41,32,23,30,43,35,30,15,12,40,15,1
2025-26,1610612750,MIN,Minnesota Timberwolves,0022500463,2025-12-31T00:00:00,MIN @ ATL,L,48.0,102.1,102.0,120.0,127.3,-17.9,-25.3,0.595,1.38,16.1,0.288,0.621,0.464,0.16,0.506,0.537,102.5,99.5,82.92,100,0.4,1,35,35,35,4,52,49,56,34,46,45,34,52,44,40,48,49,36,53,1
2025-26,1610612750,MIN,Minnesota Timberwolves,0022500452,2025-12-29T00:00:00,MIN @ CHI,W,48.0,130.8,130.8,95.1,98.1,35.6,32.7,0.627,6.4,22.1,0.213,0.727,0.49,0.048,0.616,0.642,105.1,103.5,86.25,104,0.667,1,1,1,1,4,6,5,2,23,1,7,50,22,36,1,14,16,18,4,1
2025-26,1610612750,MIN,Minnesota Timberwolves,0022500439,2025-12-27T00:00:00,MIN vs. BKN,L,48.0,111.1,110.3,122.7,129.5,-11.6,-19.2,0.73,2.45,19.6,0.286,0.684,0.46,0.113,0.524,0.561,98.3,96.0,80.0,97,0.416,1,35,35,35,4,41,52,51,8,13,18,35,33,47,17,39,39,51,52,1
2025-26,1610612750,MIN,Minnesota Timberwolves,0022500013,2025-12-25T00:00:00,MIN @ DEN,L,53.0,113.9,117.9,117.3,119.3,-3.4,-1.4,0.608,2.07,19.1,0.255,0.673,0.464,0.128,0.548,0.589,109.7,106.87,89.06,117,0.493,1,35,35,35,1,27,42,35,26,24,21,42,35,44,23,26,29,8,34,1
2025-26,1610612750,MIN,Minnesota Timberwolves,0022500416,2025-12-23T00:00:00,MIN vs. NYK,W,48.0,110.4,111.7,97.6,102.0,12.9,9.7,0.595,2.27,17.6,0.264,0.617,0.451,0.107,0.532,0.558,105.4,102.5,85.42,103,0.587,1,1,1,1,4,38,9,21,32,16,37,40,54,51,13,33,40,25,12,1
2025-26,1610612750,MIN,Minnesota Timberwolves,0022500400,2025-12-21T00:00:00,MIN vs. MIL,W,48.0,106.1,104.0,97.3,101.0,8.8,3.0,0.757,2.8,20.1,0.218,0.667,0.44,0.101,0.5,0.525,100.0,99.0,82.5,99,0.513,1,1,1,1,4,50,8,30,3,4,15,49,36,53,7,49,51,40,31,1
2025-26,1610612750,MIN,Minnesota Timberwolves,0022500385,2025-12-19T00:00:00,MIN vs. OKC,W,48.0,108.0,108.7,102.7,103.9,5.3,4.9,0.606,1.54,13.7,0.348,0.733,0.532,0.126,0.449,0.515,103.9,103.0,85.83,103,0.52,1,1,1,1,4,45,12,26,28,42,53,19,21,13,20,56,53,22,28,1
2025-26,1610612750,MIN,Minnesota Timberwolves,0022500368,2025-12-17T00:00:00,MIN vs. MEM,L,48.0,98.3,102.8,105.5,108.4,-7.1,-5.6,0.667,1.44,16.6,0.369,0.643,0.496,0.168,0.464,0.501,110.9,107.0,89.17,107,0.468,1,35,35,35,4,51,20,45,14,45,44,12,47,31,44,54,55,6,43,1
2025-26,1610612750,MIN,Minnesota Timberwolves,0022501220,2025-12-14T00:00:00,MIN vs. SAC,W,48.0,113.7,117.0,100.0,103.0,13.7,14.0,0.581,2.08,17.4,0.352,0.822,0.566,0.12,0.521,0.553,102.9,100.0,83.33,100,0.551,1,1,1,1,4,29,10,16,37,21,40,16,1,6,19,43,44,34,22,1
2025-26,1610612750,MIN,Minnesota Timberwolves,0022501215,2025-12-12T00:00:00,MIN @ GSW,W,48.0,125.3,122.1,112.5,117.6,12.9,4.5,0.625,2.73,20.4,0.289,0.685,0.505,0.106,0.601,0.627,104.0,103.0,85.83,104,0.557,1,1,1,1,4,21,38,28,24,6,12,32,32,26,12,16,21,22,19,1
2025-26,1610612750,MIN,Minnesota Timberwolves,0022500365,2025-12-08T00:00:00,MIN vs. PHX,L,48.0,110.4,111.7,115.1,116.1,-4.8,-4.4,0.667,1.73,18.8,0.36,0.673,0.52,0.16,0.536,0.564,94.5,93.5,77.92,94,0.486,1,35,35,35,4,37,35,41,14,35,24,14,34,23,39,32,37,54,36,1
2025-26,1610612750,MIN,Minnesota Timberwolves,0022500355,2025-12-06T00:00:00,MIN vs. LAC,W,48.0,119.8,121.1,109.3,115.2,10.6,5.9,0.676,1.64,19.2,0.2,0.646,0.458,0.156,0.581,0.657,94.0,91.0,75.83,90,0.586,1,1,1,1,4,23,34,24,11,38,20,52,44,48,36,22,10,56,13,1
2025-26,1610612750,MIN,Minnesota Timberwolves,0022500337,2025-12-04T00:00:00,MIN @ NOP,W,48.0,110.9,111.6,105.0,105.5,5.8,6.2,0.714,1.5,19.1,0.308,0.811,0.562,0.179,0.538,0.597,111.6,111.0,92.5,112,0.514,1,1,1,1,4,39,16,23,9,44,22,26,2,8,48,31,26,1,30,1
2025-26,1610612750,MIN,Minnesota Timberwolves,0022500321,2025-12-02T00:00:00,MIN @ NOP,W,53.0,128.7,133.0,125.2,127.9,3.5,5.1,0.558,3.22,18.7,0.264,0.78,0.489,0.08,0.596,0.638,103.8,100.98,84.15,112,0.505,1,1,1,1,1,4,51,25,43,2,27,40,7,37,2,19,17,32,33,1
2025-26,1610612750,MIN,Minnesota Timberwolves,0022500306,2025-11-30T00:00:00,MIN vs. SAS,W,48.0,130.6,133.0,117.4,117.9,13.1,15.1,0.714,2.69,24.8,0.3,0.75,0.525,0.138,0.661,0.674,95.5,94.5,78.75,94,0.555,1,1,1,1,4,5,39,13,9,7,1,30,12,20,27,6,6,53,20,1
2025-26,1610612750,MIN,Minnesota Timberwolves,0022500293,2025-11-29T00:00:00,MIN vs. BOS,W,48.0,116.9,124.0,115.5,119.8,1.4,4.2,0.756,2.07,22.5,0.289,0.667,0.495,0.156,0.62,0.648,100.7,96.0,80.0,96,0.531,1,1,1,1,4,16,44,29,4,24,5,32,36,33,38,12,14,51,26,1
2025-26,1610612750,MIN,Minnesota Timberwolves,0022500064,2025-11-26T00:00:00,MIN @ OKC,L,48.0,104.7,106.1,112.2,113.0,-7.5,-6.9,0.758,1.56,17.7,0.315,0.791,0.526,0.162,0.519,0.545,100.5,99.5,82.92,99,0.432,1,35,35,35,4,48,30,46,2,40,35,25,5,18,41,45,46,36,48,1
2025-26,1610612750,MIN,Minnesota Timberwolves,0022500292,2025-11-24T00:00:00,MIN @ SAC,L,53.0,104.0,101.8,106.1,106.4,-2.0,-4.5,0.525,1.31,14.3,0.276,0.737,0.504,0.145,0.479,0.525,98.7,99.62,83.02,110,0.448,1,35,35,35,1,53,17,42,50,49,51,38,18,28,31,53,50,35,46,1
2025-26,1610612750,MIN,Minnesota Timberwolves,0022500053,2025-11-21T00:00:00,MIN @ PHX,L,48.0,104.1,108.7,106.8,110.7,-2.7,-2.0,0.462,0.82,12.8,0.389,0.565,0.47,0.212,0.523,0.562,107.6,103.5,86.25,104,0.48,1,35,35,35,4,46,24,36,55,54,55,7,55,42,54,41,38,18,39,1
2025-26,1610612750,MIN,Minnesota Timberwolves,0022500259,2025-11-19T00:00:00,MIN vs. WAS,W,48.0,121.1,122.4,110.9,112.4,10.2,10.1,0.667,2.8,18.8,0.411,0.702,0.544,0.102,0.516,0.555,98.7,97.5,81.25,98,0.565,1,1,1,1,4,20,29,20,14,4,26,4,28,12,8,46,43,46,16,1
2025-26,1610612750,MIN,Minnesota Timberwolves,0022500246,2025-11-17T00:00:00,MIN vs. DAL,W,48.0,108.1,110.1,88.4,88.9,19.7,21.2,0.614,1.59,17.3,0.351,0.807,0.579,0.156,0.526,0.556,109.8,108.5,90.42,109,0.696,1,1,1,1,4,42,3,10,25,39,41,17,3,3,37,38,42,4,1,1
2025-26,1610612750,MIN,Minnesota Timberwolves,0022500232,2025-11-15T00:00:00,MIN vs. DEN,L,48.0,108.6,109.8,119.7,119.4,-11.1,-9.6,0.561,1.77,17.3,0.17,0.702,0.436,0.127,0.523,0.571,102.9,102.5,85.42,102,0.432,1,35,35,35,4,44,43,48,42,33,42,55,28,54,21,42,33,25,49,1
2025-26,1610612750,MIN,Minnesota Timberwolves,0022500044,2025-11-14T00:00:00,MIN vs. SAC,W,48.0,114.2,119.2,102.9,104.8,11.3,14.5,0.667,1.56,18.4,0.385,0.69,0.545,0.173,0.558,0.598,107.7,104.5,87.08,104,0.56,1,1,1,1,4,24,14,14,14,41,28,8,31,11,45,25,25,14,18,1
2025-26,1610612750,MIN,Minnesota Timberwolves,0022500205,2025-11-10T00:00:00,MIN @ UTA,W,48.0,113.9,116.5,108.1,111.9,5.9,4.6,0.595,2.27,18.0,0.25,0.655,0.472,0.107,0.528,0.592,104.9,102.0,85.0,103,0.55,1,1,1,1,4,30,27,27,32,16,30,44,41,40,13,37,28,27,23,1
2025-26,1610612750,MIN,Minnesota Timberwolves,0022500197,2025-11-09T00:00:00,MIN @ SAC,W,48.0,131.4,135.8,106.7,110.4,24.7,25.5,0.538,2.55,19.2,0.277,0.704,0.505,0.104,0.629,0.669,109.6,106.0,88.33,106,0.61,1,1,1,1,4,1,23,4,46,11,19,37,27,27,10,11,7,10,11,1
2025-26,1610612750,MIN,Minnesota Timberwolves,0022500036,2025-11-07T00:00:00,MIN vs. UTA,W,48.0,127.0,128.0,90.7,91.5,36.3,36.5,0.64,1.52,20.4,0.409,0.71,0.585,0.196,0.665,0.686,107.4,106.5,88.75,107,0.689,1,1,1,1,4,10,4,1,21,43,13,5,25,2,51,4,2,9,3,1
2025-26,1610612750,MIN,Minnesota Timberwolves,0022500175,2025-11-05T00:00:00,MIN @ NYK,L,48.0,115.8,118.8,138.4,141.2,-22.7,-22.5,0.75,1.76,21.9,0.273,0.5,0.391,0.177,0.596,0.63,98.7,96.5,80.42,96,0.426,1,35,35,35,4,25,55,54,5,34,8,39,56,56,47,18,19,50,51,1
2025-26,1610612750,MIN,Minnesota Timberwolves,0022500156,2025-11-03T00:00:00,MIN @ BKN,W,48.0,129.7,127.6,109.3,113.5,20.4,14.0,0.75,1.94,22.1,0.439,0.639,0.559,0.173,0.654,0.669,98.1,97.0,80.83,98,0.624,1,1,1,1,4,12,32,15,5,28,6,1,48,10,46,7,8,48,9,1
2025-26,1610612750,MIN,Minnesota Timberwolves,0022500143,2025-11-01T00:00:00,MIN @ CHA,W,48.0,123.0,122.0,103.1,104.0,20.0,18.0,0.66,3.1,23.0,0.098,0.736,0.457,0.1,0.638,0.655,100.5,100.5,83.75,100,0.58,1,1,1,1,4,22,13,11,18,3,4,56,19,49,6,8,11,33,14,1
2025-26,1610612750,MIN,Minnesota Timberwolves,0022500136,2025-10-29T00:00:00,MIN vs. LAL,L,48.0,114.2,116.2,115.2,118.4,-1.0,-2.2,0.732,1.67,20.8,0.326,0.659,0.483,0.182,0.591,0.627,100.7,98.5,82.08,99,0.481,1,35,35,35,4,32,40,37,7,37,11,23,40,39,50,20,20,43,38,1
2025-26,1610612750,MIN,Minnesota Timberwolves,0022500008,2025-10-27T00:00:00,MIN vs. DEN,L,48.0,107.8,112.9,123.3,123.3,-15.5,-10.4,0.475,1.27,14.5,0.234,0.644,0.435,0.149,0.529,0.583,104.4,102.0,85.0,101,0.431,1,35,35,35,4,33,48,49,54,52,50,47,46,55,32,36,31,27,50,1
2025-26,1610612750,MIN,Minnesota Timberwolves,0022500110,2025-10-26T00:00:00,MIN vs. IND,W,48.0,112.6,111.8,105.9,108.9,6.7,2.9,0.487,1.36,13.8,0.327,0.655,0.5,0.137,0.524,0.568,102.6,101.5,84.58,102,0.535,1,1,1,1,4,36,21,31,53,47,52,22,41,29,26,40,34,30,25,1
2025-26,1610612750,MIN,Minnesota Timberwolves,0022500019,2025-10-24T00:00:00,MIN @ LAL,L,48.0,116.7,117.0,134.6,137.6,-17.9,-20.6,0.585,2.0,17.5,0.373,0.735,0.518,0.128,0.54,0.566,94.7,93.5,77.92,94,0.386,1,35,35,35,4,28,53,53,36,26,38,10,20,24,22,30,35,54,54,1
2025-26,1610612750,MIN,Minnesota Timberwolves,0022500089,2025-10-22T00:00:00,MIN @ POR,W,48.0,111.8,112.4,99.7,110.7,12.1,1.7,0.5,1.11,14.9,0.306,0.667,0.495,0.181,0.576,0.611,110.0,104.0,86.67,105,0.511,1,1,1,1,4,34,24,33,52,53,49,28,36,32,49,24,23,17,32,1
2025-26,1610612751,BKN,Brooklyn Nets,0022500779,2026-02-11T00:00:00,BKN vs. IND,L,48.0,108.4,107.8,113.7,112.7,-5.2,-4.9,0.658,1.47,17.4,0.333,0.776,0.55,0.167,0.529,0.57,101.3,102.0,85.0,102,0.464,1,16,16,16,3,36,16,21,26,28,32,20,8,7,31,27,24,7,19,1
2025-26,1610612751,BKN,Brooklyn Nets,0022500762,2026-02-09T00:00:00,BKN vs. CHI,W,48.0,110.2,113.9,103.5,107.5,6.6,6.4,0.622,1.4,18.3,0.362,0.673,0.529,0.185,0.58,0.605,111.4,107.5,89.58,108,0.561,1,1,1,1,3,21,11,14,39,33,24,10,33,16,38,12,13,1,10,1
2025-26,1610612751,BKN,Brooklyn Nets,0022500747,2026-02-07T00:00:00,BKN vs. WAS,W,48.0,127.8,128.3,109.5,114.1,18.3,14.1,0.72,2.77,24.0,0.357,0.75,0.558,0.131,0.621,0.639,101.3,99.0,82.5,99,0.598,1,1,1,1,3,5,19,7,16,6,2,14,11,4,14,3,7,18,4,1
2025-26,1610612751,BKN,Brooklyn Nets,0022500734,2026-02-05T00:00:00,BKN @ ORL,L,48.0,95.4,100.0,115.8,121.6,-20.5,-21.6,0.647,1.16,16.2,0.315,0.641,0.452,0.194,0.488,0.517,102.3,97.5,81.25,98,0.311,1,16,16,16,3,47,32,45,31,47,43,25,38,38,42,38,42,24,51,1
2025-26,1610612751,BKN,Brooklyn Nets,0022500719,2026-02-03T00:00:00,BKN vs. LAL,L,48.0,104.6,105.8,120.0,121.4,-15.4,-15.5,0.622,1.4,18.9,0.358,0.708,0.525,0.194,0.532,0.544,104.2,103.0,85.83,103,0.42,1,16,16,16,3,41,30,39,39,33,19,13,22,17,43,24,36,4,33,1
2025-26,1610612751,BKN,Brooklyn Nets,0022500704,2026-02-01T00:00:00,BKN @ DET,L,48.0,77.1,76.2,129.0,130.0,-51.9,-53.8,0.708,0.68,13.1,0.235,0.854,0.511,0.248,0.377,0.454,100.3,100.5,83.75,101,0.202,1,16,16,16,3,52,47,52,17,53,52,44,1,23,53,52,52,11,52,1
2025-26,1610612751,BKN,Brooklyn Nets,0022500694,2026-01-30T00:00:00,BKN @ UTA,W,48.0,114.4,118.5,108.4,106.5,6.0,12.0,0.692,2.25,20.0,0.333,0.844,0.581,0.13,0.561,0.578,93.3,92.5,77.08,92,0.549,1,1,1,1,3,9,9,8,22,10,16,20,2,1,13,16,21,43,11,1
2025-26,1610612751,BKN,Brooklyn Nets,0022500684,2026-01-29T00:00:00,BKN @ DEN,L,48.0,117.2,118.4,117.6,121.6,-0.4,-3.2,0.649,2.67,18.9,0.314,0.735,0.52,0.103,0.518,0.554,89.5,87.5,72.92,87,0.471,1,16,16,16,3,10,31,19,30,7,20,26,13,19,3,29,32,53,17,1
2025-26,1610612751,BKN,Brooklyn Nets,0022500669,2026-01-27T00:00:00,BKN @ PHX,L,48.0,109.3,114.6,116.7,117.8,-7.5,-3.2,0.737,1.27,20.9,0.436,0.639,0.533,0.247,0.593,0.612,92.1,89.5,74.58,89,0.46,1,16,16,16,3,18,24,18,12,40,13,1,39,15,52,10,12,51,22,1
2025-26,1610612751,BKN,Brooklyn Nets,0022500656,2026-01-25T00:00:00,BKN @ LAC,L,48.0,85.6,87.3,122.6,123.5,-37.0,-36.3,0.793,1.35,16.8,0.207,0.757,0.421,0.167,0.394,0.464,103.4,102.0,85.0,102,0.32,1,16,16,16,3,51,36,50,3,36,37,52,10,47,31,51,50,7,49,1
2025-26,1610612751,BKN,Brooklyn Nets,0022500637,2026-01-23T00:00:00,BKN vs. BOS,L,58.0,112.5,114.5,112.0,118.2,0.5,-3.6,0.524,1.22,14.3,0.404,0.714,0.567,0.164,0.511,0.573,94.3,91.03,75.86,110,0.488,1,16,16,16,1,19,25,20,53,43,51,3,18,3,29,34,23,49,15,1
2025-26,1610612751,BKN,Brooklyn Nets,0022500622,2026-01-21T00:00:00,BKN @ NYK,L,48.0,69.7,71.0,131.2,129.0,-61.5,-58.1,0.652,1.07,13.0,0.138,0.743,0.366,0.151,0.361,0.39,93.1,93.0,77.5,93,0.138,1,16,16,16,3,53,46,53,28,52,53,53,12,53,23,53,53,41,53,1
2025-26,1610612751,BKN,Brooklyn Nets,0022500610,2026-01-19T00:00:00,BKN vs. PHX,L,48.0,128.2,130.0,135.3,141.6,-7.1,-11.6,0.683,3.5,21.7,0.256,0.657,0.436,0.089,0.599,0.648,92.2,89.5,74.58,90,0.462,1,16,16,16,3,3,52,32,24,1,9,38,35,45,2,9,5,51,21,1
2025-26,1610612751,BKN,Brooklyn Nets,0022500603,2026-01-18T00:00:00,BKN @ CHI,L,48.0,109.0,109.7,127.9,134.8,-18.9,-25.1,0.868,3.0,24.3,0.229,0.688,0.458,0.118,0.554,0.569,95.3,92.5,77.08,93,0.416,1,16,16,16,3,31,50,48,1,3,1,47,30,35,9,19,25,43,34,1
2025-26,1610612751,BKN,Brooklyn Nets,0022500587,2026-01-16T00:00:00,BKN vs. CHI,W,48.0,110.4,114.3,110.3,110.1,0.0,4.2,0.769,2.14,21.0,0.283,0.82,0.544,0.143,0.533,0.569,100.1,98.5,82.08,98,0.473,1,1,1,1,3,20,14,15,5,14,12,32,4,12,19,23,26,20,16,1
2025-26,1610612751,BKN,Brooklyn Nets,0022500574,2026-01-14T00:00:00,BKN @ NOP,L,48.0,111.6,115.3,117.2,118.4,-5.6,-3.1,0.533,2.18,17.5,0.278,0.61,0.451,0.112,0.558,0.563,100.1,98.0,81.67,98,0.454,1,16,16,16,3,16,26,17,51,12,29,33,42,39,8,18,28,23,24,1
2025-26,1610612751,BKN,Brooklyn Nets,0022500561,2026-01-12T00:00:00,BKN @ DAL,L,48.0,106.3,109.4,116.4,117.7,-10.2,-8.3,0.59,1.35,16.8,0.367,0.698,0.522,0.177,0.506,0.554,97.9,96.0,80.0,96,0.448,1,16,16,16,3,32,23,27,45,36,37,8,28,18,35,35,33,32,28,1
2025-26,1610612751,BKN,Brooklyn Nets,0022500549,2026-01-11T00:00:00,BKN @ MEM,L,48.0,106.5,106.5,108.5,113.2,-2.0,-6.7,0.694,2.5,18.9,0.268,0.608,0.43,0.109,0.511,0.516,93.5,91.5,76.25,92,0.45,1,16,16,16,3,38,17,25,20,8,18,35,45,46,6,33,43,47,27,1
2025-26,1610612751,BKN,Brooklyn Nets,0022500535,2026-01-09T00:00:00,BKN vs. LAC,L,48.0,107.3,112.9,128.2,130.1,-20.9,-17.2,0.65,2.17,18.1,0.426,0.688,0.516,0.129,0.475,0.501,96.1,93.0,77.5,93,0.384,1,16,16,16,3,24,48,42,29,13,27,2,30,21,12,45,49,41,43,1
2025-26,1610612751,BKN,Brooklyn Nets,0022500521,2026-01-07T00:00:00,BKN vs. ORL,L,53.0,100.3,103.0,102.0,102.0,-1.7,1.0,0.639,1.1,16.3,0.34,0.61,0.482,0.21,0.517,0.538,92.6,91.47,76.23,100,0.463,1,16,16,16,2,44,3,16,34,51,42,18,42,31,49,30,37,48,20,1
2025-26,1610612751,BKN,Brooklyn Nets,0022500496,2026-01-04T00:00:00,BKN vs. DEN,W,48.0,133.3,133.7,115.8,122.3,17.5,11.3,0.707,2.9,20.9,0.349,0.723,0.544,0.105,0.593,0.653,97.3,94.5,78.75,95,0.568,1,1,1,1,3,1,33,9,18,5,14,17,14,10,4,11,4,37,9,1
2025-26,1610612751,BKN,Brooklyn Nets,0022500477,2026-01-02T00:00:00,BKN @ WAS,L,48.0,94.0,96.1,113.3,116.7,-19.3,-20.6,0.588,1.25,14.7,0.241,0.587,0.4,0.155,0.43,0.503,105.2,102.5,85.42,103,0.407,1,16,16,16,3,49,22,44,46,42,48,42,50,51,27,50,47,6,37,1
2025-26,1610612751,BKN,Brooklyn Nets,0022500471,2026-01-01T00:00:00,BKN vs. HOU,L,48.0,104.1,107.9,132.0,131.9,-27.9,-24.0,0.529,1.38,15.1,0.255,0.583,0.398,0.146,0.513,0.538,91.6,90.0,75.0,89,0.346,1,16,16,16,3,35,49,47,52,35,47,39,51,52,21,32,38,50,46,1
2025-26,1610612751,BKN,Brooklyn Nets,0022500449,2025-12-29T00:00:00,BKN vs. GSW,L,48.0,111.3,110.3,120.0,125.0,-8.7,-14.7,0.611,1.47,17.1,0.261,0.684,0.452,0.155,0.563,0.594,98.0,96.5,80.42,97,0.398,1,16,16,16,3,29,40,37,43,30,34,37,32,37,26,15,14,30,40,1
2025-26,1610612751,BKN,Brooklyn Nets,0022500439,2025-12-27T00:00:00,BKN @ MIN,W,48.0,122.7,129.5,111.1,110.3,11.6,19.2,0.696,2.0,23.0,0.316,0.714,0.54,0.168,0.613,0.66,98.3,96.0,80.0,95,0.584,1,1,1,1,3,4,15,4,19,17,5,24,18,14,34,4,3,32,5,1
2025-26,1610612751,BKN,Brooklyn Nets,0022500410,2025-12-23T00:00:00,BKN @ PHI,W,48.0,110.1,115.2,104.2,107.1,5.9,8.1,0.686,1.26,17.0,0.367,0.615,0.495,0.192,0.53,0.591,102.6,99.0,82.5,99,0.522,1,1,1,1,3,17,10,13,23,41,35,8,41,27,40,26,15,18,14,1
2025-26,1610612751,BKN,Brooklyn Nets,0022500397,2025-12-21T00:00:00,BKN vs. TOR,W,48.0,97.9,99.0,84.8,82.7,13.1,16.3,0.829,1.32,21.3,0.233,0.8,0.551,0.227,0.56,0.585,96.8,97.5,81.25,97,0.623,1,1,1,1,3,48,2,5,2,38,10,45,6,6,51,17,19,24,2,1
2025-26,1610612751,BKN,Brooklyn Nets,0022500373,2025-12-18T00:00:00,BKN vs. MIA,L,48.0,94.2,96.0,103.6,106.0,-9.3,-10.0,0.632,1.85,17.0,0.29,0.706,0.478,0.131,0.444,0.462,101.6,99.5,82.92,99,0.414,1,16,16,16,3,50,8,30,37,20,35,30,23,32,14,49,51,13,35,1
2025-26,1610612751,BKN,Brooklyn Nets,0022501219,2025-12-14T00:00:00,BKN vs. MIL,W,48.0,125.3,128.3,82.8,82.0,42.5,46.3,0.733,2.36,23.6,0.22,0.816,0.544,0.141,0.641,0.68,100.2,99.5,82.92,99,0.73,1,1,1,1,3,5,1,1,13,9,4,49,5,10,18,1,2,13,1,1
2025-26,1610612751,BKN,Brooklyn Nets,0022501214,2025-12-12T00:00:00,BKN @ DAL,L,48.0,108.4,108.8,109.5,114.4,-1.1,-5.6,0.667,1.53,18.8,0.208,0.7,0.459,0.167,0.552,0.588,105.5,103.0,85.83,102,0.459,1,16,16,16,3,33,20,24,25,26,21,51,26,34,31,20,16,4,23,1
2025-26,1610612751,BKN,Brooklyn Nets,0022500350,2025-12-06T00:00:00,BKN vs. NOP,W,48.0,116.5,122.7,103.4,103.1,13.1,19.6,0.766,1.8,24.0,0.378,0.702,0.543,0.206,0.607,0.625,99.9,97.5,81.25,97,0.571,1,1,1,1,3,7,7,3,7,23,2,6,25,13,47,7,9,24,7,1
2025-26,1610612751,BKN,Brooklyn Nets,0022500335,2025-12-04T00:00:00,BKN vs. UTA,L,48.0,107.1,110.0,124.4,124.2,-17.3,-14.2,0.629,1.22,15.7,0.36,0.78,0.549,0.18,0.494,0.557,100.8,99.5,82.92,100,0.422,1,16,16,16,3,30,38,36,38,43,44,12,7,8,36,37,31,13,32,1
2025-26,1610612751,BKN,Brooklyn Nets,0022500329,2025-12-03T00:00:00,BKN @ CHI,W,48.0,111.1,111.9,97.2,102.0,14.0,9.9,0.789,1.43,21.3,0.233,0.691,0.49,0.208,0.609,0.644,103.8,101.0,84.17,101,0.569,1,1,1,1,3,27,4,11,4,32,11,45,29,29,48,6,6,10,8,1
2025-26,1610612751,BKN,Brooklyn Nets,0022500312,2025-12-01T00:00:00,BKN vs. CHA,W,48.0,114.3,117.2,99.1,103.0,15.2,14.2,0.767,3.0,22.1,0.304,0.72,0.5,0.111,0.536,0.56,102.7,99.5,82.92,99,0.533,1,1,1,1,3,12,6,6,6,3,8,27,15,25,7,22,30,13,13,1
2025-26,1610612751,BKN,Brooklyn Nets,0022500297,2025-11-29T00:00:00,BKN @ MIL,L,48.0,100.5,106.5,124.1,123.4,-23.6,-17.0,0.639,1.15,17.8,0.295,0.651,0.471,0.215,0.571,0.586,96.0,93.5,77.92,93,0.372,1,16,16,16,3,40,35,41,34,48,28,29,36,33,50,13,17,39,45,1
2025-26,1610612751,BKN,Brooklyn Nets,0022500070,2025-11-28T00:00:00,BKN vs. PHI,L,48.0,102.5,105.1,115.2,116.2,-12.7,-11.1,0.618,1.17,15.3,0.34,0.717,0.515,0.184,0.476,0.534,100.1,98.5,82.08,98,0.397,1,16,16,16,3,42,21,31,41,46,46,18,16,22,37,44,39,20,41,1
2025-26,1610612751,BKN,Brooklyn Nets,0022500285,2025-11-24T00:00:00,BKN vs. NYK,L,48.0,103.8,107.5,121.3,120.2,-17.5,-12.7,0.576,1.9,14.5,0.328,0.761,0.519,0.108,0.46,0.503,94.7,93.5,77.92,93,0.401,1,16,16,16,3,37,28,34,47,18,50,22,9,20,5,48,48,39,38,1
2025-26,1610612751,BKN,Brooklyn Nets,0022500279,2025-11-23T00:00:00,BKN @ TOR,L,48.0,111.6,116.0,119.3,125.3,-7.7,-9.3,0.657,1.21,17.4,0.357,0.717,0.545,0.202,0.547,0.615,98.7,94.5,78.75,94,0.45,1,16,16,16,3,14,42,29,27,45,31,14,16,9,46,21,11,37,26,1
2025-26,1610612751,BKN,Brooklyn Nets,0022500049,2025-11-21T00:00:00,BKN @ BOS,W,48.0,115.0,116.5,110.3,108.2,4.7,8.2,0.721,2.21,22.6,0.22,0.712,0.495,0.144,0.604,0.619,96.7,97.0,80.83,97,0.574,1,1,1,1,3,13,13,12,15,11,6,49,20,28,20,8,10,27,6,1
2025-26,1610612751,BKN,Brooklyn Nets,0022500250,2025-11-18T00:00:00,BKN vs. BOS,L,48.0,103.3,104.2,117.2,118.9,-13.9,-14.7,0.758,1.79,18.4,0.286,0.7,0.458,0.147,0.488,0.527,96.2,95.0,79.17,95,0.429,1,16,16,16,3,43,27,38,10,24,23,31,26,35,22,38,41,35,31,1
2025-26,1610612751,BKN,Brooklyn Nets,0022500235,2025-11-16T00:00:00,BKN @ WAS,W,48.0,126.0,130.3,103.2,108.2,22.7,22.1,0.762,2.13,22.5,0.268,0.837,0.578,0.152,0.639,0.683,102.5,98.5,82.08,99,0.621,1,1,1,1,3,2,12,2,9,15,7,34,3,2,25,2,1,20,3,1
2025-26,1610612751,BKN,Brooklyn Nets,0022500040,2025-11-14T00:00:00,BKN @ ORL,L,48.0,102.0,106.5,105.8,114.1,-3.8,-7.6,0.605,3.29,18.1,0.222,0.622,0.404,0.076,0.483,0.51,97.6,92.0,76.67,92,0.464,1,16,16,16,3,38,18,26,44,2,26,48,40,50,1,41,46,46,18,1
2025-26,1610612751,BKN,Brooklyn Nets,0022500207,2025-11-11T00:00:00,BKN vs. TOR,L,48.0,107.8,113.5,121.4,122.7,-13.6,-9.1,0.75,1.85,18.2,0.24,0.66,0.443,0.135,0.481,0.573,99.5,96.5,80.42,96,0.439,1,16,16,16,3,22,34,28,11,20,25,43,34,41,16,43,22,30,30,1
2025-26,1610612751,BKN,Brooklyn Nets,0022500192,2025-11-09T00:00:00,BKN @ NYK,L,48.0,101.5,102.1,134.8,141.1,-33.3,-39.0,0.636,1.11,15.6,0.353,0.558,0.447,0.198,0.488,0.529,98.0,95.5,79.58,96,0.316,1,16,16,16,3,46,51,51,36,49,45,16,53,40,44,38,40,34,50,1
2025-26,1610612751,BKN,Brooklyn Nets,0022500031,2025-11-07T00:00:00,BKN vs. DET,L,48.0,103.4,108.1,124.8,125.0,-21.3,-16.9,0.765,1.3,19.1,0.245,0.61,0.411,0.202,0.531,0.585,101.8,99.5,82.92,99,0.343,1,16,16,16,3,34,40,40,8,39,17,41,44,48,45,25,18,13,47,1
2025-26,1610612751,BKN,Brooklyn Nets,0022500173,2025-11-05T00:00:00,BKN @ IND,W,48.0,106.3,112.0,96.5,102.0,9.7,10.0,0.722,1.86,18.6,0.255,0.607,0.44,0.14,0.5,0.552,106.1,100.5,83.75,100,0.541,1,1,1,1,3,26,4,10,14,19,22,40,46,43,17,36,34,11,12,1
2025-26,1610612751,BKN,Brooklyn Nets,0022500156,2025-11-03T00:00:00,BKN vs. MIN,L,48.0,109.3,113.5,129.7,127.6,-20.4,-14.0,0.694,2.08,17.5,0.361,0.561,0.441,0.125,0.472,0.516,98.1,97.0,80.83,96,0.376,1,16,16,16,3,22,44,35,20,16,30,11,52,42,10,46,44,27,44,1
2025-26,1610612751,BKN,Brooklyn Nets,0022500149,2025-11-02T00:00:00,BKN vs. PHI,L,48.0,96.8,102.9,121.1,126.5,-24.3,-23.5,0.538,1.11,14.7,0.37,0.646,0.5,0.186,0.467,0.512,107.5,102.0,85.0,102,0.4,1,16,16,16,3,45,43,46,49,49,49,7,37,25,39,47,45,7,39,1
2025-26,1610612751,BKN,Brooklyn Nets,0022500130,2025-10-29T00:00:00,BKN vs. ATL,L,48.0,111.0,115.5,119.8,120.6,-8.8,-5.2,0.575,1.44,16.4,0.396,0.712,0.552,0.165,0.517,0.561,99.3,97.0,80.83,97,0.452,1,16,16,16,3,15,29,22,48,31,41,4,20,5,30,31,29,27,25,1
2025-26,1610612751,BKN,Brooklyn Nets,0022500116,2025-10-27T00:00:00,BKN @ HOU,L,48.0,117.3,117.2,140.6,148.9,-23.3,-31.7,0.537,1.57,16.7,0.392,0.605,0.483,0.151,0.564,0.58,95.2,92.5,77.08,93,0.339,1,16,16,16,3,11,53,49,50,25,39,5,47,30,23,14,20,43,48,1
2025-26,1610612751,BKN,Brooklyn Nets,0022500105,2025-10-26T00:00:00,BKN @ SAS,L,48.0,108.6,112.6,120.6,124.2,-12.0,-11.6,0.647,1.83,16.5,0.302,0.605,0.438,0.126,0.483,0.548,98.2,95.0,79.17,95,0.408,1,16,16,16,3,25,37,33,31,22,40,28,48,44,11,42,35,35,36,1
2025-26,1610612751,BKN,Brooklyn Nets,0022500091,2025-10-24T00:00:00,BKN vs. CLE,L,48.0,113.7,119.2,124.3,124.8,-10.6,-5.5,0.612,1.5,20.1,0.319,0.705,0.505,0.192,0.609,0.626,107.2,104.5,87.08,104,0.441,1,16,16,16,3,8,39,23,42,27,15,23,24,24,41,5,8,3,29,1
2025-26,1610612751,BKN,Brooklyn Nets,0022500080,2025-10-22T00:00:00,BKN @ CHA,L,48.0,108.4,110.4,126.5,128.3,-18.1,-17.9,0.641,1.47,17.1,0.268,0.591,0.41,0.16,0.523,0.568,107.7,106.0,88.33,106,0.391,1,16,16,16,3,28,45,43,33,28,33,35,49,49,28,28,27,2,42,1
2025-26,1610612752,NYK,New York Knicks,0022500780,2026-02-11T00:00:00,NYK @ PHI,W,48.0,130.3,134.0,86.2,86.4,44.1,47.6,0.854,2.73,25.6,0.364,0.719,0.564,0.146,0.637,0.671,104.6,103.0,85.83,103,0.749,1,1,1,1,3,5,2,2,1,12,1,16,26,10,36,6,6,8,2,1
2025-26,1610612752,NYK,New York Knicks,0022500771,2026-02-10T00:00:00,NYK vs. IND,L,53.0,115.6,119.6,120.8,120.2,-5.1,-0.5,0.66,2.75,21.0,0.226,0.82,0.515,0.107,0.57,0.599,103.8,102.34,85.28,112,0.477,1,36,36,36,2,31,37,36,19,11,17,51,5,29,10,25,28,14,41,1
2025-26,1610612752,NYK,New York Knicks,0022500757,2026-02-08T00:00:00,NYK @ BOS,W,48.0,117.4,120.7,94.1,94.7,23.3,26.0,0.575,2.88,18.3,0.261,0.678,0.495,0.087,0.566,0.593,94.6,93.0,77.5,92,0.63,1,1,1,1,3,26,5,8,47,9,32,44,37,37,3,26,30,49,8,1
2025-26,1610612752,NYK,New York Knicks,0022500742,2026-02-06T00:00:00,NYK @ DET,L,48.0,84.7,84.2,124.7,126.9,-40.1,-42.7,0.759,1.47,16.8,0.264,0.775,0.484,0.158,0.402,0.447,94.5,94.0,78.33,95,0.292,1,36,36,36,3,55,48,55,3,42,42,43,11,43,42,55,55,40,55,1
2025-26,1610612752,NYK,New York Knicks,0022500726,2026-02-04T00:00:00,NYK vs. DEN,W,58.0,120.3,120.7,107.7,114.4,12.6,6.3,0.56,2.33,18.3,0.269,0.617,0.455,0.108,0.59,0.618,94.9,91.86,76.55,111,0.525,1,1,1,1,1,25,32,28,48,19,31,42,53,51,12,17,16,54,27,1
2025-26,1610612752,NYK,New York Knicks,0022500718,2026-02-03T00:00:00,NYK @ WAS,W,48.0,129.6,130.7,98.0,100.0,31.6,30.7,0.723,3.78,23.4,0.217,0.737,0.505,0.089,0.617,0.648,102.5,101.0,84.17,101,0.678,1,1,1,1,3,8,8,5,7,3,2,53,19,32,5,12,9,20,4,1
2025-26,1610612752,NYK,New York Knicks,0022500708,2026-02-01T00:00:00,NYK vs. LAL,W,48.0,122.0,120.4,103.8,107.5,18.2,12.9,0.698,3.0,21.6,0.32,0.714,0.515,0.108,0.571,0.584,94.1,93.0,77.5,93,0.579,1,1,1,1,3,27,17,16,11,7,10,24,27,27,11,24,33,49,16,1
2025-26,1610612752,NYK,New York Knicks,0022500690,2026-01-30T00:00:00,NYK vs. POR,W,48.0,123.1,127.0,95.7,97.0,27.4,30.0,0.604,2.07,19.5,0.377,0.771,0.564,0.14,0.581,0.604,102.3,100.0,83.33,100,0.616,1,1,1,1,3,15,7,6,38,31,26,14,12,10,33,19,22,26,9,1
2025-26,1610612752,NYK,New York Knicks,0022500675,2026-01-28T00:00:00,NYK @ TOR,W,48.0,115.6,117.8,92.2,92.0,23.4,25.8,0.711,1.78,21.6,0.326,0.706,0.526,0.178,0.578,0.608,101.3,100.5,83.75,101,0.632,1,1,1,1,3,33,4,9,10,37,8,21,30,22,47,22,19,24,7,1
2025-26,1610612752,NYK,New York Knicks,0022500665,2026-01-27T00:00:00,NYK vs. SAC,W,48.0,108.5,108.4,90.5,90.6,18.0,17.8,0.649,1.14,18.0,0.318,0.679,0.515,0.221,0.558,0.599,95.5,95.5,79.58,95,0.599,1,1,1,1,3,45,3,12,25,53,35,27,36,26,55,30,26,37,11,1
2025-26,1610612752,NYK,New York Knicks,0022500643,2026-01-24T00:00:00,NYK @ PHI,W,48.0,115.6,114.3,111.5,112.4,4.1,1.9,0.659,2.45,18.4,0.386,0.795,0.564,0.112,0.522,0.534,97.3,97.5,81.25,98,0.495,1,1,1,1,3,37,27,33,21,17,30,12,10,10,14,38,46,31,35,1
2025-26,1610612752,NYK,New York Knicks,0022500622,2026-01-21T00:00:00,NYK vs. BKN,W,48.0,131.2,129.0,69.7,71.0,61.5,58.1,0.609,2.33,21.5,0.257,0.862,0.634,0.129,0.675,0.686,93.1,93.0,77.5,93,0.862,1,1,1,1,3,12,1,1,34,19,11,46,1,1,25,2,3,49,1,1
2025-26,1610612752,NYK,New York Knicks,0022500016,2026-01-19T00:00:00,NYK vs. DAL,L,48.0,93.4,92.4,109.3,108.6,-15.8,-16.2,0.579,1.29,15.2,0.286,0.804,0.505,0.162,0.447,0.467,104.1,105.0,87.5,105,0.392,1,36,36,36,3,54,21,53,46,49,50,38,8,33,44,52,52,3,52,1
2025-26,1610612752,NYK,New York Knicks,0022500596,2026-01-17T00:00:00,NYK vs. PHX,L,48.0,104.2,107.6,114.1,114.0,-9.9,-6.4,0.606,1.18,15.0,0.412,0.667,0.539,0.185,0.488,0.532,93.9,92.5,77.08,92,0.483,1,36,36,36,3,47,30,39,35,51,51,9,39,19,49,48,47,53,39,1
2025-26,1610612752,NYK,New York Knicks,0022500584,2026-01-15T00:00:00,NYK @ GSW,L,48.0,116.1,120.2,130.3,134.0,-14.2,-13.8,0.667,2.33,20.0,0.36,0.651,0.495,0.128,0.538,0.569,97.0,94.0,78.33,94,0.448,1,36,36,36,3,28,53,51,15,19,23,17,45,39,22,35,37,40,44,1
2025-26,1610612752,NYK,New York Knicks,0022500576,2026-01-14T00:00:00,NYK @ SAC,L,48.0,97.9,101.0,113.5,113.1,-15.5,-12.1,0.59,2.56,16.1,0.317,0.75,0.485,0.09,0.43,0.459,100.9,99.5,82.92,100,0.416,1,36,36,36,3,51,29,49,43,16,46,28,14,42,7,53,54,29,50,1
2025-26,1610612752,NYK,New York Knicks,0022500551,2026-01-11T00:00:00,NYK @ POR,W,48.0,121.2,123.0,110.7,114.0,10.5,9.0,0.64,2.67,21.6,0.32,0.739,0.521,0.12,0.591,0.6,102.3,100.0,83.33,100,0.524,1,1,1,1,3,22,31,23,27,13,8,24,17,24,18,16,24,26,28,1
2025-26,1610612752,NYK,New York Knicks,0022500538,2026-01-09T00:00:00,NYK @ PHX,L,48.0,114.8,113.8,116.5,120.4,-1.8,-6.6,0.595,1.22,16.4,0.417,0.729,0.573,0.191,0.549,0.586,94.7,93.5,77.92,94,0.477,1,36,36,36,3,39,39,40,41,50,43,7,23,7,52,31,32,43,40,1
2025-26,1610612752,NYK,New York Knicks,0022500522,2026-01-07T00:00:00,NYK vs. LAC,W,48.0,126.2,130.9,116.4,120.7,9.8,10.2,0.66,2.58,21.1,0.471,0.66,0.567,0.128,0.574,0.606,96.4,93.0,77.5,94,0.571,1,1,1,1,3,7,40,22,20,15,13,3,41,9,22,23,21,49,19,1
2025-26,1610612752,NYK,New York Knicks,0022500502,2026-01-05T00:00:00,NYK @ DET,L,48.0,92.6,95.7,127.3,130.1,-34.7,-34.4,0.469,0.75,12.3,0.277,0.595,0.427,0.213,0.507,0.548,96.1,93.5,77.92,94,0.32,1,36,36,36,3,52,50,54,54,55,55,41,55,54,53,41,40,43,54,1
2025-26,1610612752,NYK,New York Knicks,0022500487,2026-01-03T00:00:00,NYK vs. PHI,L,48.0,113.2,116.7,123.7,125.0,-10.4,-8.3,0.605,1.44,16.3,0.291,0.682,0.465,0.157,0.517,0.577,105.1,103.0,85.83,102,0.445,1,36,36,36,3,34,47,43,36,44,44,37,35,49,41,39,36,8,45,1
2025-26,1610612752,NYK,New York Knicks,0022500479,2026-01-02T00:00:00,NYK vs. ATL,L,48.0,92.3,95.2,107.8,106.7,-15.5,-11.5,0.75,1.8,18.0,0.317,0.804,0.535,0.144,0.418,0.466,105.1,104.0,86.67,104,0.44,1,36,36,36,3,53,15,48,4,36,36,28,9,20,34,54,53,7,46,1
2025-26,1610612752,NYK,New York Knicks,0022500467,2025-12-31T00:00:00,NYK @ SAS,L,48.0,126.0,130.7,125.7,132.7,0.3,-2.0,0.696,3.2,22.2,0.22,0.66,0.44,0.099,0.594,0.63,105.7,101.0,84.17,101,0.471,1,36,36,36,3,8,51,38,13,5,4,52,42,52,9,13,13,20,42,1
2025-26,1610612752,NYK,New York Knicks,0022500454,2025-12-29T00:00:00,NYK @ NOP,W,48.0,127.0,128.7,120.3,123.8,6.7,5.0,0.761,3.89,23.3,0.286,0.611,0.456,0.089,0.589,0.629,103.1,101.0,84.17,101,0.525,1,1,1,1,3,13,45,30,2,2,3,38,54,50,5,18,14,20,26,1
2025-26,1610612752,NYK,New York Knicks,0022500435,2025-12-27T00:00:00,NYK @ ATL,W,48.0,123.0,124.3,120.3,121.4,2.7,2.9,0.628,1.93,17.6,0.411,0.745,0.57,0.136,0.532,0.587,104.0,103.0,85.83,103,0.501,1,1,1,1,3,21,41,31,29,33,39,10,15,8,29,37,31,8,34,1
2025-26,1610612752,NYK,New York Knicks,0022500009,2025-12-25T00:00:00,NYK vs. CLE,W,48.0,120.4,122.3,122.6,120.4,-2.3,1.9,0.636,2.15,19.2,0.283,0.739,0.495,0.126,0.58,0.608,102.9,103.0,85.83,103,0.493,1,1,1,1,3,23,38,32,28,29,28,40,17,38,20,20,19,8,37,1
2025-26,1610612752,NYK,New York Knicks,0022500416,2025-12-23T00:00:00,NYK @ MIN,L,48.0,97.6,102.0,110.4,111.7,-12.9,-9.7,0.488,1.05,13.8,0.383,0.736,0.549,0.186,0.47,0.492,105.4,102.5,85.42,102,0.413,1,36,36,36,3,50,25,46,53,54,54,13,20,15,50,50,51,13,51,1
2025-26,1610612752,NYK,New York Knicks,0022500398,2025-12-21T00:00:00,NYK vs. MIA,W,48.0,127.9,130.7,123.3,122.5,4.6,8.1,0.596,2.15,20.7,0.15,0.667,0.44,0.129,0.671,0.7,102.3,101.5,84.58,101,0.517,1,1,1,1,3,8,44,25,40,29,19,55,39,53,24,3,2,18,31,1
2025-26,1610612752,NYK,New York Knicks,0022500382,2025-12-19T00:00:00,NYK vs. PHI,L,48.0,111.5,112.6,118.1,122.1,-6.6,-9.5,0.667,1.44,18.1,0.451,0.72,0.584,0.189,0.489,0.54,97.1,95.0,79.17,95,0.495,1,36,36,36,3,42,43,45,15,43,34,5,25,5,51,47,44,39,36,1
2025-26,1610612752,NYK,New York Knicks,0022500372,2025-12-18T00:00:00,NYK @ IND,W,48.0,111.4,114.0,114.2,113.0,-2.9,1.0,0.721,1.94,21.1,0.302,0.654,0.476,0.16,0.56,0.568,100.6,100.0,83.33,100,0.501,1,1,1,1,3,38,28,34,8,32,13,35,44,48,43,28,38,26,33,1
2025-26,1610612752,NYK,New York Knicks,0022501229,2025-12-13T00:00:00,NYK @ ORL,W,48.0,129.9,125.7,109.1,115.4,20.8,10.3,0.549,2.33,19.9,0.216,0.655,0.478,0.114,0.649,0.676,105.8,104.5,87.08,105,0.583,1,1,1,1,3,18,34,21,49,19,25,54,43,46,15,4,4,5,14,1
2025-26,1610612752,NYK,New York Knicks,0022501202,2025-12-09T00:00:00,NYK @ TOR,W,48.0,126.7,124.5,101.1,107.4,25.7,17.0,0.452,1.36,14.8,0.349,0.643,0.515,0.149,0.625,0.634,96.1,94.0,78.33,94,0.58,1,1,1,1,3,20,16,13,55,47,53,19,48,27,38,10,11,40,15,1
2025-26,1610612752,NYK,New York Knicks,0022500357,2025-12-07T00:00:00,NYK vs. ORL,W,48.0,110.6,110.4,100.4,104.2,10.2,6.3,0.615,2.18,17.6,0.315,0.623,0.478,0.115,0.489,0.531,97.7,96.0,80.0,96,0.561,1,1,1,1,3,43,13,29,31,28,39,30,51,46,16,46,48,36,22,1
2025-26,1610612752,NYK,New York Knicks,0022500343,2025-12-05T00:00:00,NYK vs. UTA,W,48.0,138.5,141.7,107.3,108.7,31.2,33.0,0.588,2.31,20.5,0.31,0.732,0.551,0.126,0.676,0.713,104.9,103.0,85.83,103,0.635,1,1,1,1,3,1,22,4,44,24,20,33,22,14,20,1,1,8,6,1
2025-26,1610612752,NYK,New York Knicks,0022500328,2025-12-03T00:00:00,NYK vs. CHA,W,48.0,124.1,126.6,103.8,111.8,20.4,14.8,0.667,3.11,20.4,0.319,0.636,0.49,0.096,0.545,0.596,98.1,93.5,77.92,94,0.593,1,1,1,1,3,17,26,15,15,6,21,26,49,41,8,33,29,43,13,1
2025-26,1610612752,NYK,New York Knicks,0022500320,2025-12-02T00:00:00,NYK @ BOS,L,48.0,123.8,130.0,133.5,138.2,-9.6,-8.2,0.674,2.42,21.6,0.37,0.65,0.5,0.133,0.618,0.633,93.3,89.5,74.58,90,0.488,1,36,36,36,3,11,55,42,14,18,7,15,46,34,26,11,12,55,38,1
2025-26,1610612752,NYK,New York Knicks,0022500303,2025-11-30T00:00:00,NYK vs. TOR,W,48.0,120.8,118.4,94.5,96.9,26.3,21.5,0.614,1.5,18.0,0.472,0.691,0.583,0.184,0.542,0.563,97.8,97.5,81.25,98,0.604,1,1,1,1,3,32,6,11,33,41,36,2,33,6,48,34,39,31,10,1
2025-26,1610612752,NYK,New York Knicks,0022500074,2025-11-28T00:00:00,NYK vs. MIL,W,48.0,121.0,125.5,118.5,117.2,2.5,8.3,0.658,1.92,18.0,0.4,0.846,0.596,0.138,0.536,0.599,94.8,93.5,77.92,94,0.531,1,1,1,1,3,19,35,24,23,34,38,11,2,4,31,36,27,43,25,1
2025-26,1610612752,NYK,New York Knicks,0022500061,2025-11-26T00:00:00,NYK @ CHA,W,48.0,125.3,131.6,97.5,104.1,27.8,27.5,0.52,1.73,19.1,0.325,0.709,0.547,0.153,0.642,0.672,103.2,97.5,81.25,98,0.668,1,1,1,1,3,6,12,7,51,38,29,22,28,16,39,5,5,31,5,1
2025-26,1610612752,NYK,New York Knicks,0022500285,2025-11-24T00:00:00,NYK @ BKN,W,48.0,121.3,120.2,103.8,107.5,17.5,12.7,0.622,3.5,21.1,0.239,0.672,0.481,0.085,0.58,0.6,94.7,93.5,77.92,94,0.599,1,1,1,1,3,28,17,18,30,4,15,50,38,45,2,21,23,43,12,1
2025-26,1610612752,NYK,New York Knicks,0022500269,2025-11-22T00:00:00,NYK @ ORL,L,48.0,121.8,119.8,131.4,133.0,-9.6,-13.2,0.651,1.65,20.0,0.31,0.683,0.494,0.168,0.627,0.663,100.3,100.5,83.75,101,0.465,1,36,36,36,3,30,52,50,24,39,23,33,34,40,46,9,8,24,43,1
2025-26,1610612752,NYK,New York Knicks,0022500262,2025-11-19T00:00:00,NYK @ DAL,W,48.0,111.4,109.7,104.5,109.9,6.9,-0.2,0.659,3.0,18.1,0.323,0.706,0.496,0.087,0.505,0.521,103.8,102.0,85.0,103,0.518,1,1,1,1,3,44,24,35,21,7,33,23,30,36,4,43,49,15,30,1
2025-26,1610612752,NYK,New York Knicks,0022500244,2025-11-17T00:00:00,NYK @ MIA,L,48.0,102.2,107.6,101.1,108.5,1.1,-0.9,0.535,1.35,15.9,0.315,0.702,0.514,0.162,0.505,0.54,112.1,105.5,87.92,105,0.505,1,36,36,36,3,46,20,37,50,48,48,30,32,30,44,44,45,2,32,1
2025-26,1610612752,NYK,New York Knicks,0022500039,2025-11-14T00:00:00,NYK vs. MIA,W,48.0,133.6,137.3,124.6,129.4,9.1,7.8,0.667,4.0,20.3,0.417,0.625,0.517,0.078,0.563,0.6,105.4,102.0,85.0,102,0.535,1,1,1,1,3,4,49,26,15,1,22,7,50,25,1,27,25,15,24,1
2025-26,1610612752,NYK,New York Knicks,0022500215,2025-11-12T00:00:00,NYK vs. ORL,L,48.0,104.8,105.9,119.8,121.6,-15.0,-15.6,0.513,1.43,15.0,0.24,0.617,0.423,0.139,0.506,0.545,102.8,101.5,84.58,101,0.39,1,36,36,36,3,48,42,52,52,46,51,49,52,55,32,42,41,18,53,1
2025-26,1610612752,NYK,New York Knicks,0022500208,2025-11-11T00:00:00,NYK vs. MEM,W,48.0,119.0,120.9,107.6,108.1,11.4,12.8,0.745,2.33,22.0,0.259,0.814,0.505,0.136,0.592,0.623,111.7,110.5,92.08,110,0.522,1,1,1,1,3,24,19,17,5,19,5,45,7,31,30,15,15,1,29,1
2025-26,1610612752,NYK,New York Knicks,0022500192,2025-11-09T00:00:00,NYK vs. BKN,W,48.0,134.8,141.1,101.5,102.1,33.3,39.0,0.646,2.21,21.4,0.442,0.647,0.553,0.147,0.635,0.667,98.0,95.5,79.58,95,0.684,1,1,1,1,3,3,11,3,26,27,12,6,47,13,37,7,7,37,3,1
2025-26,1610612752,NYK,New York Knicks,0022500175,2025-11-05T00:00:00,NYK vs. MIN,W,48.0,138.4,141.2,115.8,118.8,22.7,22.5,0.582,2.29,21.1,0.5,0.727,0.609,0.144,0.632,0.646,98.7,96.5,80.42,97,0.574,1,1,1,1,3,2,36,10,45,25,15,1,24,2,35,8,10,35,18,1
2025-26,1610612752,NYK,New York Knicks,0022500159,2025-11-03T00:00:00,NYK vs. WAS,W,48.0,115.8,116.7,99.6,100.0,16.1,16.7,0.727,2.67,21.8,0.25,0.83,0.525,0.118,0.548,0.579,102.6,102.0,85.0,102,0.578,1,1,1,1,3,34,8,14,6,13,6,47,4,23,17,32,35,15,17,1
2025-26,1610612752,NYK,New York Knicks,0022500153,2025-11-02T00:00:00,NYK vs. CHI,W,48.0,125.9,126.7,116.2,114.9,9.7,11.9,0.721,2.82,20.8,0.327,0.74,0.529,0.109,0.558,0.611,100.8,101.0,84.17,101,0.552,1,1,1,1,3,16,33,19,8,10,18,20,16,21,13,29,18,20,23,1
2025-26,1610612752,NYK,New York Knicks,0022500023,2025-10-31T00:00:00,NYK @ CHI,L,48.0,123.6,127.6,131.8,136.4,-8.2,-8.8,0.6,2.25,19.4,0.3,0.707,0.484,0.122,0.593,0.618,101.8,98.5,82.08,98,0.424,1,36,36,36,3,14,54,44,39,26,27,36,29,44,19,14,17,30,48,1
2025-26,1610612752,NYK,New York Knicks,0022500125,2025-10-28T00:00:00,NYK @ MIL,L,48.0,113.1,114.4,122.8,124.7,-9.6,-10.3,0.615,1.85,17.0,0.357,0.816,0.543,0.134,0.495,0.543,98.3,97.0,80.83,97,0.429,1,36,36,36,3,36,46,47,31,35,41,18,6,17,28,45,42,34,47,1
2025-26,1610612752,NYK,New York Knicks,0022500108,2025-10-26T00:00:00,NYK @ MIA,L,48.0,99.8,102.9,111.0,109.5,-11.2,-6.6,0.605,1.44,15.8,0.311,0.735,0.5,0.154,0.464,0.499,105.4,104.5,87.08,104,0.417,1,36,36,36,3,49,23,41,36,44,49,32,21,34,40,51,50,5,49,1
2025-26,1610612752,NYK,New York Knicks,0022500018,2025-10-24T00:00:00,NYK vs. BOS,W,48.0,109.4,112.9,98.3,101.1,11.0,11.8,0.697,1.15,16.3,0.455,0.765,0.604,0.215,0.483,0.541,96.3,93.5,77.92,93,0.562,1,1,1,1,3,41,10,20,12,52,44,4,13,3,54,49,43,43,21,1
2025-26,1610612752,NYK,New York Knicks,0022500003,2025-10-22T00:00:00,NYK vs. CLE,W,48.0,111.4,113.3,105.8,105.7,5.6,7.6,0.595,1.57,15.9,0.245,0.837,0.541,0.133,0.512,0.584,105.9,105.0,87.5,105,0.564,1,1,1,1,3,40,14,27,41,40,47,48,3,18,26,40,34,3,20,1
2025-26,1610612753,ORL,Orlando Magic,0022500777,2026-02-11T00:00:00,ORL vs. MIL,L,48.0,115.8,117.4,116.5,124.7,-0.7,-7.3,0.886,3.44,23.7,0.184,0.595,0.374,0.098,0.549,0.592,96.4,92.5,77.08,92,0.459,1,29,29,29,4,16,42,36,1,5,2,49,50,53,9,21,22,51,35,1
2025-26,1610612753,ORL,Orlando Magic,0022500764,2026-02-09T00:00:00,ORL vs. MIL,W,48.0,120.6,118.0,98.8,101.0,21.8,17.0,0.675,2.45,19.1,0.292,0.818,0.543,0.11,0.547,0.603,99.1,99.0,82.5,100,0.627,1,1,1,1,4,15,6,5,24,14,23,34,4,11,13,23,17,32,5,1
2025-26,1610612753,ORL,Orlando Magic,0022500750,2026-02-07T00:00:00,ORL vs. UTA,W,48.0,105.3,105.3,102.5,101.7,2.8,3.5,0.722,1.86,17.8,0.118,0.72,0.416,0.123,0.506,0.583,114.0,114.5,95.42,114,0.516,1,1,1,1,4,39,7,20,5,31,35,53,27,50,18,33,24,1,25,1
2025-26,1610612753,ORL,Orlando Magic,0022500734,2026-02-05T00:00:00,ORL vs. BKN,W,48.0,115.8,121.6,95.4,100.0,20.5,21.6,0.727,1.88,22.4,0.359,0.685,0.548,0.175,0.591,0.628,102.3,97.5,81.25,97,0.689,1,1,1,1,4,13,4,4,3,28,5,12,33,10,44,9,8,38,2,1
2025-26,1610612753,ORL,Orlando Magic,0022500723,2026-02-03T00:00:00,ORL @ OKC,L,48.0,92.1,93.9,126.2,132.0,-34.0,-38.1,0.618,1.31,15.7,0.273,0.604,0.427,0.163,0.455,0.49,100.6,97.5,81.25,98,0.293,1,29,29,29,4,51,50,53,36,44,44,38,48,49,38,48,49,38,53,1
2025-26,1610612753,ORL,Orlando Magic,0022500703,2026-02-01T00:00:00,ORL @ SAS,L,48.0,96.6,101.0,106.6,110.9,-10.0,-9.9,0.6,1.6,17.6,0.212,0.696,0.439,0.147,0.495,0.528,105.8,101.5,84.58,102,0.442,1,29,29,29,4,49,23,39,37,37,36,46,31,46,31,37,41,18,39,1
2025-26,1610612753,ORL,Orlando Magic,0022500687,2026-01-30T00:00:00,ORL vs. TOR,W,48.0,125.9,127.5,114.2,117.6,11.7,9.8,0.7,2.33,20.7,0.125,0.791,0.47,0.118,0.622,0.689,104.2,102.0,85.0,102,0.52,1,1,1,1,4,7,34,11,12,17,11,52,11,44,16,3,1,16,24,1
2025-26,1610612753,ORL,Orlando Magic,0022500674,2026-01-28T00:00:00,ORL @ MIA,W,48.0,124.9,123.1,115.8,115.9,9.1,7.3,0.692,5.14,22.8,0.255,0.778,0.49,0.065,0.577,0.597,106.8,107.5,89.58,108,0.538,1,1,1,1,4,11,33,15,15,2,4,41,13,31,2,12,20,4,15,1
2025-26,1610612753,ORL,Orlando Magic,0022500658,2026-01-26T00:00:00,ORL @ CLE,L,48.0,98.4,102.1,114.1,120.0,-15.7,-17.9,0.553,1.75,15.7,0.31,0.738,0.49,0.125,0.463,0.487,99.7,95.5,79.58,96,0.408,1,29,29,29,4,47,36,49,49,34,44,29,21,31,19,45,50,46,48,1
2025-26,1610612753,ORL,Orlando Magic,0022500646,2026-01-24T00:00:00,ORL vs. CLE,L,48.0,103.9,105.0,119.4,120.2,-15.5,-15.2,0.636,1.31,15.4,0.34,0.732,0.516,0.16,0.475,0.552,100.4,99.5,82.92,100,0.42,1,29,29,29,4,40,37,47,32,44,46,21,22,22,37,43,35,30,45,1
2025-26,1610612753,ORL,Orlando Magic,0022500627,2026-01-22T00:00:00,ORL vs. CHA,L,48.0,102.5,102.1,130.5,130.5,-28.1,-28.4,0.758,2.08,19.7,0.167,0.684,0.395,0.126,0.506,0.547,94.8,95.0,79.17,95,0.363,1,29,29,29,4,46,49,52,2,19,19,50,35,52,21,32,37,48,52,1
2025-26,1610612753,ORL,Orlando Magic,0022500602,2026-01-18T00:00:00,ORL @ MEM,L,48.0,101.8,109.0,120.0,123.5,-18.2,-14.5,0.714,1.76,20.1,0.358,0.681,0.51,0.17,0.495,0.534,106.0,101.0,84.17,100,0.416,1,29,29,29,4,34,40,46,7,32,16,13,36,25,42,36,39,22,47,1
2025-26,1610612753,ORL,Orlando Magic,0022500578,2026-01-15T00:00:00,ORL @ MEM,W,48.0,115.6,116.8,109.6,109.9,5.9,6.9,0.683,1.75,18.3,0.429,0.776,0.59,0.158,0.511,0.561,101.7,101.0,84.17,101,0.54,1,1,1,1,4,17,19,16,17,34,31,2,15,3,35,31,33,22,13,1
2025-26,1610612753,ORL,Orlando Magic,0022500548,2026-01-11T00:00:00,ORL vs. NOP,W,48.0,128.8,133.3,120.9,125.5,7.9,7.8,0.628,2.08,19.4,0.452,0.8,0.61,0.135,0.591,0.657,98.5,95.0,79.17,96,0.554,1,1,1,1,4,3,44,13,34,20,21,1,8,1,28,9,4,48,10,1
2025-26,1610612753,ORL,Orlando Magic,0022500533,2026-01-09T00:00:00,ORL vs. PHI,L,48.0,87.6,93.8,105.6,105.1,-18.0,-11.3,0.583,1.11,15.3,0.358,0.593,0.482,0.196,0.432,0.474,100.7,97.5,81.25,97,0.432,1,29,29,29,4,52,13,42,43,49,47,13,51,36,51,52,53,38,42,1
2025-26,1610612753,ORL,Orlando Magic,0022500521,2026-01-07T00:00:00,ORL @ BKN,W,53.0,102.0,102.0,100.3,103.0,1.7,-1.0,0.683,1.56,18.4,0.39,0.66,0.518,0.176,0.474,0.5,92.6,91.47,76.23,102,0.537,1,1,1,1,1,48,10,28,17,38,29,5,40,20,45,44,47,53,16,1
2025-26,1610612753,ORL,Orlando Magic,0022500511,2026-01-06T00:00:00,ORL @ WAS,L,48.0,103.2,106.7,114.8,112.1,-11.6,-5.5,0.667,1.47,18.8,0.302,0.7,0.495,0.181,0.522,0.546,106.5,106.0,88.33,105,0.449,1,29,29,29,4,36,27,33,25,40,25,31,30,29,47,30,38,8,37,1
2025-26,1610612753,ORL,Orlando Magic,0022500495,2026-01-04T00:00:00,ORL vs. IND,W,48.0,132.4,133.7,126.7,125.7,5.7,7.9,0.723,4.86,24.1,0.143,0.81,0.476,0.069,0.649,0.682,101.1,101.0,84.17,101,0.53,1,1,1,1,4,2,46,12,4,3,1,51,5,39,3,1,2,22,21,1
2025-26,1610612753,ORL,Orlando Magic,0022500480,2026-01-02T00:00:00,ORL @ CHI,L,48.0,112.6,114.0,118.2,122.2,-5.6,-8.2,0.651,2.55,20.4,0.188,0.711,0.441,0.11,0.581,0.598,101.8,99.5,82.92,100,0.448,1,29,29,29,4,27,39,37,27,12,14,48,29,45,13,11,19,30,38,1
2025-26,1610612753,ORL,Orlando Magic,0022500464,2025-12-31T00:00:00,ORL @ IND,W,48.0,98.8,102.8,101.8,100.9,-2.9,1.8,0.651,1.47,18.5,0.28,0.86,0.57,0.174,0.494,0.547,110.7,109.0,90.83,109,0.54,1,1,1,1,4,45,5,25,27,40,28,37,1,7,43,38,36,3,14,1
2025-26,1610612753,ORL,Orlando Magic,0022500451,2025-12-29T00:00:00,ORL @ TOR,L,48.0,110.6,111.6,110.6,112.6,0.0,-1.1,0.676,3.13,18.1,0.316,0.615,0.475,0.084,0.456,0.515,96.3,95.0,79.17,95,0.505,1,29,29,29,4,32,29,29,23,7,33,26,46,40,6,47,44,48,28,1
2025-26,1610612753,ORL,Orlando Magic,0022500433,2025-12-27T00:00:00,ORL vs. DEN,W,48.0,124.2,127.0,125.7,126.0,-1.6,1.0,0.696,5.33,22.2,0.245,0.605,0.413,0.06,0.573,0.603,101.2,100.0,83.33,100,0.488,1,1,1,1,4,8,48,26,14,1,6,43,47,51,1,15,16,27,32,1
2025-26,1610612753,ORL,Orlando Magic,0022500424,2025-12-26T00:00:00,ORL vs. CHA,L,48.0,109.2,107.1,122.1,123.7,-12.8,-16.6,0.595,2.44,16.1,0.317,0.58,0.436,0.092,0.457,0.509,97.2,97.5,81.25,98,0.428,1,29,29,29,4,35,41,48,42,15,41,25,52,47,7,46,45,38,43,1
2025-26,1610612753,ORL,Orlando Magic,0022500420,2025-12-23T00:00:00,ORL @ POR,W,48.0,109.9,111.1,104.6,108.2,5.3,2.9,0.703,1.73,18.7,0.286,0.667,0.474,0.152,0.524,0.578,100.7,98.5,82.08,99,0.509,1,1,1,1,4,33,16,21,10,36,26,35,39,41,33,29,27,35,26,1
2025-26,1610612753,ORL,Orlando Magic,0022500407,2025-12-22T00:00:00,ORL @ GSW,L,48.0,96.6,98.0,121.8,121.2,-25.2,-23.2,0.583,1.17,14.9,0.375,0.681,0.515,0.182,0.454,0.493,99.5,99.0,82.5,99,0.368,1,29,29,29,4,50,38,51,43,48,50,10,36,24,48,49,48,32,51,1
2025-26,1610612753,ORL,Orlando Magic,0022500393,2025-12-20T00:00:00,ORL @ UTA,W,53.0,116.9,116.4,113.2,115.5,3.7,0.9,0.681,2.46,20.1,0.309,0.625,0.479,0.118,0.547,0.579,100.4,99.62,83.02,110,0.524,1,1,1,1,1,20,31,27,21,13,17,30,45,37,17,22,26,29,23,1
2025-26,1610612753,ORL,Orlando Magic,0022500377,2025-12-18T00:00:00,ORL @ DEN,L,48.0,114.5,112.7,120.5,124.8,-6.0,-12.0,0.698,3.0,20.5,0.259,0.805,0.495,0.098,0.533,0.561,102.5,101.5,84.58,102,0.467,1,29,29,29,4,28,43,43,13,8,13,40,7,30,10,25,32,18,34,1
2025-26,1610612753,ORL,Orlando Magic,0022501229,2025-12-13T00:00:00,ORL @ NYK,L,48.0,109.1,115.4,129.9,125.7,-20.8,-10.3,0.622,2.0,18.7,0.345,0.784,0.522,0.135,0.531,0.556,105.8,104.5,87.08,104,0.417,1,29,29,29,4,23,45,40,35,22,27,20,12,16,25,27,34,12,46,1
2025-26,1610612753,ORL,Orlando Magic,0022501201,2025-12-09T00:00:00,ORL vs. MIA,W,48.0,112.5,114.7,105.5,104.9,6.9,9.9,0.682,1.76,21.4,0.209,0.796,0.536,0.167,0.592,0.622,103.2,102.5,85.42,102,0.537,1,1,1,1,4,25,12,10,20,32,8,47,9,15,39,8,10,15,17,1
2025-26,1610612753,ORL,Orlando Magic,0022500357,2025-12-07T00:00:00,ORL @ NYK,L,48.0,100.4,104.2,110.6,110.4,-10.2,-6.3,0.639,1.92,16.3,0.377,0.685,0.522,0.125,0.447,0.478,97.7,96.0,80.0,96,0.439,1,29,29,29,4,43,21,35,31,27,39,9,33,16,19,50,52,43,40,1
2025-26,1610612753,ORL,Orlando Magic,0022500339,2025-12-05T00:00:00,ORL vs. MIA,W,48.0,100.4,105.0,102.1,102.9,-1.6,2.0,0.632,2.4,17.4,0.241,0.848,0.51,0.099,0.478,0.517,104.2,101.5,84.58,101,0.473,1,1,1,1,4,41,9,22,33,16,37,44,2,26,11,42,43,18,33,1
2025-26,1610612753,ORL,Orlando Magic,0022500326,2025-12-03T00:00:00,ORL vs. SAS,L,48.0,104.3,104.7,106.0,108.6,-1.7,-3.9,0.6,2.7,18.0,0.293,0.741,0.509,0.093,0.5,0.522,107.5,106.0,88.33,107,0.534,1,29,29,29,4,42,17,31,37,10,34,33,20,27,8,34,42,8,20,1
2025-26,1610612753,ORL,Orlando Magic,0022500314,2025-12-01T00:00:00,ORL vs. CHI,W,48.0,115.2,116.8,110.4,112.1,4.8,4.7,0.556,1.39,17.0,0.313,0.729,0.521,0.168,0.563,0.61,108.6,107.0,89.17,107,0.54,1,1,1,1,4,18,27,18,48,42,38,27,24,18,40,16,15,7,12,1
2025-26,1610612753,ORL,Orlando Magic,0022500072,2025-11-28T00:00:00,ORL @ DET,W,48.0,100.8,106.7,101.3,104.8,-0.4,1.9,0.35,1.0,10.0,0.35,0.627,0.477,0.133,0.438,0.504,109.4,104.5,87.08,105,0.505,1,1,1,1,4,36,11,24,53,51,52,18,44,38,24,51,46,12,29,1
2025-26,1610612753,ORL,Orlando Magic,0022500058,2025-11-25T00:00:00,ORL @ PHI,W,48.0,130.5,137.1,98.4,96.3,32.1,40.9,0.704,3.17,23.3,0.392,0.75,0.566,0.114,0.599,0.635,107.5,106.0,88.33,105,0.651,1,1,1,1,4,1,3,1,9,6,3,4,18,8,15,6,6,8,4,1
2025-26,1610612753,ORL,Orlando Magic,0022500277,2025-11-23T00:00:00,ORL @ BOS,L,48.0,128.3,133.0,144.2,142.3,-15.9,-9.3,0.702,4.13,21.6,0.418,0.806,0.571,0.082,0.55,0.583,98.1,97.0,80.83,97,0.452,1,29,29,29,4,5,53,38,11,4,7,3,6,6,5,20,23,42,36,1
2025-26,1610612753,ORL,Orlando Magic,0022500269,2025-11-22T00:00:00,ORL vs. NYK,W,48.0,131.4,133.0,121.8,119.8,9.6,13.2,0.596,2.0,19.9,0.317,0.69,0.506,0.14,0.629,0.677,100.3,100.5,83.75,100,0.535,1,1,1,1,4,4,35,8,41,22,18,24,32,28,30,2,3,25,19,1
2025-26,1610612753,ORL,Orlando Magic,0022500264,2025-11-20T00:00:00,ORL vs. LAC,W,48.0,124.6,122.9,93.2,96.2,31.4,26.7,0.711,2.91,21.2,0.3,0.722,0.519,0.105,0.574,0.617,106.0,105.0,87.5,105,0.664,1,1,1,1,4,12,2,3,8,9,9,32,26,19,12,14,12,11,3,1
2025-26,1610612753,ORL,Orlando Magic,0022500249,2025-11-18T00:00:00,ORL vs. GSW,W,48.0,118.9,116.3,110.4,110.8,8.5,5.6,0.651,2.0,19.3,0.311,0.833,0.563,0.135,0.553,0.619,102.0,103.0,85.83,104,0.546,1,1,1,1,4,21,22,17,27,22,22,28,3,9,25,19,11,14,11,1
2025-26,1610612753,ORL,Orlando Magic,0022500236,2025-11-16T00:00:00,ORL @ HOU,L,53.0,107.7,106.6,107.6,111.4,0.1,-4.8,0.553,2.63,15.2,0.224,0.633,0.432,0.075,0.484,0.533,96.8,95.55,79.62,106,0.496,1,29,29,29,1,38,25,32,49,11,48,45,43,48,4,41,40,45,30,1
2025-26,1610612753,ORL,Orlando Magic,0022500040,2025-11-14T00:00:00,ORL vs. BKN,W,48.0,105.8,114.1,102.0,106.5,3.8,7.6,0.583,1.11,16.3,0.378,0.778,0.596,0.207,0.558,0.602,97.6,92.0,76.67,92,0.536,1,1,1,1,4,26,15,14,43,49,40,8,13,2,52,18,18,52,18,1
2025-26,1610612753,ORL,Orlando Magic,0022500215,2025-11-12T00:00:00,ORL @ NYK,W,48.0,119.8,121.6,104.8,105.9,15.0,15.6,0.69,1.93,19.5,0.383,0.76,0.577,0.147,0.558,0.617,102.8,101.5,84.58,102,0.61,1,1,1,1,4,14,14,7,16,26,20,7,17,4,31,17,13,18,6,1
2025-26,1610612753,ORL,Orlando Magic,0022500200,2025-11-10T00:00:00,ORL vs. POR,W,48.0,110.6,116.2,111.5,114.3,-0.9,1.9,0.667,2.0,18.3,0.373,0.764,0.575,0.131,0.494,0.564,102.2,98.5,82.08,99,0.564,1,1,1,1,4,22,30,23,25,22,30,11,16,5,22,39,31,35,9,1
2025-26,1610612753,ORL,Orlando Magic,0022500193,2025-11-09T00:00:00,ORL vs. BOS,L,48.0,110.2,112.6,114.4,115.6,-4.2,-3.0,0.6,1.24,16.0,0.333,0.68,0.516,0.179,0.494,0.581,97.0,95.5,79.58,95,0.507,1,29,29,29,4,29,32,30,37,47,42,22,38,23,46,40,25,46,27,1
2025-26,1610612753,ORL,Orlando Magic,0022500028,2025-11-07T00:00:00,ORL vs. BOS,W,48.0,123.4,124.2,105.7,111.1,17.7,13.1,0.683,1.87,20.1,0.261,0.643,0.471,0.152,0.604,0.643,101.8,99.0,82.5,99,0.574,1,1,1,1,4,10,24,9,17,30,15,39,41,43,33,5,5,32,7,1
2025-26,1610612753,ORL,Orlando Magic,0022500166,2025-11-04T00:00:00,ORL @ ATL,L,48.0,109.2,112.0,121.6,125.7,-12.3,-13.7,0.722,1.37,18.2,0.354,0.73,0.518,0.19,0.5,0.574,103.5,100.5,83.75,100,0.423,1,29,29,29,4,31,46,45,5,43,32,17,23,21,50,34,29,25,44,1
2025-26,1610612753,ORL,Orlando Magic,0022500145,2025-11-01T00:00:00,ORL @ WAS,W,48.0,112.9,116.8,85.0,87.0,27.9,29.8,0.681,1.88,21.1,0.283,0.723,0.541,0.159,0.576,0.615,110.6,107.5,89.58,107,0.733,1,1,1,1,4,18,1,2,21,28,10,36,25,13,36,13,14,4,1,1
2025-26,1610612753,ORL,Orlando Magic,0022500138,2025-10-30T00:00:00,ORL @ CHA,W,48.0,128.0,128.1,108.5,111.5,19.4,16.7,0.644,2.23,20.7,0.348,0.636,0.489,0.135,0.609,0.633,97.4,96.0,80.0,96,0.572,1,1,1,1,4,6,26,6,30,18,12,19,42,33,28,4,7,43,8,1
2025-26,1610612753,ORL,Orlando Magic,0022500129,2025-10-29T00:00:00,ORL @ DET,L,48.0,113.1,114.9,125.0,136.4,-12.0,-21.5,0.579,1.29,15.2,0.386,0.571,0.472,0.168,0.53,0.577,105.3,100.0,83.33,101,0.39,1,29,29,29,4,24,51,50,46,46,49,6,53,42,41,28,28,27,50,1
2025-26,1610612753,ORL,Orlando Magic,0022500114,2025-10-27T00:00:00,ORL @ PHI,L,48.0,125.6,126.5,130.7,137.4,-5.1,-10.8,0.6,2.08,19.1,0.356,0.596,0.485,0.133,0.598,0.628,101.4,98.5,82.08,98,0.494,1,29,29,29,4,9,52,41,37,20,23,16,49,35,23,7,9,35,31,1
2025-26,1610612753,ORL,Orlando Magic,0022500100,2025-10-25T00:00:00,ORL vs. CHI,L,48.0,92.0,90.7,103.0,102.8,-11.0,-12.1,0.353,0.6,8.6,0.333,0.792,0.543,0.185,0.408,0.483,106.6,107.5,89.58,108,0.396,1,29,29,29,4,53,8,44,52,53,53,22,10,12,49,53,51,4,49,1
2025-26,1610612753,ORL,Orlando Magic,0022500090,2025-10-24T00:00:00,ORL vs. ATL,L,48.0,102.6,103.9,106.4,109.9,-3.8,-6.0,0.568,0.95,14.7,0.358,0.745,0.54,0.214,0.532,0.567,104.3,102.0,85.0,103,0.434,1,29,29,29,4,44,19,34,47,52,51,13,19,14,53,26,30,16,41,1
2025-26,1610612753,ORL,Orlando Magic,0022500081,2025-10-22T00:00:00,ORL vs. MIA,W,48.0,112.2,112.6,108.2,109.0,4.1,3.6,0.548,1.53,15.8,0.25,0.717,0.486,0.135,0.533,0.593,111.6,111.0,92.5,111,0.528,1,1,1,1,4,30,18,19,51,39,43,42,28,34,27,24,21,2,22,1
2025-26,1610612754,IND,Indiana Pacers,0022500779,2026-02-11T00:00:00,IND @ BKN,W,48.0,113.7,112.7,108.4,107.8,5.2,4.9,0.644,2.42,20.6,0.224,0.667,0.45,0.118,0.571,0.586,101.3,102.0,85.0,102,0.536,1,1,1,1,3,21,11,8,28,12,14,36,39,42,16,14,18,22,8,1
2025-26,1610612754,IND,Indiana Pacers,0022500771,2026-02-10T00:00:00,IND @ NYK,W,53.0,120.8,120.2,115.6,119.6,5.1,0.5,0.6,2.73,19.6,0.18,0.774,0.485,0.096,0.608,0.632,103.8,102.34,85.28,114,0.523,1,1,1,1,2,8,40,15,39,10,17,48,11,24,7,6,7,21,13,1
2025-26,1610612754,IND,Indiana Pacers,0022500759,2026-02-08T00:00:00,IND @ TOR,L,48.0,97.1,101.0,117.1,117.3,-20.0,-16.3,0.65,1.37,18.6,0.22,0.607,0.425,0.184,0.517,0.546,105.7,103.5,86.25,103,0.397,1,16,16,16,3,44,31,42,26,46,26,37,47,48,48,30,36,13,45,1
2025-26,1610612754,IND,Indiana Pacers,0022500743,2026-02-06T00:00:00,IND @ MIL,L,48.0,107.3,106.5,108.7,114.1,-1.3,-7.7,0.743,2.89,20.6,0.152,0.654,0.418,0.097,0.519,0.561,94.4,92.5,77.08,93,0.513,1,16,16,16,3,32,23,28,10,9,13,52,42,50,8,28,29,53,15,1
2025-26,1610612754,IND,Indiana Pacers,0022500717,2026-02-03T00:00:00,IND vs. UTA,L,48.0,117.4,116.2,126.6,126.0,-9.2,-9.8,0.733,2.2,22.4,0.214,0.81,0.512,0.143,0.619,0.636,103.7,104.5,87.08,105,0.442,1,16,16,16,3,15,45,32,11,17,6,40,4,14,38,5,6,11,34,1
2025-26,1610612754,IND,Indiana Pacers,0022500713,2026-02-02T00:00:00,IND vs. HOU,L,48.0,114.9,115.2,117.7,120.4,-2.8,-5.3,0.767,3.3,23.4,0.188,0.551,0.371,0.101,0.563,0.592,99.8,98.5,82.08,99,0.486,1,16,16,16,3,19,41,24,6,7,3,46,52,55,9,15,15,44,21,1
2025-26,1610612754,IND,Indiana Pacers,0022500698,2026-01-31T00:00:00,IND vs. ATL,W,48.0,117.0,119.4,113.4,113.8,3.6,5.7,0.604,1.26,19.3,0.31,0.745,0.557,0.213,0.624,0.657,109.8,108.5,90.42,108,0.531,1,1,1,1,3,10,21,7,38,48,19,19,14,2,51,4,4,7,9,1
2025-26,1610612754,IND,Indiana Pacers,0022500672,2026-01-28T00:00:00,IND vs. CHI,W,48.0,117.7,115.3,112.3,113.4,5.4,1.9,0.789,5.0,22.1,0.18,0.8,0.49,0.061,0.535,0.589,97.0,97.5,81.25,98,0.538,1,1,1,1,3,18,19,13,4,2,9,48,5,22,1,24,16,49,7,1
2025-26,1610612754,IND,Indiana Pacers,0022500659,2026-01-26T00:00:00,IND @ ATL,L,48.0,101.8,106.4,119.5,118.9,-17.7,-12.5,0.721,1.82,20.4,0.231,0.725,0.476,0.156,0.516,0.558,112.2,110.0,91.67,109,0.453,1,16,16,16,3,33,38,36,12,30,15,34,20,26,41,31,32,3,30,1
2025-26,1610612754,IND,Indiana Pacers,0022500641,2026-01-23T00:00:00,IND @ OKC,W,48.0,114.9,117.0,113.8,112.9,1.2,4.1,0.756,3.09,22.5,0.304,0.844,0.545,0.11,0.552,0.558,101.0,100.5,83.75,100,0.506,1,1,1,1,3,13,17,9,7,8,5,21,2,5,12,20,31,31,17,1
2025-26,1610612754,IND,Indiana Pacers,0022500621,2026-01-21T00:00:00,IND @ BOS,L,48.0,98.9,103.0,117.8,117.8,-18.9,-14.9,0.838,2.21,20.7,0.311,0.66,0.463,0.139,0.457,0.499,103.1,101.0,84.17,101,0.409,1,16,16,16,3,40,34,39,2,16,12,18,41,33,33,46,46,27,41,1
2025-26,1610612754,IND,Indiana Pacers,0022500609,2026-01-19T00:00:00,IND @ PHI,L,48.0,101.8,104.0,115.5,114.1,-13.7,-10.1,0.6,1.0,17.0,0.378,0.698,0.551,0.24,0.554,0.577,100.0,99.5,82.92,100,0.438,1,16,16,16,3,39,24,34,39,52,36,3,29,3,55,19,21,40,35,1
2025-26,1610612754,IND,Indiana Pacers,0022500595,2026-01-17T00:00:00,IND @ DET,L,48.0,71.0,70.3,106.7,110.0,-35.8,-39.7,0.643,0.72,13.2,0.155,0.8,0.454,0.225,0.405,0.429,111.6,110.5,92.08,111,0.258,1,16,16,16,3,55,13,55,29,55,52,51,5,38,53,52,54,2,55,1
2025-26,1610612754,IND,Indiana Pacers,0022500588,2026-01-16T00:00:00,IND vs. NOP,W,48.0,126.6,132.3,123.7,122.7,2.9,9.6,0.712,5.29,24.7,0.327,0.767,0.526,0.073,0.589,0.597,98.2,96.5,80.42,96,0.529,1,1,1,1,3,1,43,5,13,1,2,14,12,6,3,11,14,51,10,1
2025-26,1610612754,IND,Indiana Pacers,0022500571,2026-01-14T00:00:00,IND vs. TOR,L,48.0,104.5,104.1,113.4,118.6,-8.9,-14.4,0.788,2.36,18.6,0.293,0.667,0.468,0.113,0.453,0.507,99.0,97.0,80.83,97,0.438,1,16,16,16,3,38,36,37,5,14,26,23,39,30,14,48,44,50,36,1
2025-26,1610612754,IND,Indiana Pacers,0022500559,2026-01-12T00:00:00,IND vs. BOS,W,48.0,104.7,105.4,102.2,104.3,2.5,1.0,0.744,2.42,22.1,0.191,0.735,0.469,0.129,0.56,0.566,93.8,92.5,77.08,93,0.52,1,1,1,1,3,36,9,14,9,12,8,44,19,29,26,16,26,53,14,1
2025-26,1610612754,IND,Indiana Pacers,0022500543,2026-01-10T00:00:00,IND vs. MIA,W,48.0,108.2,109.8,87.8,87.6,20.4,22.2,0.841,2.06,22.6,0.263,0.763,0.517,0.161,0.536,0.571,113.2,112.5,93.75,112,0.636,1,1,1,1,3,25,2,2,1,19,4,27,13,12,44,23,24,1,2,1
2025-26,1610612754,IND,Indiana Pacers,0022500528,2026-01-08T00:00:00,IND @ CHA,W,48.0,112.6,116.3,106.1,114.3,6.5,2.0,0.61,1.25,18.4,0.317,0.694,0.522,0.204,0.573,0.625,103.4,98.0,81.67,98,0.523,1,1,1,1,3,14,25,12,35,49,29,16,31,10,50,13,8,46,12,1
2025-26,1610612754,IND,Indiana Pacers,0022500510,2026-01-06T00:00:00,IND vs. CLE,L,48.0,107.1,110.5,114.4,115.4,-7.3,-4.9,0.744,2.29,21.3,0.241,0.707,0.442,0.133,0.548,0.572,106.6,104.5,87.08,105,0.47,1,16,16,16,3,24,28,23,8,15,11,29,27,43,30,21,23,11,23,1
2025-26,1610612754,IND,Indiana Pacers,0022500495,2026-01-04T00:00:00,IND @ ORL,L,48.0,126.7,125.7,132.4,133.7,-5.7,-7.9,0.792,3.45,25.9,0.19,0.857,0.524,0.109,0.638,0.66,101.1,101.0,84.17,101,0.47,1,16,16,16,3,3,50,29,3,5,1,45,1,7,11,2,2,27,22,1
2025-26,1610612754,IND,Indiana Pacers,0022500476,2026-01-02T00:00:00,IND vs. SAS,L,48.0,107.0,106.6,110.5,116.0,-3.5,-9.4,0.591,1.86,19.4,0.047,0.683,0.417,0.132,0.581,0.61,108.5,106.0,88.33,106,0.487,1,16,16,16,3,31,30,31,43,28,18,55,34,52,27,12,11,9,20,1
2025-26,1610612754,IND,Indiana Pacers,0022500464,2025-12-31T00:00:00,IND vs. ORL,L,48.0,101.8,100.9,98.8,102.8,2.9,-1.8,0.611,1.38,15.9,0.14,0.72,0.43,0.147,0.506,0.567,110.7,109.0,90.83,109,0.46,1,16,16,16,3,45,6,17,34,44,41,54,21,45,39,34,25,4,27,1
2025-26,1610612754,IND,Indiana Pacers,0022500453,2025-12-29T00:00:00,IND @ HOU,L,48.0,120.4,121.4,127.8,128.6,-7.4,-7.1,0.682,3.33,21.9,0.208,0.6,0.386,0.092,0.602,0.615,98.7,98.0,81.67,98,0.467,1,16,16,16,3,5,48,27,19,6,10,42,48,54,6,7,10,46,25,1
2025-26,1610612754,IND,Indiana Pacers,0022500436,2025-12-27T00:00:00,IND @ MIA,L,48.0,104.5,106.4,128.8,130.3,-24.3,-23.9,0.652,1.15,19.2,0.347,0.623,0.49,0.239,0.559,0.58,110.6,109.0,90.83,109,0.373,1,16,16,16,3,33,49,51,25,50,21,8,46,21,54,17,20,4,49,1
2025-26,1610612754,IND,Indiana Pacers,0022500426,2025-12-26T00:00:00,IND vs. BOS,L,48.0,121.0,118.4,140.1,137.3,-19.0,-18.8,0.659,2.07,19.9,0.298,0.675,0.471,0.136,0.596,0.624,100.4,102.5,85.42,103,0.423,1,16,16,16,3,12,54,46,21,18,16,22,35,27,31,9,9,19,38,1
2025-26,1610612754,IND,Indiana Pacers,0022500413,2025-12-23T00:00:00,IND vs. MIL,L,48.0,93.5,94.9,110.4,112.1,-16.9,-17.2,0.606,1.67,15.3,0.218,0.778,0.47,0.121,0.457,0.492,100.5,99.0,82.5,99,0.401,1,16,16,16,3,52,16,43,36,36,46,38,9,28,20,47,47,41,44,1
2025-26,1610612754,IND,Indiana Pacers,0022500403,2025-12-22T00:00:00,IND @ BOS,L,48.0,98.0,100.0,103.7,106.2,-5.6,-6.2,0.576,1.46,15.2,0.208,0.642,0.425,0.137,0.465,0.511,98.1,96.0,80.0,95,0.408,1,16,16,16,3,46,10,25,45,41,47,43,44,48,32,44,42,52,42,1
2025-26,1610612754,IND,Indiana Pacers,0022500389,2025-12-20T00:00:00,IND @ NOP,L,48.0,98.9,100.0,114.3,117.4,-15.4,-17.4,0.7,2.0,18.8,0.217,0.786,0.451,0.128,0.468,0.508,111.1,109.0,90.83,109,0.403,1,16,16,16,3,46,33,44,15,20,24,39,8,39,24,43,43,4,43,1
2025-26,1610612754,IND,Indiana Pacers,0022500372,2025-12-18T00:00:00,IND vs. NYK,L,48.0,114.2,113.0,111.4,114.0,2.9,-1.0,0.512,1.57,15.8,0.346,0.698,0.524,0.14,0.522,0.56,100.6,100.0,83.33,100,0.499,1,16,16,16,3,20,22,16,53,39,42,9,29,7,34,26,30,36,18,1
2025-26,1610612754,IND,Indiana Pacers,0022501216,2025-12-14T00:00:00,IND vs. WAS,L,48.0,98.6,98.9,114.4,118.7,-15.7,-19.8,0.645,2.5,16.3,0.241,0.574,0.407,0.089,0.429,0.477,92.3,90.5,75.42,90,0.424,1,16,16,16,3,50,37,48,27,11,40,29,51,53,5,49,50,55,37,1
2025-26,1610612754,IND,Indiana Pacers,0022501211,2025-12-12T00:00:00,IND @ PHI,L,48.0,105.7,106.1,115.1,117.3,-9.4,-11.3,0.684,3.71,18.4,0.267,0.694,0.459,0.071,0.464,0.503,99.6,98.5,82.08,99,0.448,1,16,16,16,3,35,32,35,18,3,28,26,31,35,2,45,45,44,31,1
2025-26,1610612754,IND,Indiana Pacers,0022500364,2025-12-08T00:00:00,IND vs. SAC,W,48.0,112.3,116.0,102.8,104.0,9.5,12.0,0.658,1.79,18.1,0.275,0.627,0.451,0.14,0.517,0.584,102.7,100.5,83.75,100,0.55,1,1,1,1,3,16,7,4,22,32,31,25,45,39,34,29,19,31,6,1
2025-26,1610612754,IND,Indiana Pacers,0022500345,2025-12-05T00:00:00,IND @ CHI,W,48.0,121.2,121.2,107.4,104.0,13.8,17.3,0.533,1.71,18.6,0.146,0.674,0.425,0.141,0.643,0.659,98.4,100.0,83.33,99,0.554,1,1,1,1,3,6,7,3,52,33,25,53,36,47,36,1,3,36,5,1
2025-26,1610612754,IND,Indiana Pacers,0022500325,2025-12-03T00:00:00,IND vs. DEN,L,48.0,122.7,120.0,134.4,135.0,-11.7,-15.0,0.571,2.0,18.0,0.233,0.8,0.506,0.12,0.599,0.64,99.1,100.0,83.33,100,0.448,1,16,16,16,3,9,51,40,46,20,33,32,5,17,19,8,5,36,32,1
2025-26,1610612754,IND,Indiana Pacers,0022500310,2025-12-01T00:00:00,IND vs. CLE,L,48.0,117.5,120.2,134.0,136.4,-16.5,-16.2,0.463,1.36,14.0,0.375,0.549,0.465,0.141,0.541,0.587,101.0,99.0,82.5,99,0.418,1,16,16,16,3,7,53,41,54,47,50,5,53,32,36,22,17,41,39,1
2025-26,1610612754,IND,Indiana Pacers,0022500295,2025-11-29T00:00:00,IND vs. CHI,W,48.0,103.2,105.1,102.0,101.0,1.2,4.1,0.585,1.85,18.3,0.184,0.745,0.481,0.133,0.534,0.549,99.4,99.0,82.5,98,0.529,1,1,1,1,3,37,4,10,44,29,30,47,14,25,29,25,34,41,11,1
2025-26,1610612754,IND,Indiana Pacers,0022500073,2025-11-28T00:00:00,IND vs. WAS,W,48.0,114.7,119.0,87.0,85.1,27.7,33.9,0.563,1.69,19.1,0.319,0.745,0.549,0.16,0.592,0.609,101.3,100.5,83.75,100,0.683,1,1,1,1,3,11,1,1,49,35,22,15,14,4,42,10,12,31,1,1
2025-26,1610612754,IND,Indiana Pacers,0022500063,2025-11-26T00:00:00,IND @ TOR,L,48.0,92.1,94.1,94.3,96.0,-2.2,-2.0,0.571,1.11,15.5,0.167,0.712,0.467,0.178,0.519,0.539,103.0,101.0,84.17,101,0.497,1,16,16,16,3,53,3,18,46,51,44,50,25,31,46,27,38,27,19,1
2025-26,1610612754,IND,Indiana Pacers,0022500283,2025-11-24T00:00:00,IND vs. DET,L,48.0,111.5,115.8,118.1,119.6,-6.7,-3.8,0.564,1.69,16.4,0.239,0.6,0.418,0.129,0.555,0.603,104.1,101.5,84.58,101,0.469,1,16,16,16,3,17,39,22,48,34,39,31,48,51,25,18,13,23,24,1
2025-26,1610612754,IND,Indiana Pacers,0022500048,2025-11-21T00:00:00,IND @ CLE,L,48.0,106.4,106.9,119.0,115.4,-12.5,-8.5,0.676,1.92,18.1,0.226,0.7,0.456,0.127,0.483,0.548,101.7,103.0,85.83,102,0.46,1,16,16,16,3,30,28,30,20,25,31,35,28,36,22,39,35,16,28,1
2025-26,1610612754,IND,Indiana Pacers,0022500256,2025-11-19T00:00:00,IND vs. CHA,W,48.0,125.6,127.0,109.6,118.0,16.0,9.0,0.696,2.0,22.2,0.286,0.523,0.43,0.16,0.635,0.668,104.4,100.0,83.33,100,0.573,1,1,1,1,3,2,35,6,16,20,7,24,55,46,42,3,1,36,3,1
2025-26,1610612754,IND,Indiana Pacers,0022500242,2025-11-17T00:00:00,IND @ DET,L,48.0,106.9,108.7,121.9,123.3,-15.0,-14.6,0.543,0.9,13.0,0.436,0.6,0.51,0.204,0.47,0.539,104.5,103.0,85.83,103,0.373,1,16,16,16,3,27,44,38,50,54,55,1,48,15,49,42,37,16,50,1
2025-26,1610612754,IND,Indiana Pacers,0022500230,2025-11-15T00:00:00,IND vs. TOR,L,48.0,102.9,102.8,115.7,120.6,-12.8,-17.8,0.595,1.38,15.7,0.212,0.714,0.455,0.148,0.511,0.561,109.7,107.5,89.58,108,0.389,1,16,16,16,3,41,42,45,42,44,43,41,24,37,40,33,28,8,47,1
2025-26,1610612754,IND,Indiana Pacers,0022500226,2025-11-13T00:00:00,IND @ PHX,L,48.0,101.3,100.0,135.9,135.7,-34.6,-35.7,0.625,1.67,14.4,0.344,0.718,0.49,0.122,0.403,0.486,97.3,98.0,81.67,98,0.344,1,16,16,16,3,46,52,54,31,36,49,11,23,22,21,53,49,46,53,1
2025-26,1610612754,IND,Indiana Pacers,0022500211,2025-11-11T00:00:00,IND @ UTA,L,48.0,122.2,125.5,138.9,147.6,-16.8,-22.1,0.63,3.63,19.3,0.364,0.535,0.439,0.078,0.515,0.573,107.1,102.5,85.42,102,0.415,1,16,16,16,3,4,55,50,30,4,19,7,54,44,4,32,22,19,40,1
2025-26,1610612754,IND,Indiana Pacers,0022500196,2025-11-09T00:00:00,IND @ GSW,L,48.0,77.7,83.0,110.4,112.9,-32.7,-29.9,0.656,0.95,14.8,0.328,0.719,0.512,0.22,0.399,0.42,105.1,100.5,83.75,100,0.309,1,16,16,16,3,54,17,53,24,53,48,12,22,13,52,54,55,31,54,1
2025-26,1610612754,IND,Indiana Pacers,0022500189,2025-11-08T00:00:00,IND @ DEN,L,48.0,96.2,95.2,110.3,114.7,-14.1,-19.5,0.606,1.82,13.8,0.313,0.653,0.46,0.105,0.398,0.463,105.0,103.5,86.25,105,0.372,1,16,16,16,3,51,27,47,36,31,51,17,43,34,10,55,52,13,51,1
2025-26,1610612754,IND,Indiana Pacers,0022500173,2025-11-05T00:00:00,IND vs. BKN,L,48.0,96.5,102.0,106.3,112.0,-9.7,-10.0,0.707,1.61,18.8,0.393,0.745,0.56,0.178,0.48,0.492,106.1,100.5,83.75,101,0.459,1,16,16,16,3,42,15,33,14,38,23,2,14,1,46,40,48,31,29,1
2025-26,1610612754,IND,Indiana Pacers,0022500157,2025-11-03T00:00:00,IND vs. MIL,L,48.0,109.8,110.6,109.7,113.6,0.1,-3.0,0.615,2.0,16.7,0.327,0.694,0.5,0.115,0.478,0.539,105.7,103.5,86.25,104,0.511,1,16,16,16,3,23,20,21,32,20,37,13,31,19,15,41,39,13,16,1
2025-26,1610612754,IND,Indiana Pacers,0022500144,2025-11-01T00:00:00,IND vs. GSW,W,48.0,111.4,111.8,103.1,107.9,8.3,3.8,0.6,2.0,17.1,0.308,0.736,0.524,0.118,0.506,0.563,104.0,101.5,84.58,102,0.556,1,1,1,1,3,22,12,11,39,20,35,20,18,7,16,35,27,23,4,1
2025-26,1610612754,IND,Indiana Pacers,0022500020,2025-10-31T00:00:00,IND vs. ATL,L,48.0,100.4,106.9,127.0,126.7,-26.5,-19.8,0.657,1.92,15.3,0.377,0.711,0.509,0.119,0.419,0.476,104.2,101.0,84.17,101,0.36,1,16,16,16,3,29,46,49,23,27,45,4,26,16,18,50,51,27,52,1
2025-26,1610612754,IND,Indiana Pacers,0022500133,2025-10-29T00:00:00,IND @ DAL,L,48.0,92.7,99.1,99.7,101.9,-7.1,-2.8,0.541,1.43,13.1,0.365,0.778,0.521,0.132,0.41,0.444,110.3,105.5,87.92,106,0.393,1,16,16,16,3,49,5,19,51,42,53,6,9,11,27,51,53,10,46,1
2025-26,1610612754,IND,Indiana Pacers,0022500110,2025-10-26T00:00:00,IND @ MIN,L,48.0,105.9,108.9,112.6,111.8,-6.7,-2.9,0.615,1.41,16.6,0.345,0.673,0.5,0.168,0.505,0.535,102.6,101.5,84.58,101,0.465,1,16,16,16,3,26,14,20,32,43,38,10,37,19,45,36,40,23,26,1
2025-26,1610612754,IND,Indiana Pacers,0022500103,2025-10-25T00:00:00,IND @ MEM,L,48.0,101.9,101.0,119.5,126.7,-17.7,-25.8,0.694,1.92,18.0,0.232,0.673,0.45,0.127,0.483,0.52,104.1,101.5,84.58,102,0.388,1,16,16,16,3,43,46,52,17,25,34,33,38,41,22,38,41,23,48,1
2025-26,1610612754,IND,Indiana Pacers,0022500005,2025-10-23T00:00:00,IND vs. OKC,L,58.0,107.5,108.0,115.2,114.6,-7.7,-6.6,0.457,1.5,13.0,0.246,0.821,0.504,0.112,0.5,0.551,102.6,102.62,85.52,125,0.447,1,16,16,16,1,28,26,26,55,40,54,28,3,18,13,37,33,18,33,1
2025-26,1610612755,PHI,Philadelphia 76ers,0022500780,2026-02-11T00:00:00,PHI vs. NYK,L,48.0,86.2,86.4,130.3,134.0,-44.1,-47.6,0.485,0.89,11.9,0.281,0.636,0.436,0.175,0.409,0.458,104.6,103.0,85.83,103,0.251,1,31,31,31,8,54,53,54,51,52,52,38,37,45,44,54,54,9,54,1
2025-26,1610612755,PHI,Philadelphia 76ers,0022500770,2026-02-09T00:00:00,PHI @ POR,L,48.0,114.7,115.7,127.4,132.4,-12.6,-16.7,0.605,1.64,16.8,0.283,0.527,0.416,0.137,0.537,0.609,104.4,102.0,85.0,102,0.45,1,31,31,31,8,28,52,49,28,35,31,36,53,50,27,26,14,15,44,1
2025-26,1610612755,PHI,Philadelphia 76ers,0022500754,2026-02-07T00:00:00,PHI @ PHX,W,48.0,113.6,111.2,104.4,107.3,9.2,3.9,0.514,1.0,14.0,0.31,0.755,0.558,0.184,0.547,0.613,97.3,97.0,80.83,98,0.547,1,1,1,1,8,36,15,24,46,50,50,28,8,3,47,24,11,44,15,1
2025-26,1610612755,PHI,Philadelphia 76ers,0022500740,2026-02-05T00:00:00,PHI @ LAL,L,48.0,109.4,111.7,115.7,114.4,-6.3,-2.8,0.644,1.93,20.9,0.171,0.676,0.41,0.146,0.565,0.611,104.0,103.5,86.25,103,0.485,1,31,31,31,8,34,29,38,15,23,6,53,22,52,36,13,13,6,34,1
2025-26,1610612755,PHI,Philadelphia 76ers,0022500724,2026-02-03T00:00:00,PHI @ GSW,W,48.0,125.2,124.2,103.4,103.3,21.8,20.9,0.548,1.77,16.3,0.509,0.738,0.611,0.143,0.522,0.553,90.6,91.0,75.83,91,0.581,1,1,1,1,8,10,6,3,42,31,35,1,10,1,32,33,36,54,4,1
2025-26,1610612755,PHI,Philadelphia 76ers,0022500715,2026-02-02T00:00:00,PHI @ LAC,W,48.0,133.8,134.7,118.0,121.5,15.8,13.2,0.689,5.17,21.2,0.385,0.778,0.545,0.063,0.569,0.617,95.7,94.0,78.33,95,0.548,1,1,1,1,8,3,43,9,5,1,5,8,4,5,2,10,10,49,14,1
2025-26,1610612755,PHI,Philadelphia 76ers,0022500699,2026-01-31T00:00:00,PHI vs. NOP,W,48.0,121.4,121.6,113.2,114.0,8.2,7.6,0.622,2.8,19.3,0.283,0.778,0.533,0.098,0.569,0.595,101.4,101.0,84.17,102,0.535,1,1,1,1,8,16,27,19,22,8,15,35,4,10,11,10,21,22,20,1
2025-26,1610612755,PHI,Philadelphia 76ers,0022500680,2026-01-29T00:00:00,PHI vs. SAC,W,48.0,122.0,124.2,117.9,120.7,4.0,3.5,0.641,2.78,20.8,0.111,0.523,0.338,0.099,0.597,0.66,93.4,91.5,76.25,91,0.538,1,1,1,1,8,10,42,25,16,9,7,54,54,54,13,8,3,53,19,1
2025-26,1610612755,PHI,Philadelphia 76ers,0022500666,2026-01-27T00:00:00,PHI vs. MIL,W,48.0,139.6,141.8,119.7,123.2,19.8,18.6,0.66,5.0,23.2,0.36,0.696,0.521,0.071,0.634,0.646,100.7,98.5,82.08,98,0.547,1,1,1,1,8,1,45,5,10,2,2,15,19,16,4,3,6,33,16,1
2025-26,1610612755,PHI,Philadelphia 76ers,0022500657,2026-01-26T00:00:00,PHI @ CHA,L,48.0,90.9,91.2,122.8,128.7,-31.9,-37.5,0.571,1.18,14.6,0.281,0.575,0.402,0.167,0.444,0.478,104.1,101.5,84.58,102,0.312,1,31,31,31,8,53,50,52,37,45,46,38,50,53,41,50,52,19,53,1
2025-26,1610612755,PHI,Philadelphia 76ers,0022500643,2026-01-24T00:00:00,PHI vs. NYK,L,48.0,111.5,112.4,115.6,114.3,-4.1,-1.9,0.615,1.71,18.5,0.205,0.614,0.436,0.144,0.565,0.607,97.3,97.5,81.25,97,0.505,1,31,31,31,8,33,28,36,23,32,18,49,46,45,35,14,15,41,29,1
2025-26,1610612755,PHI,Philadelphia 76ers,0022500628,2026-01-22T00:00:00,PHI vs. HOU,W,53.0,122.3,123.1,109.4,116.2,12.9,6.9,0.837,2.73,26.5,0.238,0.597,0.452,0.144,0.612,0.649,97.9,94.64,78.87,104,0.57,1,1,1,1,2,12,33,20,1,10,1,45,48,40,33,5,5,48,5,1
2025-26,1610612755,PHI,Philadelphia 76ers,0022500613,2026-01-20T00:00:00,PHI vs. PHX,L,48.0,103.9,103.8,107.6,110.5,-3.7,-6.7,0.513,1.05,13.5,0.393,0.635,0.509,0.179,0.478,0.524,106.8,105.5,87.92,106,0.493,1,31,31,31,8,50,18,43,47,48,51,7,40,23,45,46,48,4,33,1
2025-26,1610612755,PHI,Philadelphia 76ers,0022500609,2026-01-19T00:00:00,PHI vs. IND,W,48.0,115.5,114.1,101.8,104.0,13.7,10.1,0.524,2.44,16.1,0.302,0.622,0.449,0.091,0.506,0.544,100.0,99.5,82.92,99,0.562,1,1,1,1,8,30,7,14,44,14,39,31,45,42,6,40,41,26,9,1
2025-26,1610612755,PHI,Philadelphia 76ers,0022500589,2026-01-16T00:00:00,PHI vs. CLE,L,48.0,118.1,117.3,116.4,118.2,1.7,-0.8,0.651,2.55,19.9,0.3,0.636,0.457,0.112,0.538,0.579,98.9,98.5,82.08,98,0.479,1,31,31,31,8,20,38,31,12,13,11,32,37,39,15,25,28,33,37,1
2025-26,1610612755,PHI,Philadelphia 76ers,0022500572,2026-01-14T00:00:00,PHI vs. CLE,L,48.0,105.5,103.9,124.4,130.4,-18.9,-26.5,0.611,1.83,15.9,0.236,0.653,0.433,0.117,0.472,0.533,104.2,102.5,85.42,103,0.396,1,31,31,31,8,49,51,51,25,28,40,46,30,48,18,47,45,13,50,1
2025-26,1610612755,PHI,Philadelphia 76ers,0022500560,2026-01-12T00:00:00,PHI @ TOR,W,48.0,120.9,122.3,105.2,108.5,15.7,13.8,0.564,1.38,17.7,0.229,0.661,0.495,0.17,0.635,0.684,96.1,94.0,78.33,94,0.541,1,1,1,1,8,13,16,8,40,40,23,48,26,29,42,2,1,49,18,1
2025-26,1610612755,PHI,Philadelphia 76ers,0022500550,2026-01-11T00:00:00,PHI @ TOR,L,53.0,101.2,105.5,99.0,106.4,2.2,-0.9,0.268,0.5,7.9,0.385,0.545,0.475,0.202,0.5,0.555,104.5,98.72,82.26,109,0.457,1,31,31,31,2,43,13,33,54,54,54,8,52,35,51,41,35,32,42,1
2025-26,1610612755,PHI,Philadelphia 76ers,0022500533,2026-01-09T00:00:00,PHI @ ORL,W,48.0,105.6,105.1,87.6,93.8,18.0,11.3,0.513,1.54,14.3,0.407,0.642,0.518,0.133,0.432,0.488,100.7,97.5,81.25,98,0.568,1,1,1,1,8,45,1,10,47,37,48,5,36,19,23,52,51,41,6,1
2025-26,1610612755,PHI,Philadelphia 76ers,0022500518,2026-01-07T00:00:00,PHI vs. WAS,W,48.0,129.6,128.4,107.0,106.8,22.6,21.6,0.667,3.0,21.4,0.2,0.667,0.447,0.098,0.619,0.668,102.0,102.5,85.42,102,0.591,1,1,1,1,8,4,14,2,7,6,4,50,25,44,11,4,2,13,3,1
2025-26,1610612755,PHI,Philadelphia 76ers,0022500507,2026-01-05T00:00:00,PHI vs. DEN,L,53.0,116.6,120.4,118.7,122.5,-2.1,-2.2,0.609,2.0,18.4,0.375,0.707,0.515,0.136,0.556,0.583,95.9,92.83,77.36,103,0.496,1,31,31,31,2,17,44,37,27,22,19,11,17,20,26,17,27,52,32,1
2025-26,1610612755,PHI,Philadelphia 76ers,0022500487,2026-01-03T00:00:00,PHI @ NYK,W,48.0,123.7,125.0,113.2,116.7,10.4,8.3,0.51,1.79,17.6,0.318,0.709,0.535,0.135,0.639,0.649,105.1,103.0,85.83,104,0.555,1,1,1,1,8,9,35,18,49,30,24,22,15,9,25,1,4,9,11,1
2025-26,1610612755,PHI,Philadelphia 76ers,0022500473,2026-01-01T00:00:00,PHI @ DAL,W,48.0,119.4,121.8,99.3,104.9,20.1,16.9,0.458,1.83,16.8,0.186,0.685,0.464,0.119,0.606,0.634,105.9,102.0,85.0,101,0.563,1,1,1,1,8,15,9,6,52,28,30,52,21,38,19,6,7,15,7,1
2025-26,1610612755,PHI,Philadelphia 76ers,0022500458,2025-12-30T00:00:00,PHI @ MEM,W,53.0,117.9,125.2,118.8,120.4,-0.9,4.9,0.647,3.67,20.1,0.317,0.636,0.449,0.081,0.527,0.566,105.2,101.43,84.53,111,0.481,1,1,1,1,2,7,41,22,14,3,9,23,37,43,5,30,31,21,36,1
2025-26,1610612755,PHI,Philadelphia 76ers,0022500442,2025-12-28T00:00:00,PHI @ OKC,L,48.0,101.7,104.0,125.2,127.7,-23.5,-23.7,0.6,0.91,15.2,0.333,0.643,0.473,0.23,0.524,0.564,102.6,100.5,83.75,100,0.346,1,31,31,31,8,48,49,50,29,51,45,20,35,37,54,32,32,24,52,1
2025-26,1610612755,PHI,Philadelphia 76ers,0022500427,2025-12-26T00:00:00,PHI @ CHI,L,48.0,102.5,105.2,112.4,110.1,-9.9,-4.9,0.629,2.44,16.3,0.276,0.712,0.482,0.093,0.435,0.492,98.3,98.0,81.67,97,0.433,1,31,31,31,8,44,17,41,20,14,36,41,14,32,7,51,50,39,48,1
2025-26,1610612755,PHI,Philadelphia 76ers,0022500410,2025-12-23T00:00:00,PHI vs. BKN,L,48.0,104.2,107.1,110.1,115.2,-5.9,-8.1,0.455,0.88,11.2,0.385,0.633,0.505,0.172,0.451,0.542,102.6,99.0,82.5,99,0.478,1,31,31,31,8,42,30,44,53,53,53,8,41,24,43,49,44,30,38,1
2025-26,1610612755,PHI,Philadelphia 76ers,0022500387,2025-12-20T00:00:00,PHI vs. DAL,W,48.0,116.0,116.3,111.0,111.8,5.0,4.6,0.614,2.7,17.5,0.371,0.763,0.52,0.096,0.49,0.529,103.5,103.0,85.83,104,0.503,1,1,1,1,8,23,22,23,24,11,25,13,7,17,10,43,47,9,30,1
2025-26,1610612755,PHI,Philadelphia 76ers,0022500382,2025-12-19T00:00:00,PHI @ NYK,W,48.0,118.1,122.1,111.5,112.6,6.6,9.5,0.525,1.91,16.3,0.28,0.549,0.416,0.116,0.551,0.596,97.1,95.0,79.17,95,0.505,1,1,1,1,8,14,24,16,43,25,38,40,51,50,17,22,19,47,28,1
2025-26,1610612755,PHI,Philadelphia 76ers,0022501217,2025-12-14T00:00:00,PHI @ ATL,L,48.0,111.7,112.5,111.9,116.5,-0.2,-4.0,0.658,2.08,16.4,0.369,0.596,0.475,0.115,0.46,0.514,106.0,103.5,86.25,104,0.485,1,31,31,31,8,32,34,39,11,21,34,14,49,34,16,48,49,6,35,1
2025-26,1610612755,PHI,Philadelphia 76ers,0022501211,2025-12-12T00:00:00,PHI vs. IND,W,48.0,115.1,117.3,105.7,106.1,9.4,11.3,0.629,1.69,16.3,0.306,0.733,0.541,0.133,0.519,0.587,99.6,98.5,82.08,98,0.552,1,1,1,1,8,20,11,11,20,33,36,29,12,6,23,35,25,33,13,1
2025-26,1610612755,PHI,Philadelphia 76ers,0022500362,2025-12-07T00:00:00,PHI vs. LAL,L,48.0,105.4,109.1,113.3,113.1,-7.8,-4.0,0.583,3.5,14.6,0.353,0.809,0.539,0.061,0.417,0.476,100.7,99.0,82.5,99,0.458,1,31,31,31,8,39,25,40,35,5,47,18,2,7,1,53,53,30,41,1
2025-26,1610612755,PHI,Philadelphia 76ers,0022500348,2025-12-05T00:00:00,PHI @ MIL,W,48.0,116.4,116.0,102.1,102.0,14.2,14.0,0.641,1.67,18.1,0.298,0.795,0.538,0.15,0.552,0.606,99.3,99.5,82.92,100,0.554,1,1,1,1,8,26,4,7,16,34,21,33,3,8,38,20,16,26,12,1
2025-26,1610612755,PHI,Philadelphia 76ers,0022500333,2025-12-04T00:00:00,PHI vs. GSW,W,48.0,99.8,102.1,100.0,100.0,-0.1,2.1,0.59,1.21,17.0,0.313,0.709,0.524,0.196,0.518,0.543,98.6,97.5,81.25,97,0.515,1,1,1,1,8,51,3,29,32,44,28,25,15,15,49,36,43,41,25,1
2025-26,1610612755,PHI,Philadelphia 76ers,0022500318,2025-12-02T00:00:00,PHI vs. WAS,W,48.0,112.6,118.6,100.9,98.1,11.7,20.6,0.565,2.36,17.8,0.31,0.69,0.5,0.108,0.534,0.553,104.3,103.0,85.83,102,0.562,1,1,1,1,8,19,2,4,38,16,22,26,20,26,14,28,37,9,8,1
2025-26,1610612755,PHI,Philadelphia 76ers,0022500304,2025-11-30T00:00:00,PHI vs. ATL,L,58.0,104.1,104.7,108.4,110.9,-4.3,-6.3,0.565,1.44,15.5,0.234,0.623,0.424,0.141,0.486,0.55,107.5,105.93,88.28,128,0.458,1,31,31,31,1,47,20,42,38,39,44,47,44,49,30,44,39,3,40,1
2025-26,1610612755,PHI,Philadelphia 76ers,0022500070,2025-11-28T00:00:00,PHI @ BKN,W,48.0,115.2,116.2,102.5,105.1,12.7,11.1,0.651,2.33,20.0,0.283,0.66,0.485,0.121,0.551,0.594,100.1,98.5,82.08,99,0.603,1,1,1,1,8,25,10,12,12,17,10,36,27,31,20,22,23,33,1,1
2025-26,1610612755,PHI,Philadelphia 76ers,0022500058,2025-11-25T00:00:00,PHI vs. ORL,L,48.0,98.4,96.3,130.5,137.1,-32.1,-40.9,0.595,1.05,15.6,0.25,0.608,0.434,0.196,0.506,0.562,107.5,106.0,88.33,107,0.349,1,31,31,31,8,52,54,53,30,49,42,44,47,47,50,39,33,1,51,1
2025-26,1610612755,PHI,Philadelphia 76ers,0022500275,2025-11-23T00:00:00,PHI vs. MIA,L,48.0,110.0,110.4,119.6,119.8,-9.6,-9.4,0.636,1.87,18.4,0.31,0.648,0.473,0.142,0.52,0.55,106.3,106.0,88.33,106,0.447,1,31,31,31,8,37,40,47,18,26,19,26,32,36,31,34,40,1,45,1
2025-26,1610612755,PHI,Philadelphia 76ers,0022500266,2025-11-20T00:00:00,PHI @ MIL,W,53.0,110.4,113.9,104.9,104.6,5.5,9.3,0.714,2.14,19.6,0.263,0.84,0.533,0.13,0.526,0.567,99.7,98.26,81.89,108,0.528,1,1,1,1,2,31,8,17,3,20,13,43,1,10,22,31,29,38,22,1
2025-26,1610612755,PHI,Philadelphia 76ers,0022500258,2025-11-19T00:00:00,PHI vs. TOR,L,48.0,112.1,114.3,119.1,123.5,-7.1,-9.2,0.585,1.14,17.0,0.417,0.659,0.528,0.214,0.552,0.59,100.7,98.0,81.67,98,0.445,1,31,31,31,8,29,46,45,34,46,29,2,29,14,53,21,24,39,46,1
2025-26,1610612755,PHI,Philadelphia 76ers,0022500243,2025-11-17T00:00:00,PHI vs. LAC,W,48.0,113.2,115.8,107.1,113.7,6.1,2.1,0.667,2.89,19.1,0.288,0.769,0.529,0.095,0.53,0.566,99.0,95.0,79.17,95,0.545,1,1,1,1,54,27,26,28,7,7,16,34,6,13,8,29,30,46,17,1
2025-26,1610612755,PHI,Philadelphia 76ers,0022500041,2025-11-14T00:00:00,PHI @ DET,L,48.0,106.5,105.0,113.0,115.2,-6.5,-10.2,0.487,1.27,14.1,0.314,0.717,0.519,0.15,0.511,0.543,99.8,99.5,82.92,100,0.434,1,31,31,31,8,46,30,48,50,43,49,24,13,18,38,38,42,26,47,1
2025-26,1610612755,PHI,Philadelphia 76ers,0022500209,2025-11-11T00:00:00,PHI vs. BOS,W,48.0,109.3,108.5,101.7,106.4,7.6,2.1,0.667,2.67,18.8,0.196,0.672,0.45,0.096,0.512,0.552,95.9,94.0,78.33,94,0.501,1,1,1,1,8,41,12,27,7,12,17,51,24,41,9,37,38,49,31,1
2025-26,1610612755,PHI,Philadelphia 76ers,0022500195,2025-11-09T00:00:00,PHI vs. DET,L,48.0,103.5,109.1,109.6,111.0,-6.0,-1.9,0.611,1.1,15.7,0.373,0.745,0.551,0.202,0.5,0.561,102.8,99.5,82.92,99,0.478,1,31,31,31,8,39,21,35,25,47,41,12,9,4,52,41,34,26,39,1
2025-26,1610612755,PHI,Philadelphia 76ers,0022500184,2025-11-08T00:00:00,PHI vs. TOR,W,48.0,121.1,127.5,116.1,117.6,5.0,9.8,0.633,2.21,20.1,0.412,0.736,0.577,0.137,0.563,0.6,105.3,102.0,85.0,102,0.558,1,1,1,1,8,5,37,15,19,19,8,3,11,2,27,15,17,15,10,1
2025-26,1610612755,PHI,Philadelphia 76ers,0022500171,2025-11-05T00:00:00,PHI @ CLE,L,48.0,112.9,116.3,126.3,125.7,-13.5,-9.4,0.591,1.37,17.2,0.412,0.674,0.532,0.183,0.556,0.586,105.8,104.5,87.08,104,0.432,1,31,31,31,8,23,47,46,31,42,27,3,23,12,46,18,26,5,49,1
2025-26,1610612755,PHI,Philadelphia 76ers,0022500167,2025-11-04T00:00:00,PHI @ CHI,L,48.0,102.2,109.9,108.9,110.8,-6.6,-0.9,0.55,1.38,15.5,0.339,0.633,0.476,0.158,0.484,0.531,106.2,101.5,84.58,101,0.452,1,31,31,31,8,38,19,32,41,40,43,19,41,33,40,45,46,19,43,1
2025-26,1610612755,PHI,Philadelphia 76ers,0022500149,2025-11-02T00:00:00,PHI @ BKN,W,48.0,121.1,126.5,96.8,102.9,24.3,23.5,0.68,2.27,22.2,0.354,0.63,0.5,0.147,0.599,0.623,107.5,102.0,85.0,102,0.6,1,1,1,1,8,6,5,1,6,18,3,17,43,26,37,7,8,15,2,1
2025-26,1610612755,PHI,Philadelphia 76ers,0022500021,2025-10-31T00:00:00,PHI vs. BOS,L,48.0,108.3,111.3,108.7,112.4,-0.4,-1.0,0.73,1.5,19.9,0.267,0.65,0.486,0.186,0.558,0.595,100.0,97.0,80.83,97,0.533,1,31,31,31,8,35,23,34,2,38,12,42,31,30,48,16,22,44,21,1
2025-26,1610612755,PHI,Philadelphia 76ers,0022500123,2025-10-28T00:00:00,PHI @ WAS,W,53.0,123.8,125.2,112.4,119.6,11.4,5.6,0.578,1.86,16.6,0.356,0.645,0.504,0.126,0.535,0.598,104.8,100.98,84.15,111,0.528,1,1,1,1,2,7,39,21,36,27,33,16,33,25,21,27,18,23,23,1
2025-26,1610612755,PHI,Philadelphia 76ers,0022500114,2025-10-27T00:00:00,PHI vs. ORL,W,48.0,130.7,137.4,125.6,126.5,5.1,10.8,0.521,3.57,17.2,0.404,0.644,0.515,0.071,0.567,0.612,101.4,98.5,82.08,99,0.506,1,1,1,1,8,2,48,13,45,4,26,6,34,20,3,12,12,33,27,1
2025-26,1610612755,PHI,Philadelphia 76ers,0022500102,2025-10-25T00:00:00,PHI vs. CHA,W,48.0,119.0,120.2,114.9,117.5,4.1,2.7,0.707,1.93,19.3,0.327,0.66,0.495,0.144,0.575,0.618,105.2,103.5,86.25,104,0.522,1,1,1,1,8,18,36,26,4,23,14,21,27,28,33,9,9,6,24,1
2025-26,1610612755,PHI,Philadelphia 76ers,0022500083,2025-10-22T00:00:00,PHI @ BOS,W,48.0,114.5,117.0,112.1,116.0,2.3,1.0,0.59,1.64,16.7,0.306,0.706,0.51,0.14,0.553,0.596,102.8,100.0,83.33,100,0.511,1,1,1,1,8,22,32,30,32,35,32,29,18,22,29,19,20,25,26,1
2025-26,1610612756,PHX,Phoenix Suns,0022500785,2026-02-11T00:00:00,PHX vs. OKC,L,48.0,115.1,114.7,139.7,143.2,-24.6,-28.4,0.605,2.17,18.8,0.333,0.683,0.489,0.126,0.549,0.558,96.0,95.0,79.17,95,0.398,1,33,33,33,2,30,55,54,31,15,18,27,28,30,16,23,37,43,48,1
2025-26,1610612756,PHX,Phoenix Suns,0022500773,2026-02-10T00:00:00,PHX vs. DAL,W,48.0,117.7,116.5,106.4,107.8,11.3,8.7,0.653,2.29,20.6,0.364,0.756,0.54,0.136,0.559,0.566,103.2,103.0,85.83,103,0.52,1,1,1,1,2,25,20,19,18,13,11,19,11,12,22,20,30,13,25,1
2025-26,1610612756,PHX,Phoenix Suns,0022500754,2026-02-07T00:00:00,PHX vs. PHI,L,48.0,104.4,107.3,113.6,111.2,-9.2,-3.9,0.667,1.57,16.8,0.245,0.69,0.442,0.146,0.464,0.533,97.3,97.0,80.83,96,0.453,1,33,33,33,2,41,28,41,15,31,35,47,24,49,26,51,44,35,42,1
2025-26,1610612756,PHX,Phoenix Suns,0022500739,2026-02-05T00:00:00,PHX vs. GSW,L,48.0,107.0,109.0,112.5,112.2,-5.5,-3.2,0.579,1.83,18.5,0.182,0.702,0.451,0.135,0.561,0.573,90.2,89.5,74.58,89,0.48,1,33,33,33,2,39,30,38,38,20,19,54,16,47,21,19,27,52,37,1
2025-26,1610612756,PHX,Phoenix Suns,0022500725,2026-02-03T00:00:00,PHX @ POR,W,48.0,134.6,134.0,122.6,127.6,11.9,6.5,0.52,2.36,18.2,0.392,0.528,0.462,0.113,0.619,0.627,99.3,97.5,81.25,97,0.511,1,1,1,1,2,4,50,25,44,11,20,10,52,44,10,8,9,34,30,1
2025-26,1610612756,PHX,Phoenix Suns,0022500709,2026-02-01T00:00:00,PHX vs. LAC,L,48.0,97.0,98.9,115.9,123.2,-18.9,-24.2,0.677,4.2,16.4,0.2,0.51,0.333,0.053,0.435,0.461,98.4,94.5,78.75,94,0.323,1,33,33,33,2,53,46,51,13,2,42,53,53,55,1,53,53,45,53,1
2025-26,1610612756,PHX,Phoenix Suns,0022500693,2026-01-30T00:00:00,PHX vs. CLE,W,48.0,119.0,121.2,104.8,108.7,14.2,12.5,0.689,1.41,20.9,0.302,0.618,0.48,0.212,0.665,0.678,106.9,104.0,86.67,104,0.555,1,1,1,1,2,10,23,14,11,40,8,37,44,35,53,4,5,9,12,1
2025-26,1610612756,PHX,Phoenix Suns,0022500685,2026-01-29T00:00:00,PHX vs. DET,W,48.0,116.6,118.8,99.8,100.0,16.9,18.8,0.595,1.29,16.7,0.341,0.8,0.585,0.177,0.57,0.621,97.0,96.0,80.0,96,0.554,1,1,1,1,2,18,5,8,34,44,37,25,6,3,42,14,10,39,14,1
2025-26,1610612756,PHX,Phoenix Suns,0022500669,2026-01-27T00:00:00,PHX vs. BKN,W,48.0,116.7,117.8,109.3,114.6,7.5,3.2,0.512,1.47,17.6,0.361,0.564,0.467,0.167,0.591,0.618,92.1,89.5,74.58,90,0.54,1,1,1,1,2,20,34,28,45,36,23,20,51,41,33,10,12,52,18,1
2025-26,1610612756,PHX,Phoenix Suns,0022500655,2026-01-25T00:00:00,PHX vs. MIA,L,48.0,100.6,101.0,111.3,108.8,-10.7,-7.8,0.378,1.27,10.2,0.333,0.661,0.484,0.109,0.405,0.458,100.6,101.5,84.58,101,0.411,1,33,33,33,2,50,25,45,53,46,54,27,36,32,8,55,54,19,46,1
2025-26,1610612756,PHX,Phoenix Suns,0022500636,2026-01-23T00:00:00,PHX @ ATL,L,48.0,102.0,102.0,110.0,108.9,-7.9,-6.9,0.571,1.85,17.4,0.245,0.762,0.474,0.129,0.5,0.52,100.5,101.0,84.17,101,0.476,1,33,33,33,2,49,26,44,40,19,28,47,10,38,17,43,48,22,38,1
2025-26,1610612756,PHX,Phoenix Suns,0022500613,2026-01-20T00:00:00,PHX @ PHI,W,48.0,107.6,110.5,103.9,103.8,3.7,6.7,0.625,1.14,16.8,0.365,0.607,0.491,0.21,0.522,0.575,106.8,105.5,87.92,105,0.507,1,1,1,1,2,38,10,23,24,51,36,17,46,27,52,36,26,3,31,1
2025-26,1610612756,PHX,Phoenix Suns,0022500610,2026-01-19T00:00:00,PHX @ BKN,W,48.0,135.3,141.6,128.2,130.0,7.1,11.6,0.659,2.23,22.3,0.343,0.744,0.564,0.146,0.701,0.723,92.2,89.5,74.58,89,0.538,1,1,1,1,2,1,51,16,16,14,4,23,12,8,27,2,2,52,19,1
2025-26,1610612756,PHX,Phoenix Suns,0022500596,2026-01-17T00:00:00,PHX @ NYK,W,48.0,114.1,114.0,104.2,107.6,9.9,6.4,0.647,1.83,16.7,0.333,0.588,0.461,0.129,0.506,0.565,93.9,92.5,77.08,93,0.517,1,1,1,1,2,31,19,26,19,20,37,27,48,45,18,41,31,51,26,1
2025-26,1610612756,PHX,Phoenix Suns,0022500579,2026-01-15T00:00:00,PHX @ DET,L,48.0,101.9,105.0,107.7,108.0,-5.8,-3.0,0.583,1.5,15.7,0.232,0.692,0.454,0.14,0.511,0.536,101.6,100.0,83.33,100,0.44,1,33,33,33,2,47,21,36,37,33,46,51,21,46,25,39,42,26,45,1
2025-26,1610612756,PHX,Phoenix Suns,0022500564,2026-01-13T00:00:00,PHX @ MIA,L,48.0,114.4,117.5,121.3,123.3,-7.0,-5.8,0.5,1.69,15.0,0.39,0.702,0.528,0.126,0.5,0.546,105.2,103.0,85.83,103,0.454,1,33,33,33,2,23,47,43,48,26,49,11,16,16,15,43,39,13,41,1
2025-26,1610612756,PHX,Phoenix Suns,0022500555,2026-01-11T00:00:00,PHX vs. WAS,W,48.0,107.3,108.7,88.6,89.4,18.7,19.3,0.8,2.0,21.2,0.304,0.692,0.491,0.155,0.511,0.542,104.6,103.5,86.25,103,0.576,1,1,1,1,2,40,1,6,2,17,6,35,21,27,30,40,41,10,9,1
2025-26,1610612756,PHX,Phoenix Suns,0022500538,2026-01-09T00:00:00,PHX vs. NYK,W,48.0,116.5,120.4,114.8,113.8,1.8,6.6,0.605,2.3,18.0,0.271,0.583,0.427,0.108,0.541,0.589,94.7,93.5,77.92,93,0.523,1,1,1,1,2,14,32,24,30,12,21,42,49,52,6,26,18,48,23,1
2025-26,1610612756,PHX,Phoenix Suns,0022500524,2026-01-07T00:00:00,PHX @ MEM,W,48.0,113.0,118.2,96.9,99.0,16.1,19.2,0.689,1.72,20.9,0.352,0.667,0.514,0.182,0.577,0.582,102.3,99.0,82.5,99,0.582,1,1,1,1,2,19,4,7,11,24,8,21,32,19,44,12,21,28,7,1
2025-26,1610612756,PHX,Phoenix Suns,0022500505,2026-01-05T00:00:00,PHX @ HOU,L,48.0,101.8,103.2,102.8,106.4,-1.0,-3.2,0.622,1.77,17.4,0.288,0.596,0.442,0.138,0.5,0.52,96.3,94.0,78.33,94,0.493,1,33,33,33,2,48,16,37,26,22,26,40,47,48,23,43,49,46,35,1
2025-26,1610612756,PHX,Phoenix Suns,0022500499,2026-01-04T00:00:00,PHX vs. OKC,W,48.0,112.8,113.7,107.8,110.5,4.9,3.2,0.6,1.31,15.9,0.34,0.886,0.604,0.168,0.551,0.588,96.6,95.0,79.17,95,0.502,1,1,1,1,2,32,27,29,32,43,44,26,1,1,35,22,19,43,34,1
2025-26,1610612756,PHX,Phoenix Suns,0022500483,2026-01-02T00:00:00,PHX vs. SAC,W,48.0,123.7,124.0,96.2,100.0,27.5,24.0,0.469,1.92,16.7,0.268,0.673,0.5,0.115,0.609,0.649,105.2,103.0,85.83,104,0.687,1,1,1,1,2,8,5,3,51,18,37,43,31,24,12,9,8,13,1,1
2025-26,1610612756,PHX,Phoenix Suns,0022500465,2025-12-31T00:00:00,PHX @ CLE,L,48.0,105.6,106.6,120.9,124.0,-15.4,-17.4,0.548,1.64,15.0,0.379,0.694,0.513,0.132,0.471,0.504,106.9,105.0,87.5,106,0.401,1,33,33,33,2,43,48,47,41,28,48,16,20,20,19,49,51,5,47,1
2025-26,1610612756,PHX,Phoenix Suns,0022500448,2025-12-29T00:00:00,PHX @ WAS,W,48.0,116.3,119.8,107.2,105.2,9.1,14.6,0.61,2.5,17.1,0.417,0.791,0.573,0.104,0.49,0.528,96.6,96.0,80.0,96,0.544,1,1,1,1,2,16,14,12,28,8,32,5,7,6,5,48,46,39,17,1
2025-26,1610612756,PHX,Phoenix Suns,0022500434,2025-12-27T00:00:00,PHX @ NOP,W,48.0,121.3,124.2,113.4,115.2,7.9,9.1,0.578,1.53,17.2,0.473,0.692,0.579,0.172,0.561,0.578,100.9,99.0,82.5,99,0.526,1,1,1,1,2,7,35,18,39,32,30,1,21,5,39,18,24,28,21,1
2025-26,1610612756,PHX,Phoenix Suns,0022500429,2025-12-26T00:00:00,PHX @ NOP,W,48.0,110.6,111.7,101.4,104.9,9.1,6.8,0.591,1.44,17.4,0.408,0.667,0.547,0.175,0.527,0.564,105.2,103.0,85.83,103,0.573,1,1,1,1,2,36,12,22,35,38,25,8,32,11,40,32,32,13,10,1
2025-26,1610612756,PHX,Phoenix Suns,0022500418,2025-12-23T00:00:00,PHX vs. LAL,W,48.0,137.8,138.9,111.6,112.5,26.2,26.4,0.7,2.5,24.6,0.342,0.638,0.506,0.147,0.671,0.704,96.3,95.5,79.58,95,0.637,1,1,1,1,2,2,31,2,9,8,1,24,39,23,28,3,3,42,4,1
2025-26,1610612756,PHX,Phoenix Suns,0022500392,2025-12-20T00:00:00,PHX @ GSW,L,48.0,112.0,114.9,111.7,117.8,0.3,-3.0,0.548,1.64,16.9,0.255,0.566,0.42,0.139,0.545,0.588,105.1,101.0,84.17,101,0.484,1,33,33,33,2,29,40,35,41,28,34,44,50,53,24,25,20,22,36,1
2025-26,1610612756,PHX,Phoenix Suns,0022500378,2025-12-18T00:00:00,PHX vs. GSW,W,48.0,98.3,99.0,96.2,97.0,2.2,2.0,0.528,1.27,14.4,0.255,0.679,0.468,0.15,0.466,0.507,101.3,100.5,83.75,100,0.514,1,1,1,1,2,52,3,31,43,47,51,46,30,40,29,50,50,25,27,1
2025-26,1610612756,PHX,Phoenix Suns,0022501228,2025-12-14T00:00:00,PHX vs. LAL,L,48.0,110.7,112.9,110.6,117.2,0.1,-4.3,0.725,1.45,20.1,0.304,0.509,0.416,0.198,0.567,0.613,104.0,100.0,83.33,101,0.512,1,33,33,33,2,34,39,42,7,37,14,34,54,54,49,16,13,26,29,1
2025-26,1610612756,PHX,Phoenix Suns,0022501203,2025-12-10T00:00:00,PHX @ OKC,L,48.0,84.7,85.6,134.3,131.4,-49.6,-45.9,0.727,1.14,17.1,0.226,0.833,0.472,0.202,0.452,0.489,103.9,104.5,87.08,104,0.307,1,33,33,33,2,55,52,55,6,50,31,52,3,39,51,52,52,8,55,1
2025-26,1610612756,PHX,Phoenix Suns,0022500365,2025-12-08T00:00:00,PHX @ MIN,W,48.0,115.1,116.1,110.4,111.7,4.8,4.4,0.634,2.89,19.1,0.327,0.64,0.48,0.097,0.522,0.547,94.5,93.5,77.92,93,0.514,1,1,1,1,2,26,29,27,21,5,16,32,38,34,4,35,38,48,28,1
2025-26,1610612756,PHX,Phoenix Suns,0022500346,2025-12-05T00:00:00,PHX @ HOU,L,48.0,92.1,100.0,115.4,118.2,-23.3,-18.2,0.359,1.08,10.4,0.381,0.688,0.484,0.133,0.415,0.452,103.9,98.5,82.08,98,0.307,1,33,33,33,2,51,41,48,54,52,53,14,25,31,20,54,55,32,54,1
2025-26,1610612756,PHX,Phoenix Suns,0022500317,2025-12-01T00:00:00,PHX @ LAL,W,48.0,121.9,122.5,104.2,106.9,17.7,15.6,0.673,3.18,24.3,0.167,0.805,0.482,0.108,0.658,0.654,103.1,101.5,84.58,102,0.609,1,1,1,1,2,9,17,11,14,4,2,55,5,33,7,5,7,19,6,1
2025-26,1610612756,PHX,Phoenix Suns,0022500299,2025-11-29T00:00:00,PHX vs. DEN,L,48.0,117.4,120.4,140.9,139.8,-23.6,-19.4,0.59,3.29,17.4,0.314,0.636,0.44,0.075,0.523,0.563,93.8,93.0,77.5,93,0.395,1,33,33,33,2,14,54,49,36,3,26,33,41,50,3,34,33,50,49,1
2025-26,1610612756,PHX,Phoenix Suns,0022500075,2025-11-28T00:00:00,PHX @ OKC,L,48.0,108.6,112.3,115.7,116.0,-7.1,-3.8,0.476,1.0,13.9,0.333,0.872,0.584,0.189,0.538,0.58,107.9,106.0,88.33,106,0.451,1,33,33,33,2,35,38,40,50,53,52,27,2,4,46,28,22,1,43,1
2025-26,1610612756,PHX,Phoenix Suns,0022500068,2025-11-26T00:00:00,PHX @ SAC,W,48.0,112.2,115.5,99.6,103.1,12.6,12.4,0.595,1.47,17.5,0.396,0.702,0.54,0.175,0.538,0.561,100.1,97.0,80.83,97,0.556,1,1,1,1,2,28,9,15,33,34,24,9,16,12,41,27,34,35,11,1
2025-26,1610612756,PHX,Phoenix Suns,0022500290,2025-11-24T00:00:00,PHX vs. HOU,L,48.0,95.5,96.8,114.6,122.6,-19.1,-25.7,0.333,0.52,8.9,0.365,0.638,0.495,0.221,0.494,0.521,97.9,94.0,78.33,95,0.329,1,33,33,33,2,54,45,52,55,55,55,17,39,26,54,47,47,46,51,1
2025-26,1610612756,PHX,Phoenix Suns,0022500281,2025-11-23T00:00:00,PHX vs. SAS,W,48.0,112.1,113.3,105.2,106.3,6.9,7.0,0.628,4.5,19.1,0.304,0.681,0.476,0.061,0.515,0.533,98.0,97.0,80.83,98,0.554,1,1,1,1,2,33,15,21,23,1,15,35,29,37,2,38,43,35,15,1
2025-26,1610612756,PHX,Phoenix Suns,0022500053,2025-11-21T00:00:00,PHX vs. MIN,W,48.0,106.8,110.7,104.1,108.7,2.7,2.0,0.641,0.89,17.0,0.435,0.611,0.53,0.272,0.568,0.608,107.6,103.5,86.25,103,0.52,1,1,1,1,2,37,23,30,20,54,33,3,45,15,55,15,14,10,24,1
2025-26,1610612756,PHX,Phoenix Suns,0022500254,2025-11-18T00:00:00,PHX @ POR,W,48.0,117.9,121.0,99.3,104.8,18.7,16.2,0.511,1.33,16.1,0.412,0.636,0.528,0.171,0.551,0.59,109.2,105.0,87.5,105,0.554,1,1,1,1,2,13,11,9,47,42,43,7,41,16,38,21,17,5,13,1
2025-26,1610612756,PHX,Phoenix Suns,0022500239,2025-11-16T00:00:00,PHX vs. ATL,L,48.0,114.7,119.6,119.7,121.6,-5.0,-2.0,0.489,1.35,15.8,0.415,0.744,0.563,0.167,0.536,0.579,105.0,102.0,85.0,102,0.459,1,33,33,33,2,17,44,34,49,41,45,6,12,9,33,30,23,18,40,1
2025-26,1610612756,PHX,Phoenix Suns,0022500226,2025-11-13T00:00:00,PHX vs. IND,W,48.0,135.9,135.7,101.3,100.0,34.6,35.7,0.388,1.73,14.8,0.282,0.656,0.51,0.112,0.653,0.686,97.3,98.0,81.67,98,0.656,1,1,1,1,2,3,5,1,52,23,50,41,37,22,9,6,4,33,2,1
2025-26,1610612756,PHX,Phoenix Suns,0022500221,2025-11-12T00:00:00,PHX @ DAL,W,48.0,116.7,117.1,107.1,108.6,9.6,8.6,0.705,2.58,20.4,0.291,0.739,0.495,0.114,0.537,0.578,106.0,105.0,87.5,105,0.524,1,1,1,1,2,24,22,20,8,7,12,39,14,25,11,29,25,5,22,1
2025-26,1610612756,PHX,Phoenix Suns,0022500204,2025-11-10T00:00:00,PHX vs. NOP,W,48.0,121.4,121.0,98.6,100.0,22.9,21.0,0.744,1.61,20.3,0.349,0.686,0.532,0.18,0.622,0.66,99.5,99.0,82.5,100,0.655,1,1,1,1,2,12,5,4,4,30,13,22,26,14,43,7,6,28,3,1
2025-26,1610612756,PHX,Phoenix Suns,0022500190,2025-11-08T00:00:00,PHX @ LAC,W,48.0,122.3,126.7,113.3,115.7,9.0,10.9,0.75,2.14,21.6,0.422,0.816,0.602,0.156,0.578,0.618,92.1,89.5,74.58,90,0.546,1,1,1,1,2,6,36,17,3,16,5,4,4,2,31,11,11,52,16,1
2025-26,1610612756,PHX,Phoenix Suns,0022500182,2025-11-06T00:00:00,PHX vs. LAC,W,48.0,113.5,121.1,106.0,105.2,7.4,15.9,0.659,1.69,18.9,0.389,0.667,0.52,0.168,0.549,0.573,98.8,96.0,80.0,95,0.533,1,1,1,1,2,11,13,10,17,27,17,12,32,18,35,23,28,39,20,1
2025-26,1610612756,PHX,Phoenix Suns,0022500169,2025-11-04T00:00:00,PHX @ GSW,L,48.0,108.0,107.0,118.2,120.4,-10.2,-13.4,0.625,1.47,17.2,0.385,0.791,0.568,0.17,0.505,0.546,99.4,99.0,82.5,100,0.45,1,33,33,33,2,42,42,46,24,34,29,13,7,7,37,42,40,28,44,1
2025-26,1610612756,PHX,Phoenix Suns,0022500154,2025-11-02T00:00:00,PHX vs. SAS,W,48.0,125.4,127.5,111.2,114.6,14.2,12.9,0.739,1.7,23.6,0.235,0.625,0.478,0.196,0.703,0.733,104.9,102.5,85.42,102,0.581,1,1,1,1,2,5,33,13,5,25,3,49,43,36,48,1,1,17,8,1
2025-26,1610612756,PHX,Phoenix Suns,0022500025,2025-10-31T00:00:00,PHX vs. UTA,W,48.0,114.7,115.7,93.1,95.0,21.5,20.6,0.698,2.5,20.7,0.255,0.709,0.491,0.118,0.566,0.596,103.0,101.5,84.58,102,0.633,1,1,1,1,2,27,2,5,10,8,10,45,15,29,13,17,16,19,5,1
2025-26,1610612756,PHX,Phoenix Suns,0022500137,2025-10-29T00:00:00,PHX vs. MEM,L,48.0,106.1,106.6,106.8,107.5,-0.7,-0.9,0.61,1.19,17.6,0.234,0.776,0.51,0.198,0.57,0.604,106.6,106.0,88.33,106,0.474,1,33,33,33,2,43,18,33,28,49,22,50,9,21,50,13,15,1,39,1
2025-26,1610612756,PHX,Phoenix Suns,0022500120,2025-10-27T00:00:00,PHX @ UTA,L,53.0,115.9,117.5,120.2,121.1,-4.3,-3.5,0.822,2.64,21.1,0.381,0.492,0.438,0.123,0.519,0.56,104.4,103.25,86.04,114,0.507,1,33,33,33,1,22,43,39,1,6,7,14,55,51,14,37,35,12,32,1
2025-26,1610612756,PHX,Phoenix Suns,0022500104,2025-10-25T00:00:00,PHX @ DEN,L,48.0,105.0,105.7,123.7,125.5,-18.7,-19.8,0.632,1.2,16.7,0.294,0.667,0.462,0.19,0.528,0.568,106.6,105.5,87.92,105,0.356,1,33,33,33,2,45,49,50,22,48,37,38,32,43,47,31,29,3,50,1
2025-26,1610612756,PHX,Phoenix Suns,0022500099,2025-10-24T00:00:00,PHX @ LAC,L,48.0,102.4,105.2,133.8,133.0,-31.4,-27.8,0.622,1.28,16.5,0.333,0.697,0.467,0.186,0.5,0.528,98.0,97.0,80.83,97,0.326,1,33,33,33,2,46,53,53,26,45,41,27,19,41,45,43,45,35,52,1
2025-26,1610612756,PHX,Phoenix Suns,0022500088,2025-10-22T00:00:00,PHX vs. SAC,W,48.0,113.9,117.6,107.3,116.0,6.7,1.6,0.511,1.44,15.4,0.444,0.686,0.562,0.157,0.526,0.559,106.7,101.0,84.17,102,0.503,1,1,1,1,2,21,37,32,46,39,47,2,26,10,32,33,36,22,33,1
2025-26,1610612757,POR,Portland Trail Blazers,0022500790,2026-02-12T00:00:00,POR @ UTA,W,48.0,126.7,127.4,111.5,112.3,15.3,15.1,0.565,1.24,17.1,0.408,0.72,0.566,0.198,0.611,0.646,106.6,106.0,88.33,106,0.55,1,1,1,1,3,9,21,8,37,40,26,13,23,8,46,7,7,12,10,1
2025-26,1610612757,POR,Portland Trail Blazers,0022500783,2026-02-11T00:00:00,POR @ MIN,L,48.0,100.0,99.1,125.0,123.1,-25.0,-24.1,0.575,0.88,15.0,0.364,0.756,0.54,0.236,0.511,0.539,107.7,109.0,90.83,110,0.364,1,28,28,28,3,50,46,53,34,54,47,22,10,16,55,36,40,4,53,1
2025-26,1610612757,POR,Portland Trail Blazers,0022500770,2026-02-09T00:00:00,POR vs. PHI,W,48.0,127.4,132.4,114.7,115.7,12.6,16.7,0.766,2.0,22.1,0.473,0.717,0.584,0.176,0.598,0.625,104.4,102.0,85.0,102,0.55,1,1,1,1,3,2,29,5,1,7,1,4,24,5,34,9,9,27,11,1
2025-26,1610612757,POR,Portland Trail Blazers,0022500755,2026-02-07T00:00:00,POR vs. MEM,W,48.0,117.1,118.4,111.4,112.7,5.7,5.7,0.652,1.76,20.1,0.327,0.841,0.563,0.165,0.595,0.603,103.7,102.5,85.42,103,0.507,1,1,1,1,3,17,23,17,16,14,5,37,2,9,26,10,15,24,22,1
2025-26,1610612757,POR,Portland Trail Blazers,0022500745,2026-02-06T00:00:00,POR vs. MEM,W,48.0,128.3,129.8,111.4,110.6,16.9,19.2,0.633,1.72,20.9,0.31,0.735,0.538,0.173,0.639,0.68,104.2,104.0,86.67,104,0.578,1,1,1,1,3,5,16,2,20,15,3,39,17,18,30,2,2,16,2,1
2025-26,1610612757,POR,Portland Trail Blazers,0022500725,2026-02-03T00:00:00,POR vs. PHX,L,48.0,122.6,127.6,134.6,134.0,-11.9,-6.5,0.66,1.82,20.1,0.472,0.608,0.538,0.173,0.589,0.607,99.3,97.5,81.25,98,0.489,1,28,28,28,3,8,55,38,12,12,6,5,47,18,31,11,14,47,27,1
2025-26,1610612757,POR,Portland Trail Blazers,0022500710,2026-02-01T00:00:00,POR vs. CLE,L,48.0,101.6,106.7,125.8,127.5,-24.2,-20.7,0.545,1.04,15.8,0.456,0.721,0.57,0.221,0.52,0.537,106.3,103.0,85.83,104,0.367,1,28,28,28,3,41,52,49,45,48,39,6,22,7,53,29,41,22,52,1
2025-26,1610612757,POR,Portland Trail Blazers,0022500690,2026-01-30T00:00:00,POR @ NYK,L,48.0,95.7,97.0,123.1,127.0,-27.4,-30.0,0.657,1.15,17.3,0.229,0.623,0.436,0.2,0.512,0.543,102.3,100.0,83.33,100,0.384,1,28,28,28,3,52,51,56,14,44,24,56,43,53,47,35,38,37,48,1
2025-26,1610612757,POR,Portland Trail Blazers,0022500664,2026-01-27T00:00:00,POR @ WAS,L,48.0,100.8,103.7,107.2,107.5,-6.4,-3.7,0.452,0.95,11.8,0.507,0.729,0.608,0.187,0.45,0.466,108.7,107.0,89.17,107,0.428,1,28,28,28,3,46,11,32,54,49,56,3,20,4,41,54,56,8,43,1
2025-26,1610612757,POR,Portland Trail Blazers,0022500660,2026-01-26T00:00:00,POR @ BOS,L,48.0,95.7,95.9,97.2,104.1,-1.5,-8.2,0.531,0.94,13.4,0.265,0.667,0.476,0.184,0.474,0.515,101.6,98.0,81.67,98,0.472,1,28,28,28,3,53,5,42,50,50,53,48,37,48,40,48,49,46,33,1
2025-26,1610612757,POR,Portland Trail Blazers,0022500642,2026-01-23T00:00:00,POR vs. TOR,L,48.0,94.8,101.0,111.7,112.2,-16.9,-11.2,0.564,1.47,15.7,0.367,0.733,0.524,0.155,0.464,0.479,100.9,97.5,81.25,97,0.413,1,28,28,28,3,47,20,44,39,31,41,21,18,28,19,53,54,47,46,1
2025-26,1610612757,POR,Portland Trail Blazers,0022500634,2026-01-22T00:00:00,POR vs. MIA,W,48.0,117.9,123.3,106.4,105.8,11.5,17.5,0.542,1.3,17.4,0.417,0.673,0.553,0.194,0.604,0.624,105.5,103.5,86.25,103,0.539,1,1,1,1,3,13,6,4,46,36,22,12,36,11,43,8,10,20,15,1
2025-26,1610612757,POR,Portland Trail Blazers,0022500606,2026-01-18T00:00:00,POR @ SAC,W,48.0,115.2,115.8,110.1,107.8,5.2,8.0,0.45,1.2,13.5,0.304,0.756,0.527,0.149,0.53,0.6,100.7,101.5,84.58,101,0.515,1,1,1,1,3,24,12,13,55,41,51,41,10,26,16,25,17,30,18,1
2025-26,1610612757,POR,Portland Trail Blazers,0022500601,2026-01-17T00:00:00,POR vs. LAL,W,48.0,127.0,132.0,113.5,116.0,13.5,16.0,0.533,1.6,16.9,0.429,0.778,0.609,0.15,0.616,0.654,103.1,100.0,83.33,100,0.575,1,1,1,1,3,3,31,6,49,19,28,9,7,3,17,6,6,37,4,1
2025-26,1610612757,POR,Portland Trail Blazers,0022500585,2026-01-15T00:00:00,POR vs. ATL,W,48.0,111.9,112.5,97.4,97.1,14.5,15.4,0.535,1.53,15.9,0.333,0.792,0.549,0.144,0.526,0.554,104.1,104.0,86.67,104,0.577,1,1,1,1,3,31,2,7,48,24,38,31,5,12,12,26,32,16,3,1
2025-26,1610612757,POR,Portland Trail Blazers,0022500570,2026-01-13T00:00:00,POR @ GSW,L,48.0,92.8,95.1,113.6,116.7,-20.8,-21.6,0.556,0.91,14.9,0.24,0.833,0.531,0.216,0.518,0.536,104.6,102.0,85.0,102,0.372,1,28,28,28,3,54,33,50,42,51,49,54,3,21,52,30,43,27,49,1
2025-26,1610612757,POR,Portland Trail Blazers,0022500551,2026-01-11T00:00:00,POR vs. NYK,L,48.0,110.7,114.0,121.2,123.0,-10.5,-9.0,0.6,1.6,17.9,0.261,0.68,0.479,0.15,0.548,0.6,102.3,100.0,83.33,100,0.476,1,28,28,28,3,28,45,43,26,19,16,49,33,45,17,20,16,37,29,1
2025-26,1610612757,POR,Portland Trail Blazers,0022500540,2026-01-09T00:00:00,POR vs. HOU,W,48.0,113.1,114.4,107.6,108.2,5.5,6.2,0.703,2.0,18.6,0.321,0.565,0.452,0.134,0.506,0.56,97.8,97.0,80.83,97,0.531,1,1,1,1,3,26,13,16,6,7,13,38,53,51,8,39,28,50,16,1
2025-26,1610612757,POR,Portland Trail Blazers,0022500527,2026-01-07T00:00:00,POR vs. HOU,W,48.0,101.0,107.3,100.2,107.4,0.7,-0.1,0.583,1.5,16.4,0.245,0.53,0.409,0.146,0.506,0.548,101.9,95.5,79.58,96,0.541,1,1,1,1,3,40,10,26,33,27,32,53,55,56,14,38,36,53,14,1
2025-26,1610612757,POR,Portland Trail Blazers,0022500509,2026-01-05T00:00:00,POR vs. UTA,W,48.0,134.0,135.6,116.4,115.8,17.6,19.8,0.653,2.29,21.6,0.333,0.68,0.516,0.139,0.629,0.67,101.4,101.0,84.17,101,0.561,1,1,1,1,3,1,30,1,15,2,2,31,33,33,10,3,3,34,7,1
2025-26,1610612757,POR,Portland Trail Blazers,0022500490,2026-01-03T00:00:00,POR @ SAS,W,48.0,116.3,117.3,113.3,111.1,3.0,6.2,0.6,2.18,16.9,0.351,0.745,0.545,0.112,0.544,0.559,98.0,98.5,82.08,98,0.476,1,1,1,1,3,18,18,15,26,4,28,30,14,15,4,23,29,42,30,1
2025-26,1610612757,POR,Portland Trail Blazers,0022500482,2026-01-02T00:00:00,POR @ NOP,W,48.0,128.2,129.8,106.9,117.2,21.2,12.6,0.659,3.0,18.6,0.453,0.5,0.477,0.096,0.533,0.58,98.6,93.5,77.92,94,0.58,1,1,1,1,3,6,36,11,13,1,12,7,56,47,1,24,23,55,1,1
2025-26,1610612757,POR,Portland Trail Blazers,0022500470,2025-12-31T00:00:00,POR @ OKC,L,48.0,88.4,88.8,111.3,117.0,-22.9,-28.2,0.588,0.8,13.9,0.309,0.765,0.528,0.234,0.471,0.503,109.5,106.5,88.75,107,0.348,1,28,28,28,3,56,35,55,31,56,50,40,9,24,54,50,51,11,55,1
2025-26,1610612757,POR,Portland Trail Blazers,0022500457,2025-12-29T00:00:00,POR vs. DAL,W,48.0,118.3,121.4,115.6,117.3,2.7,4.1,0.587,1.69,17.8,0.393,0.739,0.549,0.155,0.557,0.586,105.6,103.5,86.25,103,0.454,1,1,1,1,3,14,37,20,32,16,18,16,16,12,20,17,20,20,34,1
2025-26,1610612757,POR,Portland Trail Blazers,0022500444,2025-12-28T00:00:00,POR vs. BOS,W,48.0,111.5,110.7,101.5,105.9,10.0,4.8,0.619,1.3,17.9,0.353,0.698,0.529,0.194,0.573,0.58,104.3,102.5,85.42,103,0.542,1,1,1,1,3,36,7,18,22,36,14,29,29,23,43,14,22,24,13,1
2025-26,1610612757,POR,Portland Trail Blazers,0022500431,2025-12-26T00:00:00,POR vs. LAC,L,48.0,112.3,112.0,129.9,132.2,-17.5,-20.3,0.639,1.53,17.7,0.362,0.857,0.573,0.163,0.55,0.574,91.7,91.0,75.83,92,0.428,1,28,28,28,3,35,54,48,17,24,19,24,1,6,24,18,26,56,42,1
2025-26,1610612757,POR,Portland Trail Blazers,0022500420,2025-12-23T00:00:00,POR vs. ORL,L,48.0,104.6,108.2,109.9,111.1,-5.3,-2.9,0.561,1.35,16.9,0.333,0.714,0.526,0.173,0.523,0.556,100.7,98.5,82.08,98,0.491,1,28,28,28,3,39,18,30,40,34,27,31,25,27,31,28,31,42,23,1
2025-26,1610612757,POR,Portland Trail Blazers,0022500408,2025-12-22T00:00:00,POR vs. DET,L,48.0,99.1,106.3,110.5,113.4,-11.4,-7.2,0.636,1.11,15.8,0.362,0.557,0.472,0.198,0.493,0.549,101.2,96.5,80.42,96,0.448,1,28,28,28,3,43,25,39,18,45,39,24,54,49,45,42,35,52,36,1
2025-26,1610612757,POR,Portland Trail Blazers,0022500394,2025-12-20T00:00:00,POR @ SAC,W,48.0,96.1,100.0,92.4,95.9,3.7,4.1,0.514,0.9,13.5,0.333,0.619,0.491,0.204,0.5,0.533,101.3,97.5,81.25,98,0.529,1,1,1,1,3,49,1,19,52,52,51,31,44,38,50,40,44,47,17,1
2025-26,1610612757,POR,Portland Trail Blazers,0022500380,2025-12-18T00:00:00,POR vs. SAC,W,53.0,110.3,116.5,114.7,116.7,-4.4,-0.1,0.612,1.43,17.6,0.424,0.673,0.537,0.183,0.549,0.57,107.5,103.7,86.42,115,0.443,1,1,1,1,1,20,33,27,24,33,20,11,35,20,39,19,27,19,39,1
2025-26,1610612757,POR,Portland Trail Blazers,0022501221,2025-12-14T00:00:00,POR vs. GSW,W,48.0,123.9,128.3,122.3,126.0,1.6,2.3,0.667,1.67,19.7,0.356,0.756,0.556,0.17,0.618,0.668,108.4,105.0,87.5,106,0.513,1,1,1,1,3,7,50,23,9,18,7,27,10,10,28,5,5,13,19,1
2025-26,1610612757,POR,Portland Trail Blazers,0022501207,2025-12-11T00:00:00,POR @ NOP,L,48.0,105.6,112.1,129.4,131.2,-23.9,-19.0,0.6,1.8,17.9,0.293,0.6,0.442,0.14,0.51,0.537,112.1,108.0,90.0,107,0.37,1,28,28,28,3,32,53,47,26,13,17,45,48,52,11,37,42,5,50,1
2025-26,1610612757,POR,Portland Trail Blazers,0022500360,2025-12-07T00:00:00,POR @ MEM,L,48.0,89.8,91.4,105.2,114.4,-15.4,-23.0,0.636,0.81,15.1,0.255,0.582,0.425,0.248,0.488,0.528,110.0,104.5,87.08,105,0.354,1,28,28,28,3,55,27,52,18,55,46,50,51,54,56,43,45,15,54,1
2025-26,1610612757,POR,Portland Trail Blazers,0022500342,2025-12-05T00:00:00,POR @ DET,L,48.0,113.3,117.2,117.2,122.0,-3.9,-4.8,0.611,1.1,15.6,0.4,0.615,0.51,0.202,0.494,0.578,103.3,99.5,82.92,99,0.473,1,28,28,28,3,19,44,35,25,46,42,14,45,34,49,41,24,40,31,1
2025-26,1610612757,POR,Portland Trail Blazers,0022500324,2025-12-03T00:00:00,POR @ CLE,W,48.0,118.3,120.8,108.3,106.8,10.0,14.0,0.73,2.08,19.1,0.255,0.772,0.528,0.129,0.518,0.597,102.4,102.0,85.0,101,0.543,1,1,1,1,3,15,8,10,4,6,11,50,8,25,5,31,18,27,12,1
2025-26,1610612757,POR,Portland Trail Blazers,0022500319,2025-12-02T00:00:00,POR @ TOR,L,48.0,114.5,113.5,112.8,118.6,1.6,-5.2,0.561,1.53,16.4,0.271,0.708,0.49,0.144,0.584,0.608,105.2,103.0,85.83,104,0.472,1,28,28,28,3,30,38,36,40,24,31,47,28,41,12,13,13,22,32,1
2025-26,1610612757,POR,Portland Trail Blazers,0022500305,2025-11-30T00:00:00,POR vs. OKC,L,48.0,108.2,106.5,113.8,113.9,-5.6,-7.4,0.629,1.57,15.4,0.254,0.745,0.482,0.13,0.483,0.546,107.2,108.0,90.0,108,0.45,1,28,28,28,3,42,26,40,21,22,44,52,15,44,6,45,37,5,35,1
2025-26,1610612757,POR,Portland Trail Blazers,0022500067,2025-11-26T00:00:00,POR vs. SAS,L,48.0,96.0,101.0,113.9,112.7,-17.8,-11.8,0.568,1.17,15.0,0.333,0.613,0.479,0.178,0.477,0.509,103.6,101.5,84.58,101,0.417,1,28,28,28,3,48,23,45,36,43,48,31,46,46,36,47,50,30,44,1
2025-26,1610612757,POR,Portland Trail Blazers,0022500288,2025-11-24T00:00:00,POR @ MIL,W,48.0,117.9,116.2,104.1,104.0,13.8,12.1,0.667,1.5,17.5,0.292,0.784,0.545,0.162,0.57,0.615,98.2,99.0,82.5,99,0.574,1,1,1,1,3,21,4,12,9,27,21,46,6,14,23,15,12,41,5,1
2025-26,1610612757,POR,Portland Trail Blazers,0022500280,2025-11-23T00:00:00,POR @ OKC,L,48.0,92.9,97.9,125.6,125.8,-32.7,-27.8,0.529,1.06,13.0,0.359,0.698,0.495,0.175,0.435,0.469,99.7,97.0,80.83,97,0.319,1,28,28,28,3,51,49,54,51,47,55,26,30,36,33,55,55,50,56,1
2025-26,1610612757,POR,Portland Trail Blazers,0022500056,2025-11-21T00:00:00,POR @ GSW,W,48.0,124.4,124.5,121.5,121.8,2.9,2.7,0.738,1.48,19.5,0.52,0.75,0.628,0.206,0.568,0.622,101.6,101.5,84.58,102,0.508,1,1,1,1,3,11,42,22,3,30,10,1,13,2,51,16,11,30,21,1
2025-26,1610612757,POR,Portland Trail Blazers,0022500263,2025-11-19T00:00:00,POR vs. CHI,L,48.0,108.9,112.0,109.8,115.1,-0.8,-3.1,0.614,1.69,15.9,0.515,0.815,0.648,0.148,0.467,0.5,111.1,107.0,89.17,108,0.49,1,28,28,28,3,33,28,31,23,16,37,2,4,1,15,52,53,8,24,1
2025-26,1610612757,POR,Portland Trail Blazers,0022500254,2025-11-18T00:00:00,POR vs. PHX,L,48.0,99.3,104.8,117.9,121.0,-18.7,-16.2,0.571,1.2,16.1,0.364,0.588,0.472,0.19,0.485,0.52,109.2,105.0,87.5,105,0.446,1,28,28,28,3,45,41,46,35,41,36,22,50,50,42,44,48,13,37,1
2025-26,1610612757,POR,Portland Trail Blazers,0022500238,2025-11-16T00:00:00,POR @ DAL,L,53.0,113.6,118.8,120.4,123.2,-6.8,-4.5,0.565,2.17,15.4,0.443,0.647,0.529,0.107,0.469,0.523,104.9,101.43,84.53,112,0.431,1,28,28,28,1,16,48,34,37,5,44,8,40,22,3,51,46,33,41,1
2025-26,1610612757,POR,Portland Trail Blazers,0022500042,2025-11-14T00:00:00,POR @ HOU,L,48.0,110.6,116.0,138.9,138.6,-28.3,-22.6,0.429,0.9,13.1,0.377,0.6,0.491,0.2,0.545,0.575,102.8,100.5,83.75,100,0.369,1,28,28,28,3,22,56,51,56,52,54,18,48,39,47,22,25,36,51,1
2025-26,1610612757,POR,Portland Trail Blazers,0022500219,2025-11-12T00:00:00,POR @ NOP,W,48.0,132.3,130.2,122.8,123.2,9.5,7.1,0.542,2.0,19.5,0.297,0.694,0.523,0.135,0.657,0.691,94.9,95.5,79.58,96,0.553,1,1,1,1,3,4,47,14,46,7,9,42,31,29,9,1,1,53,9,1
2025-26,1610612757,POR,Portland Trail Blazers,0022500200,2025-11-10T00:00:00,POR @ ORL,L,48.0,111.5,114.3,110.6,116.2,0.9,-1.9,0.55,2.2,16.5,0.236,0.627,0.425,0.102,0.517,0.552,102.2,98.5,82.08,98,0.436,1,28,28,28,3,27,32,29,43,3,30,55,41,54,2,33,33,42,40,1
2025-26,1610612757,POR,Portland Trail Blazers,0022500187,2025-11-08T00:00:00,POR @ MIA,L,48.0,111.9,115.9,118.4,120.4,-6.6,-4.4,0.592,1.45,17.4,0.397,0.712,0.539,0.177,0.514,0.55,116.0,113.0,94.17,113,0.416,1,28,28,28,3,23,39,33,30,32,23,15,27,17,35,34,34,1,45,1
2025-26,1610612757,POR,Portland Trail Blazers,0022500180,2025-11-05T00:00:00,POR vs. OKC,W,48.0,110.9,112.0,111.6,110.2,-0.7,1.9,0.667,1.33,16.2,0.296,0.732,0.518,0.167,0.517,0.593,107.9,108.0,90.0,108,0.509,1,1,1,1,3,33,15,24,9,35,34,43,19,31,27,32,19,5,20,1
2025-26,1610612757,POR,Portland Trail Blazers,0022500163,2025-11-03T00:00:00,POR vs. LAL,L,48.0,113.6,113.9,121.7,121.8,-8.1,-7.9,0.548,1.28,16.3,0.375,0.714,0.518,0.178,0.547,0.586,101.1,101.0,84.17,101,0.445,1,28,28,28,3,29,42,41,44,38,33,19,25,32,36,21,21,34,38,1
2025-26,1610612757,POR,Portland Trail Blazers,0022500026,2025-10-31T00:00:00,POR vs. DEN,W,48.0,107.2,110.1,105.3,109.2,2.0,0.9,0.684,2.0,17.9,0.368,0.659,0.495,0.131,0.478,0.521,101.6,98.5,82.08,99,0.486,1,1,1,1,3,38,14,25,8,7,14,20,39,37,7,46,47,42,28,1
2025-26,1610612757,POR,Portland Trail Blazers,0022500135,2025-10-29T00:00:00,POR @ UTA,W,48.0,121.6,123.6,120.1,120.7,1.4,2.9,0.739,1.89,20.7,0.392,0.58,0.485,0.164,0.589,0.63,111.7,110.5,92.08,110,0.489,1,1,1,1,3,12,40,21,2,11,4,17,52,42,25,12,8,2,26,1
2025-26,1610612757,POR,Portland Trail Blazers,0022500122,2025-10-27T00:00:00,POR @ LAL,W,48.0,111.3,115.1,97.8,100.0,13.5,15.1,0.511,1.26,15.6,0.429,0.625,0.519,0.179,0.524,0.557,110.0,107.0,89.17,106,0.56,1,1,1,1,3,25,3,8,53,39,43,9,42,30,38,27,30,8,8,1
2025-26,1610612757,POR,Portland Trail Blazers,0022500112,2025-10-26T00:00:00,POR @ LAC,L,48.0,101.9,104.9,110.0,110.7,-8.1,-5.8,0.706,1.5,16.2,0.355,0.722,0.49,0.157,0.429,0.5,104.3,102.5,85.42,102,0.41,1,28,28,28,3,44,17,37,5,27,34,28,21,40,22,56,52,24,47,1
2025-26,1610612757,POR,Portland Trail Blazers,0022500097,2025-10-24T00:00:00,POR vs. GSW,W,48.0,123.0,126.4,108.0,107.2,15.0,19.2,0.6,1.58,19.7,0.295,0.66,0.484,0.173,0.624,0.668,111.6,110.5,92.08,110,0.573,1,1,1,1,3,10,9,3,26,21,7,44,38,43,29,4,4,2,6,1
2025-26,1610612757,POR,Portland Trail Blazers,0022500089,2025-10-22T00:00:00,POR vs. MIN,L,48.0,99.7,110.7,111.8,112.4,-12.1,-1.7,0.694,1.56,17.1,0.333,0.694,0.505,0.155,0.472,0.541,110.0,104.0,86.67,103,0.489,1,28,28,28,3,36,22,28,7,23,25,31,31,35,20,49,39,16,25,1
2025-26,1610612758,SAC,Sacramento Kings,0022500786,2026-02-11T00:00:00,SAC @ UTA,L,48.0,92.3,92.1,120.1,118.6,-27.8,-26.5,0.774,1.85,17.0,0.262,0.725,0.446,0.129,0.383,0.453,100.7,101.5,84.58,101,0.346,1,13,13,13,4,55,25,50,2,21,38,36,17,43,19,56,55,20,50,1
2025-26,1610612758,SAC,Sacramento Kings,0022500766,2026-02-09T00:00:00,SAC @ NOP,L,48.0,90.7,94.9,120.0,121.2,-29.2,-26.3,0.475,1.12,13.3,0.433,0.767,0.573,0.172,0.424,0.445,101.8,99.0,82.5,99,0.367,1,13,13,13,4,53,31,49,56,50,55,4,5,3,42,54,56,37,48,1
2025-26,1610612758,SAC,Sacramento Kings,0022500756,2026-02-07T00:00:00,SAC vs. CLE,L,48.0,122.6,123.5,125.6,128.2,-3.1,-4.6,0.625,2.0,20.1,0.347,0.628,0.478,0.147,0.596,0.613,103.9,102.5,85.42,102,0.458,1,13,13,13,4,8,48,22,21,17,11,11,42,29,28,4,9,14,28,1
2025-26,1610612758,SAC,Sacramento Kings,0022500746,2026-02-06T00:00:00,SAC vs. LAC,L,48.0,110.3,114.4,116.5,115.2,-6.3,-0.7,0.537,2.0,16.2,0.321,0.775,0.516,0.113,0.5,0.546,99.3,98.0,81.67,97,0.463,1,13,13,13,4,19,15,14,45,17,41,18,4,11,12,39,35,39,24,1
2025-26,1610612758,SAC,Sacramento Kings,0022500731,2026-02-04T00:00:00,SAC vs. MEM,L,48.0,112.3,122.5,123.7,125.2,-11.4,-2.7,0.644,2.23,18.8,0.414,0.702,0.543,0.127,0.505,0.556,107.8,102.5,85.42,102,0.474,1,13,13,13,4,9,41,16,18,13,15,5,23,6,17,38,29,14,20,1
2025-26,1610612758,SAC,Sacramento Kings,0022500707,2026-02-01T00:00:00,SAC @ WAS,L,48.0,114.6,115.5,117.6,118.4,-3.1,-2.9,0.538,1.5,15.7,0.333,0.574,0.453,0.144,0.512,0.579,98.2,97.5,81.25,97,0.476,1,13,13,13,4,17,24,17,43,38,43,13,50,39,27,34,19,42,18,1
2025-26,1610612758,SAC,Sacramento Kings,0022500689,2026-01-30T00:00:00,SAC @ BOS,L,48.0,98.8,103.3,120.4,124.4,-21.6,-21.1,0.613,1.19,14.8,0.365,0.673,0.523,0.178,0.434,0.499,93.6,90.0,75.0,90,0.408,1,13,13,13,4,38,40,43,26,48,50,10,33,10,46,52,50,55,43,1
2025-26,1610612758,SAC,Sacramento Kings,0022500680,2026-01-29T00:00:00,SAC @ PHI,L,48.0,117.9,120.7,122.0,124.2,-4.0,-3.5,0.512,1.24,15.7,0.477,0.889,0.663,0.185,0.561,0.602,93.4,91.5,76.25,92,0.462,1,13,13,13,4,11,38,19,50,46,43,2,1,1,47,12,13,54,26,1
2025-26,1610612758,SAC,Sacramento Kings,0022500665,2026-01-27T00:00:00,SAC @ NYK,L,48.0,90.5,90.6,108.5,108.4,-18.0,-17.8,0.514,1.06,13.8,0.321,0.682,0.485,0.177,0.431,0.467,95.5,95.5,79.58,96,0.401,1,13,13,13,4,56,8,42,49,52,53,18,30,25,45,53,53,48,45,1
2025-26,1610612758,SAC,Sacramento Kings,0022500650,2026-01-25T00:00:00,SAC @ DET,L,48.0,112.3,114.9,130.7,139.0,-18.5,-24.1,0.727,1.68,21.5,0.34,0.5,0.418,0.188,0.589,0.602,104.8,100.5,83.75,101,0.409,1,13,13,13,4,18,55,46,5,32,5,12,54,51,51,5,14,26,42,1
2025-26,1610612758,SAC,Sacramento Kings,0022500638,2026-01-23T00:00:00,SAC @ CLE,L,48.0,118.4,121.6,124.4,125.5,-6.0,-3.9,0.619,2.36,19.1,0.292,0.649,0.486,0.113,0.545,0.598,99.3,97.5,81.25,97,0.477,1,13,13,13,4,10,42,20,23,11,12,29,37,24,12,16,15,42,17,1
2025-26,1610612758,SAC,Sacramento Kings,0022500626,2026-01-21T00:00:00,SAC vs. TOR,L,48.0,107.2,107.9,120.8,122.0,-13.6,-14.1,0.61,1.56,17.6,0.32,0.673,0.5,0.158,0.517,0.558,101.3,100.5,83.75,101,0.45,1,13,13,13,4,32,33,37,28,36,31,20,32,18,37,30,27,26,30,1
2025-26,1610612758,SAC,Sacramento Kings,0022500619,2026-01-20T00:00:00,SAC vs. MIA,L,48.0,112.2,111.4,122.0,122.6,-9.8,-11.2,0.614,1.69,19.0,0.222,0.75,0.515,0.152,0.569,0.608,105.4,105.5,87.92,105,0.475,1,13,13,13,4,25,36,31,25,29,13,47,8,12,32,9,11,6,19,1
2025-26,1610612758,SAC,Sacramento Kings,0022500606,2026-01-18T00:00:00,SAC vs. POR,L,48.0,110.1,107.8,115.2,115.8,-5.2,-8.0,0.69,1.81,20.4,0.244,0.696,0.473,0.157,0.552,0.586,100.7,101.5,84.58,102,0.485,1,13,13,13,4,33,17,27,9,23,10,41,26,32,35,14,18,20,16,1
2025-26,1610612758,SAC,Sacramento Kings,0022500592,2026-01-16T00:00:00,SAC vs. WAS,W,48.0,126.5,125.5,111.4,112.7,15.1,12.7,0.766,1.89,23.8,0.325,0.816,0.596,0.186,0.673,0.679,102.2,102.0,85.0,102,0.574,1,1,1,1,4,7,13,3,3,20,1,16,2,2,50,2,2,17,3,1
2025-26,1610612758,SAC,Sacramento Kings,0022500576,2026-01-14T00:00:00,SAC vs. NYK,W,48.0,113.5,113.1,97.9,101.0,15.5,12.1,0.657,1.35,17.4,0.25,0.683,0.515,0.172,0.541,0.617,100.9,99.5,82.92,99,0.584,1,1,1,1,4,20,3,4,15,43,34,39,29,13,42,21,7,36,1,1
2025-26,1610612758,SAC,Sacramento Kings,0022500562,2026-01-12T00:00:00,SAC vs. LAL,W,48.0,127.6,129.2,118.7,117.9,8.9,11.3,0.479,1.53,18.1,0.27,0.682,0.494,0.156,0.689,0.703,95.7,95.5,79.58,96,0.514,1,1,1,1,4,3,23,5,55,37,26,33,30,23,34,1,1,48,11,1
2025-26,1610612758,SAC,Sacramento Kings,0022500557,2026-01-11T00:00:00,SAC vs. HOU,W,48.0,120.9,129.1,108.0,112.6,12.9,16.4,0.568,2.5,18.7,0.479,0.537,0.51,0.116,0.527,0.556,91.3,86.5,72.08,86,0.552,1,1,1,1,4,4,12,1,39,9,18,1,52,15,15,27,30,56,7,1
2025-26,1610612758,SAC,Sacramento Kings,0022500539,2026-01-09T00:00:00,SAC @ GSW,L,48.0,108.7,110.8,139.6,145.7,-30.8,-35.0,0.535,1.77,17.8,0.302,0.533,0.42,0.14,0.541,0.561,96.4,93.5,77.92,93,0.367,1,13,13,13,4,27,56,54,46,25,28,25,53,50,24,20,25,53,47,1
2025-26,1610612758,SAC,Sacramento Kings,0022500515,2026-01-06T00:00:00,SAC vs. DAL,L,48.0,93.8,96.1,93.2,99.0,0.5,-2.9,0.59,1.77,16.5,0.25,0.633,0.448,0.127,0.473,0.493,105.9,101.5,84.58,102,0.503,1,13,13,13,4,48,1,18,33,25,39,39,39,42,17,45,51,20,12,1
2025-26,1610612758,SAC,Sacramento Kings,0022500500,2026-01-04T00:00:00,SAC vs. MIL,L,48.0,99.9,100.0,113.6,117.3,-13.7,-17.3,0.5,1.7,13.6,0.2,0.7,0.45,0.102,0.456,0.521,99.6,98.0,81.67,98,0.44,1,13,13,13,4,42,21,41,52,28,54,51,24,40,7,51,43,39,38,1
2025-26,1610612758,SAC,Sacramento Kings,0022500483,2026-01-02T00:00:00,SAC @ PHX,L,48.0,96.2,100.0,123.7,124.0,-27.5,-24.0,0.571,0.95,14.3,0.327,0.732,0.5,0.206,0.471,0.515,105.2,103.0,85.83,102,0.313,1,13,13,13,4,42,37,45,38,55,51,14,14,18,56,46,46,12,53,1
2025-26,1610612758,SAC,Sacramento Kings,0022500474,2026-01-01T00:00:00,SAC vs. BOS,L,48.0,114.5,111.6,116.6,127.7,-2.1,-16.1,0.725,3.22,21.6,0.217,0.651,0.427,0.095,0.541,0.579,97.8,94.5,78.75,95,0.447,1,13,13,13,4,24,47,40,6,2,4,49,36,48,4,18,20,51,34,1
2025-26,1610612758,SAC,Sacramento Kings,0022500461,2025-12-30T00:00:00,SAC @ LAC,L,48.0,92.6,95.7,134.9,137.9,-42.3,-42.2,0.529,0.95,14.2,0.306,0.63,0.463,0.202,0.464,0.505,97.1,94.5,78.75,94,0.284,1,13,13,13,4,51,54,56,47,56,52,23,41,33,55,50,48,51,56,1
2025-26,1610612758,SAC,Sacramento Kings,0022500446,2025-12-28T00:00:00,SAC @ LAL,L,48.0,100.6,100.0,119.1,122.5,-18.5,-22.5,0.6,1.26,17.8,0.217,0.705,0.456,0.188,0.53,0.553,102.6,101.5,84.58,101,0.402,1,13,13,13,4,42,35,44,31,45,29,49,22,37,51,26,33,20,44,1
2025-26,1610612758,SAC,Sacramento Kings,0022500432,2025-12-27T00:00:00,SAC vs. DAL,W,48.0,108.1,108.7,101.1,103.9,7.0,4.8,0.711,2.91,20.8,0.29,0.706,0.478,0.106,0.514,0.525,105.2,103.5,86.25,104,0.545,1,1,1,1,4,30,5,7,7,7,6,30,21,30,9,33,41,10,9,1
2025-26,1610612758,SAC,Sacramento Kings,0022500421,2025-12-23T00:00:00,SAC vs. DET,L,48.0,124.2,127.0,127.9,136.0,-3.7,-9.0,0.619,2.0,17.4,0.451,0.5,0.475,0.13,0.516,0.586,104.3,100.0,83.33,100,0.45,1,13,13,13,4,5,52,29,23,17,33,3,54,31,20,32,16,31,31,1
2025-26,1610612758,SAC,Sacramento Kings,0022500401,2025-12-21T00:00:00,SAC vs. HOU,W,53.0,120.4,119.0,116.4,119.2,4.0,-0.2,0.659,2.42,18.5,0.4,0.685,0.535,0.114,0.526,0.564,95.3,94.64,78.87,105,0.499,1,1,1,1,1,12,27,13,13,10,22,6,28,8,14,28,24,50,13,1
2025-26,1610612758,SAC,Sacramento Kings,0022500394,2025-12-20T00:00:00,SAC vs. POR,L,48.0,92.4,95.9,96.1,100.0,-3.7,-4.1,0.545,1.0,12.9,0.381,0.667,0.509,0.186,0.414,0.462,101.3,97.5,81.25,97,0.471,1,13,13,13,4,50,2,21,42,54,56,7,34,16,49,55,54,42,22,1
2025-26,1610612758,SAC,Sacramento Kings,0022500380,2025-12-18T00:00:00,SAC @ POR,L,53.0,114.7,116.7,110.3,116.5,4.4,0.1,0.604,1.61,18.4,0.327,0.576,0.463,0.158,0.543,0.61,107.5,103.7,86.42,114,0.557,1,13,13,13,1,13,19,12,30,34,25,15,49,34,36,17,10,9,5,1
2025-26,1610612758,SAC,Sacramento Kings,0022501220,2025-12-14T00:00:00,SAC @ MIN,L,48.0,100.0,103.0,113.7,117.0,-13.7,-14.0,0.568,1.4,16.3,0.178,0.648,0.434,0.15,0.519,0.56,102.9,100.0,83.33,100,0.449,1,13,13,13,4,40,20,36,40,41,40,52,38,46,31,29,26,31,33,1
2025-26,1610612758,SAC,Sacramento Kings,0022501208,2025-12-11T00:00:00,SAC vs. DEN,L,48.0,101.8,101.9,132.3,133.3,-30.5,-31.4,0.538,1.31,15.1,0.283,0.732,0.479,0.155,0.511,0.541,102.9,102.5,85.42,103,0.351,1,13,13,13,4,41,49,53,43,44,49,32,14,28,33,35,36,14,49,1
2025-26,1610612758,SAC,Sacramento Kings,0022500364,2025-12-08T00:00:00,SAC @ IND,L,48.0,102.8,104.0,112.3,116.0,-9.5,-12.0,0.683,1.47,18.9,0.373,0.725,0.549,0.188,0.506,0.535,102.7,100.5,83.75,101,0.45,1,13,13,13,4,37,18,32,10,39,14,8,16,4,51,36,40,26,32,1
2025-26,1610612758,SAC,Sacramento Kings,0022500354,2025-12-06T00:00:00,SAC @ MIA,W,48.0,120.7,125.7,109.8,111.0,10.9,14.7,0.49,2.18,17.1,0.306,0.745,0.53,0.109,0.602,0.621,103.2,100.5,83.75,101,0.581,1,1,1,1,4,6,11,2,54,14,35,23,11,9,10,3,5,26,2,1
2025-26,1610612758,SAC,Sacramento Kings,0022500330,2025-12-03T00:00:00,SAC @ HOU,L,48.0,92.8,95.0,118.0,121.0,-25.2,-26.0,0.525,1.62,15.4,0.262,0.489,0.358,0.13,0.464,0.468,102.5,100.0,83.33,100,0.316,1,13,13,13,4,52,30,48,48,33,45,36,56,56,20,49,52,31,52,1
2025-26,1610612758,SAC,Sacramento Kings,0022500307,2025-11-30T00:00:00,SAC vs. MEM,L,48.0,105.2,104.9,108.8,112.7,-3.6,-7.8,0.581,3.13,18.0,0.236,0.591,0.394,0.078,0.5,0.516,103.7,102.0,85.0,102,0.46,1,13,13,13,4,35,13,26,35,3,27,44,48,53,2,39,44,17,27,1
2025-26,1610612758,SAC,Sacramento Kings,0022500077,2025-11-28T00:00:00,SAC @ UTA,L,48.0,111.1,115.5,122.4,124.3,-11.2,-8.7,0.628,3.0,18.5,0.298,0.694,0.481,0.087,0.5,0.541,105.8,103.0,85.83,103,0.455,1,13,13,13,4,16,39,28,20,5,20,26,27,26,3,39,37,12,29,1
2025-26,1610612758,SAC,Sacramento Kings,0022500068,2025-11-26T00:00:00,SAC vs. PHX,L,48.0,99.6,103.1,112.2,115.5,-12.6,-12.4,0.5,1.05,15.3,0.298,0.604,0.46,0.196,0.535,0.553,100.1,97.0,80.83,97,0.444,1,13,13,13,4,39,16,33,52,53,47,27,47,35,54,23,32,45,36,1
2025-26,1610612758,SAC,Sacramento Kings,0022500292,2025-11-24T00:00:00,SAC vs. MIN,W,53.0,106.1,106.4,104.0,101.8,2.0,4.5,0.643,2.25,17.8,0.263,0.724,0.496,0.109,0.469,0.535,98.7,99.62,83.02,110,0.552,1,1,1,1,1,34,4,8,19,12,30,35,18,20,11,47,39,35,6,1
2025-26,1610612758,SAC,Sacramento Kings,0022500274,2025-11-22T00:00:00,SAC @ DEN,W,48.0,129.1,133.3,118.1,126.8,11.0,6.5,0.667,4.57,22.7,0.289,0.612,0.457,0.073,0.582,0.633,101.6,96.5,80.42,96,0.565,1,1,1,1,4,2,46,6,11,1,2,31,44,36,1,6,4,46,4,1
2025-26,1610612758,SAC,Sacramento Kings,0022500265,2025-11-20T00:00:00,SAC @ MEM,L,48.0,96.4,96.0,127.5,137.0,-31.1,-41.0,0.649,1.41,18.5,0.152,0.608,0.392,0.17,0.531,0.554,103.5,100.0,83.33,100,0.308,1,13,13,13,4,49,53,55,17,40,23,54,46,54,41,25,31,31,54,1
2025-26,1610612758,SAC,Sacramento Kings,0022500261,2025-11-19T00:00:00,SAC @ OKC,L,48.0,96.9,96.1,107.5,108.7,-10.6,-12.5,0.553,1.17,15.2,0.269,0.755,0.505,0.175,0.488,0.515,103.6,103.5,86.25,103,0.42,1,13,13,13,4,47,9,34,41,49,48,34,7,17,44,43,45,10,41,1
2025-26,1610612758,SAC,Sacramento Kings,0022500234,2025-11-16T00:00:00,SAC @ SAS,L,48.0,106.1,108.9,121.9,119.4,-15.8,-10.5,0.61,2.08,18.7,0.167,0.733,0.441,0.119,0.54,0.569,102.3,102.0,85.0,101,0.423,1,13,13,13,4,29,29,30,28,16,18,53,13,44,16,22,21,17,39,1
2025-26,1610612758,SAC,Sacramento Kings,0022500044,2025-11-14T00:00:00,SAC @ MIN,L,48.0,102.9,104.8,114.2,119.2,-11.3,-14.5,0.78,2.13,20.6,0.31,0.615,0.455,0.143,0.505,0.524,107.7,104.5,87.08,105,0.44,1,13,13,13,4,36,27,39,1,15,8,22,43,38,26,37,42,7,37,1
2025-26,1610612758,SAC,Sacramento Kings,0022500223,2025-11-12T00:00:00,SAC vs. ATL,L,48.0,90.2,92.6,122.4,122.0,-32.2,-29.4,0.611,1.1,15.4,0.232,0.718,0.432,0.185,0.467,0.5,109.8,108.5,90.42,108,0.286,1,13,13,13,4,54,34,52,27,51,46,45,20,47,48,48,49,1,55,1
2025-26,1610612758,SAC,Sacramento Kings,0022500212,2025-11-11T00:00:00,SAC vs. DEN,L,48.0,112.4,112.5,127.2,125.8,-14.9,-13.3,0.756,3.1,22.5,0.239,0.609,0.424,0.104,0.541,0.568,96.0,96.5,80.42,96,0.445,1,13,13,13,4,22,44,35,4,4,3,42,45,49,8,18,22,46,35,1
2025-26,1610612758,SAC,Sacramento Kings,0022500197,2025-11-09T00:00:00,SAC vs. MIN,L,48.0,106.7,110.4,131.4,135.8,-24.7,-25.5,0.625,1.39,17.1,0.296,0.723,0.495,0.17,0.517,0.564,109.6,106.0,88.33,106,0.39,1,13,13,13,4,28,51,47,21,42,37,28,19,21,40,31,23,5,46,1
2025-26,1610612758,SAC,Sacramento Kings,0022500038,2025-11-07T00:00:00,SAC vs. OKC,L,48.0,93.9,97.1,126.2,125.7,-32.4,-28.6,0.711,1.59,18.8,0.228,0.744,0.45,0.163,0.495,0.512,106.1,104.5,87.08,104,0.332,1,13,13,13,4,46,43,51,8,35,16,46,12,40,38,42,47,7,51,1
2025-26,1610612758,SAC,Sacramento Kings,0022500181,2025-11-05T00:00:00,SAC vs. GSW,W,48.0,114.7,113.1,107.3,109.4,7.4,3.7,0.659,1.69,18.8,0.239,0.75,0.51,0.15,0.56,0.62,106.8,106.5,88.75,107,0.549,1,1,1,1,4,21,10,9,14,29,16,42,8,14,30,13,6,4,8,1
2025-26,1610612758,SAC,Sacramento Kings,0022500162,2025-11-03T00:00:00,SAC @ DEN,L,48.0,114.8,115.9,120.9,121.5,-6.0,-5.6,0.574,1.8,18.5,0.255,0.788,0.535,0.14,0.572,0.614,107.8,107.0,89.17,107,0.463,1,13,13,13,4,15,32,24,37,24,20,38,3,7,25,8,8,3,25,1
2025-26,1610612758,SAC,Sacramento Kings,0022500142,2025-11-01T00:00:00,SAC @ MIL,W,48.0,130.3,136.4,136.2,134.3,-5.9,2.0,0.667,3.0,20.5,0.37,0.75,0.547,0.101,0.575,0.645,100.6,99.0,82.5,99,0.515,1,1,1,1,4,1,50,11,11,5,9,9,8,5,6,7,3,37,10,1
2025-26,1610612758,SAC,Sacramento Kings,0022500132,2025-10-29T00:00:00,SAC @ CHI,L,48.0,114.8,111.9,122.4,126.0,-7.6,-14.1,0.651,2.8,20.7,0.143,0.667,0.414,0.099,0.567,0.605,100.7,100.5,83.75,101,0.465,1,13,13,13,4,23,45,38,16,8,7,55,34,52,5,10,12,26,23,1
2025-26,1610612758,SAC,Sacramento Kings,0022500126,2025-10-28T00:00:00,SAC @ OKC,L,48.0,98.8,100.0,105.5,104.9,-6.7,-4.9,0.583,1.24,15.9,0.22,0.765,0.495,0.168,0.482,0.536,101.8,101.5,84.58,101,0.472,1,13,13,13,4,42,6,23,34,46,42,48,6,21,39,44,38,20,21,1
2025-26,1610612758,SAC,Sacramento Kings,0022500113,2025-10-26T00:00:00,SAC vs. LAL,L,48.0,107.2,111.1,118.4,118.7,-11.2,-7.6,0.6,1.69,17.5,0.322,0.698,0.48,0.148,0.535,0.551,109.6,107.5,89.58,108,0.422,1,13,13,13,4,26,26,25,31,29,32,17,25,27,29,24,34,2,40,1
2025-26,1610612758,SAC,Sacramento Kings,0022500098,2025-10-24T00:00:00,SAC vs. UTA,W,48.0,107.6,108.2,101.5,105.1,6.1,3.2,0.575,1.77,18.4,0.109,0.633,0.379,0.134,0.566,0.586,100.0,98.0,81.67,97,0.496,1,1,1,1,4,31,7,10,36,25,24,56,40,55,23,11,17,39,15,1
2025-26,1610612758,SAC,Sacramento Kings,0022500088,2025-10-22T00:00:00,SAC @ PHX,L,48.0,107.3,116.0,113.9,117.6,-6.7,-1.6,0.511,1.85,17.1,0.314,0.556,0.438,0.13,0.548,0.557,106.7,101.0,84.17,100,0.497,1,13,13,13,4,14,22,15,51,21,35,21,51,45,20,15,28,25,14,1
2025-26,1610612759,SAS,San Antonio Spurs,0022500788,2026-02-11T00:00:00,SAS @ GSW,W,48.0,124.4,129.9,112.5,114.1,11.9,15.8,0.761,3.5,23.3,0.36,0.686,0.525,0.103,0.548,0.598,100.9,98.0,81.67,97,0.554,1,1,1,1,2,5,36,11,2,4,4,13,37,22,10,32,28,42,18,1
2025-26,1610612759,SAS,San Antonio Spurs,0022500774,2026-02-10T00:00:00,SAS @ LAL,W,48.0,127.1,128.3,101.1,100.0,26.0,28.3,0.654,2.62,22.5,0.256,0.826,0.551,0.123,0.636,0.66,106.9,107.0,89.17,106,0.643,1,1,1,1,2,7,6,2,25,11,7,39,6,16,21,4,4,3,4,1
2025-26,1610612759,SAS,San Antonio Spurs,0022500749,2026-02-07T00:00:00,SAS vs. DAL,W,48.0,121.3,126.6,113.1,113.6,8.2,13.0,0.618,1.89,21.3,0.367,0.738,0.573,0.165,0.626,0.64,112.2,109.5,91.25,109,0.547,1,1,1,1,2,12,35,14,30,28,11,11,23,5,42,5,12,1,23,1
2025-26,1610612759,SAS,San Antonio Spurs,0022500738,2026-02-05T00:00:00,SAS @ DAL,W,48.0,123.9,127.4,114.1,115.0,9.8,12.4,0.708,2.43,22.1,0.286,0.782,0.548,0.132,0.595,0.637,108.4,106.5,88.75,106,0.554,1,1,1,1,2,8,37,16,8,17,8,28,14,17,25,15,13,4,19,1
2025-26,1610612759,SAS,San Antonio Spurs,0022500730,2026-02-04T00:00:00,SAS vs. OKC,W,48.0,109.6,110.5,101.8,101.0,7.9,9.5,0.578,1.86,17.2,0.356,0.81,0.581,0.133,0.515,0.528,105.0,105.0,87.5,105,0.539,1,1,1,1,2,41,8,23,40,31,35,14,8,4,26,39,44,11,29,1
2025-26,1610612759,SAS,San Antonio Spurs,0022500703,2026-02-01T00:00:00,SAS vs. ORL,W,48.0,106.6,110.9,96.6,101.0,10.0,9.9,0.659,1.59,19.1,0.304,0.788,0.561,0.168,0.549,0.583,105.8,101.5,84.58,101,0.558,1,1,1,1,2,40,10,22,23,40,26,23,12,9,44,31,32,20,17,1
2025-26,1610612759,SAS,San Antonio Spurs,0022500697,2026-01-31T00:00:00,SAS @ CHA,L,48.0,113.5,112.8,116.0,116.8,-2.5,-4.1,0.684,2.36,20.5,0.159,0.673,0.43,0.117,0.556,0.6,94.5,94.5,78.75,94,0.485,1,39,39,39,2,35,40,44,14,18,16,53,40,52,18,29,25,53,38,1
2025-26,1610612759,SAS,San Antonio Spurs,0022500679,2026-01-28T00:00:00,SAS @ HOU,W,48.0,111.5,112.1,95.3,100.0,16.2,12.1,0.636,1.87,20.3,0.262,0.619,0.476,0.152,0.573,0.6,101.7,99.0,82.5,99,0.594,1,1,1,1,2,38,6,17,29,30,17,37,48,42,40,22,26,37,8,1
2025-26,1610612759,SAS,San Antonio Spurs,0022500654,2026-01-25T00:00:00,SAS vs. NOP,L,48.0,97.9,100.0,103.5,108.3,-5.6,-8.3,0.688,1.83,16.9,0.232,0.571,0.412,0.126,0.469,0.5,98.8,95.5,79.58,95,0.466,1,39,39,39,2,52,22,48,13,33,37,46,53,53,23,48,51,49,43,1
2025-26,1610612759,SAS,San Antonio Spurs,0022500632,2026-01-22T00:00:00,SAS @ UTA,W,48.0,124.1,126.0,107.2,110.1,16.9,15.9,0.682,2.73,21.4,0.222,0.735,0.489,0.11,0.609,0.646,101.6,99.5,82.92,100,0.569,1,1,1,1,2,13,26,9,17,9,10,49,24,41,15,11,9,31,15,1
2025-26,1610612759,SAS,San Antonio Spurs,0022500615,2026-01-20T00:00:00,SAS @ HOU,L,48.0,101.5,107.1,110.3,112.1,-8.7,-5.1,0.585,2.67,16.7,0.354,0.773,0.523,0.091,0.457,0.484,102.5,99.0,82.5,99,0.43,1,39,39,39,2,44,30,45,37,10,38,15,17,25,6,51,52,37,51,1
2025-26,1610612759,SAS,San Antonio Spurs,0022500611,2026-01-19T00:00:00,SAS vs. UTA,W,48.0,121.8,123.0,106.9,108.9,14.9,14.1,0.727,2.29,23.4,0.162,0.649,0.457,0.14,0.658,0.683,101.9,100.5,83.75,100,0.589,1,1,1,1,2,17,24,12,6,20,3,52,45,46,31,3,3,25,10,1
2025-26,1610612759,SAS,San Antonio Spurs,0022500598,2026-01-17T00:00:00,SAS vs. MIN,W,48.0,125.6,127.3,121.4,123.0,4.2,4.3,0.745,3.18,22.9,0.373,0.627,0.5,0.111,0.58,0.593,100.8,99.5,82.92,99,0.519,1,1,1,1,2,9,45,31,4,6,5,9,47,35,16,17,31,31,33,1
2025-26,1610612759,SAS,San Antonio Spurs,0022500582,2026-01-15T00:00:00,SAS vs. MIL,W,48.0,119.1,120.2,101.3,103.1,17.8,17.1,0.7,1.65,20.6,0.231,0.75,0.537,0.172,0.608,0.655,99.8,98.5,82.08,99,0.63,1,1,1,1,2,21,14,8,11,37,15,47,20,20,45,12,5,40,6,1
2025-26,1610612759,SAS,San Antonio Spurs,0022500568,2026-01-13T00:00:00,SAS @ OKC,L,48.0,102.6,103.2,120.3,125.3,-17.8,-22.1,0.618,1.75,16.0,0.278,0.714,0.469,0.126,0.476,0.513,97.2,95.0,79.17,95,0.349,1,39,39,39,2,50,48,54,31,35,42,32,29,44,23,46,49,50,54,1
2025-26,1610612759,SAS,San Antonio Spurs,0022500552,2026-01-11T00:00:00,SAS @ MIN,L,48.0,100.0,103.0,106.1,105.1,-6.1,-2.1,0.559,1.36,14.2,0.273,0.75,0.514,0.14,0.46,0.52,100.5,99.5,82.92,100,0.46,1,39,39,39,2,51,18,40,43,46,51,33,20,30,31,50,47,31,46,1
2025-26,1610612759,SAS,San Antonio Spurs,0022500545,2026-01-10T00:00:00,SAS @ BOS,W,48.0,100.2,104.2,99.2,96.9,1.0,7.2,0.579,2.75,16.5,0.25,0.8,0.513,0.083,0.453,0.482,97.8,97.0,80.83,96,0.511,1,1,1,1,2,49,5,28,39,8,40,42,11,31,3,52,53,44,36,1
2025-26,1610612759,SAS,San Antonio Spurs,0022500523,2026-01-07T00:00:00,SAS vs. LAL,W,48.0,105.6,107.0,88.6,89.2,17.0,17.8,0.6,1.6,18.0,0.191,0.741,0.495,0.15,0.512,0.567,102.0,101.0,84.17,100,0.646,1,1,1,1,2,45,1,7,35,38,31,51,22,38,38,40,34,22,3,1
2025-26,1610612759,SAS,San Antonio Spurs,0022500512,2026-01-06T00:00:00,SAS @ MEM,L,48.0,94.7,100.0,95.8,101.0,-1.2,-1.0,0.684,1.86,17.2,0.303,0.619,0.457,0.133,0.441,0.478,110.8,105.0,87.5,105,0.474,1,39,39,39,2,52,8,39,14,31,35,24,48,47,26,53,54,11,41,1
2025-26,1610612759,SAS,San Antonio Spurs,0022500490,2026-01-03T00:00:00,SAS vs. POR,L,48.0,113.3,111.1,116.3,117.3,-3.0,-6.2,0.675,4.5,19.4,0.255,0.649,0.455,0.061,0.484,0.533,98.0,98.5,82.08,99,0.524,1,39,39,39,2,39,41,46,19,1,24,40,45,49,1,43,42,40,31,1
2025-26,1610612759,SAS,San Antonio Spurs,0022500476,2026-01-02T00:00:00,SAS @ IND,W,48.0,110.5,116.0,107.0,106.6,3.5,9.4,0.523,1.77,15.6,0.317,0.953,0.583,0.123,0.515,0.557,108.5,106.0,88.33,106,0.513,1,1,1,1,2,28,21,24,47,34,45,20,1,3,21,38,37,8,34,1
2025-26,1610612759,SAS,San Antonio Spurs,0022500467,2025-12-31T00:00:00,SAS vs. NYK,W,48.0,125.7,132.7,126.0,130.7,-0.3,2.0,0.568,2.27,17.6,0.34,0.78,0.56,0.109,0.573,0.629,105.7,101.0,84.17,101,0.529,1,1,1,1,2,3,52,36,41,21,33,17,15,10,13,23,17,22,30,1
2025-26,1610612759,SAS,San Antonio Spurs,0022500456,2025-12-29T00:00:00,SAS vs. CLE,L,48.0,94.5,93.5,103.9,105.6,-9.3,-12.1,0.656,1.17,14.6,0.296,0.786,0.545,0.167,0.428,0.511,107.8,107.5,89.58,108,0.452,1,39,39,39,2,54,20,50,24,50,47,26,13,18,43,54,50,2,47,1
2025-26,1610612759,SAS,San Antonio Spurs,0022500440,2025-12-27T00:00:00,SAS vs. UTA,L,48.0,108.3,115.2,122.8,127.0,-14.5,-11.8,0.698,2.5,20.0,0.362,0.721,0.515,0.121,0.485,0.527,104.3,99.5,82.92,99,0.439,1,39,39,39,2,29,50,49,12,16,19,12,27,29,20,42,45,31,50,1
2025-26,1610612759,SAS,San Antonio Spurs,0022500010,2025-12-25T00:00:00,SAS @ OKC,W,48.0,121.6,121.9,105.2,104.1,16.4,17.8,0.444,1.54,15.9,0.233,0.683,0.5,0.135,0.601,0.627,96.6,97.0,80.83,96,0.574,1,1,1,1,2,18,15,6,52,41,43,45,39,35,28,13,18,44,14,1
2025-26,1610612759,SAS,San Antonio Spurs,0022500417,2025-12-23T00:00:00,SAS vs. OKC,W,48.0,138.9,136.8,116.9,115.8,22.0,21.1,0.708,3.78,24.1,0.3,0.718,0.506,0.095,0.667,0.687,93.8,95.0,79.17,95,0.589,1,1,1,1,2,1,38,5,8,3,2,25,28,33,8,2,2,50,11,1
2025-26,1610612759,SAS,San Antonio Spurs,0022500399,2025-12-21T00:00:00,SAS @ WAS,W,48.0,114.7,121.6,110.2,108.7,4.6,12.9,0.605,2.6,16.7,0.438,0.804,0.608,0.098,0.476,0.525,105.3,103.0,85.83,102,0.545,1,1,1,1,2,19,23,15,34,12,38,2,10,2,9,47,46,15,25,1
2025-26,1610612759,SAS,San Antonio Spurs,0022500383,2025-12-19T00:00:00,SAS @ ATL,W,48.0,121.1,117.8,90.7,92.5,30.4,25.3,0.608,2.07,20.7,0.267,0.78,0.558,0.14,0.612,0.624,106.0,106.5,88.75,107,0.649,1,1,1,1,2,26,3,4,33,24,14,34,16,14,33,9,19,4,2,1
2025-26,1610612759,SAS,San Antonio Spurs,0022500370,2025-12-18T00:00:00,SAS vs. WAS,W,48.0,120.4,120.2,92.9,94.0,27.5,26.2,0.659,2.07,20.3,0.313,0.695,0.523,0.141,0.572,0.602,100.0,99.5,82.92,99,0.61,1,1,1,1,2,21,4,3,22,23,18,21,36,24,34,24,24,31,7,1
2025-26,1610612759,SAS,San Antonio Spurs,0022501230,2025-12-13T00:00:00,SAS @ OKC,W,48.0,102.7,104.7,103.9,101.9,-1.2,2.8,0.568,1.11,14.2,0.35,0.709,0.522,0.179,0.483,0.533,106.5,106.5,88.75,106,0.484,1,1,1,1,2,48,12,35,42,52,50,16,30,27,47,44,43,4,39,1
2025-26,1610612759,SAS,San Antonio Spurs,0022501204,2025-12-10T00:00:00,SAS @ LAL,W,48.0,125.9,126.9,116.5,113.3,9.4,13.6,0.581,2.08,18.0,0.229,0.86,0.551,0.115,0.599,0.648,103.5,104.5,87.08,104,0.547,1,1,1,1,2,11,34,13,38,22,32,48,3,15,17,14,6,13,24,1
2025-26,1610612759,SAS,San Antonio Spurs,0022500366,2025-12-08T00:00:00,SAS @ NOP,W,48.0,120.5,128.6,126.4,124.5,-5.9,4.0,0.592,1.93,19.0,0.373,0.821,0.567,0.143,0.587,0.619,108.2,105.5,87.92,105,0.463,1,1,1,1,2,6,47,32,36,27,28,9,7,6,35,16,20,10,45,1
2025-26,1610612759,SAS,San Antonio Spurs,0022500341,2025-12-05T00:00:00,SAS @ CLE,L,48.0,108.9,113.6,124.1,126.2,-15.2,-12.6,0.667,2.0,19.0,0.281,0.707,0.459,0.136,0.532,0.56,106.1,103.0,85.83,103,0.403,1,39,39,39,2,33,49,51,20,25,27,30,31,45,29,35,36,15,53,1
2025-26,1610612759,SAS,San Antonio Spurs,0022500326,2025-12-03T00:00:00,SAS @ ORL,W,48.0,106.0,108.6,104.3,104.7,1.7,3.9,0.476,1.05,14.4,0.259,0.707,0.491,0.181,0.533,0.561,107.5,106.0,88.33,105,0.466,1,1,1,1,2,43,17,34,50,53,49,38,32,39,48,34,35,8,44,1
2025-26,1610612759,SAS,San Antonio Spurs,0022500322,2025-12-02T00:00:00,SAS vs. MEM,W,48.0,124.0,127.3,111.7,119.0,12.3,8.3,0.667,4.0,20.0,0.255,0.653,0.442,0.071,0.554,0.596,104.1,99.5,82.92,99,0.512,1,1,1,1,2,9,43,26,20,2,19,40,44,51,2,30,29,31,35,1
2025-26,1610612759,SAS,San Antonio Spurs,0022500306,2025-11-30T00:00:00,SAS @ MIN,L,48.0,117.4,117.9,130.6,133.0,-13.1,-15.1,0.386,1.7,13.9,0.25,0.7,0.475,0.105,0.571,0.606,95.5,94.5,78.75,95,0.445,1,39,39,39,2,25,53,53,54,36,52,42,33,43,11,25,23,53,49,1
2025-26,1610612759,SAS,San Antonio Spurs,0022500076,2025-11-28T00:00:00,SAS @ DEN,W,48.0,132.3,136.3,126.9,136.0,5.4,0.3,0.652,3.33,19.9,0.38,0.533,0.453,0.088,0.58,0.643,106.1,101.0,84.17,102,0.51,1,1,1,1,2,2,54,38,26,5,22,7,54,50,4,17,11,22,37,1
2025-26,1610612759,SAS,San Antonio Spurs,0022500067,2025-11-26T00:00:00,SAS @ POR,W,48.0,113.9,112.7,96.0,101.0,17.8,11.8,0.415,1.89,12.1,0.387,0.667,0.521,0.088,0.46,0.513,103.6,101.5,84.58,102,0.583,1,1,1,1,2,36,11,18,53,28,54,6,42,28,4,49,48,20,12,1
2025-26,1610612759,SAS,San Antonio Spurs,0022500281,2025-11-23T00:00:00,SAS @ PHX,L,48.0,105.2,106.3,112.1,113.3,-6.9,-7.0,0.531,0.89,13.3,0.319,0.696,0.524,0.198,0.481,0.555,98.0,97.0,80.83,96,0.446,1,39,39,39,2,46,33,47,46,54,53,19,35,23,51,45,39,44,48,1
2025-26,1610612759,SAS,San Antonio Spurs,0022500267,2025-11-20T00:00:00,SAS vs. ATL,W,48.0,128.3,131.1,122.7,123.5,5.7,7.5,0.708,3.09,22.8,0.265,0.805,0.511,0.107,0.621,0.648,104.0,102.5,85.42,103,0.544,1,1,1,1,2,4,46,27,8,7,6,36,9,32,12,6,8,17,26,1
2025-26,1610612759,SAS,San Antonio Spurs,0022500252,2025-11-18T00:00:00,SAS vs. MEM,W,48.0,113.6,114.4,100.0,104.1,13.6,10.3,0.548,2.56,18.4,0.13,0.578,0.391,0.093,0.575,0.599,99.3,97.0,80.83,97,0.542,1,1,1,1,2,32,16,21,45,14,30,54,52,54,7,20,27,44,28,1
2025-26,1610612759,SAS,San Antonio Spurs,0022500234,2025-11-16T00:00:00,SAS vs. SAC,W,48.0,121.9,119.4,106.1,108.9,15.8,10.5,0.809,2.53,25.2,0.267,0.833,0.559,0.146,0.621,0.648,102.3,102.0,85.0,103,0.577,1,1,1,1,2,24,24,20,1,15,1,34,4,12,37,7,7,19,13,1
2025-26,1610612759,SAS,San Antonio Spurs,0022500047,2025-11-14T00:00:00,SAS vs. GSW,L,48.0,104.5,110.2,111.3,112.4,-6.8,-2.2,0.718,1.33,19.2,0.426,0.673,0.559,0.214,0.541,0.578,100.6,97.5,81.25,98,0.547,1,39,39,39,2,42,31,41,7,47,25,3,41,13,54,33,33,43,22,1
2025-26,1610612759,SAS,San Antonio Spurs,0022500220,2025-11-12T00:00:00,SAS vs. GSW,L,48.0,111.1,113.2,114.8,116.8,-3.8,-3.6,0.652,1.5,19.9,0.32,0.731,0.529,0.189,0.564,0.594,108.4,106.5,88.75,106,0.47,1,39,39,39,2,34,39,43,26,42,22,18,25,21,50,27,30,4,42,1
2025-26,1610612759,SAS,San Antonio Spurs,0022500202,2025-11-10T00:00:00,SAS @ CHI,W,48.0,116.5,116.3,111.3,111.4,5.2,4.9,0.682,2.0,21.0,0.205,0.722,0.49,0.144,0.57,0.618,104.5,104.5,87.08,104,0.543,1,1,1,1,2,27,29,30,17,25,13,50,26,40,36,26,21,13,27,1
2025-26,1610612759,SAS,San Antonio Spurs,0022500188,2025-11-08T00:00:00,SAS vs. NOP,W,48.0,126.1,126.0,116.1,119.0,10.0,7.0,0.646,2.58,21.7,0.286,0.686,0.505,0.12,0.611,0.643,101.2,100.0,83.33,100,0.548,1,1,1,1,2,13,43,29,28,13,9,28,37,34,19,10,10,28,21,1
2025-26,1610612759,SAS,San Antonio Spurs,0022500032,2025-11-07T00:00:00,SAS vs. HOU,W,48.0,116.3,119.8,108.7,111.1,7.7,8.7,0.75,1.43,20.0,0.417,0.583,0.5,0.208,0.563,0.617,102.6,100.0,83.33,101,0.566,1,1,1,1,2,23,28,25,3,44,19,4,51,35,52,28,22,28,16,1
2025-26,1610612759,SAS,San Antonio Spurs,0022500179,2025-11-05T00:00:00,SAS @ LAL,L,48.0,113.1,114.9,113.1,118.0,0.0,-3.1,0.611,1.16,16.3,0.279,0.612,0.457,0.188,0.574,0.633,103.5,100.5,83.75,101,0.478,1,39,39,39,2,30,42,42,32,51,41,31,50,48,49,21,14,25,40,1
2025-26,1610612759,SAS,San Antonio Spurs,0022500154,2025-11-02T00:00:00,SAS @ PHX,L,48.0,111.2,114.6,125.4,127.5,-14.2,-12.9,0.467,1.5,14.6,0.375,0.765,0.522,0.136,0.51,0.546,104.9,102.5,85.42,103,0.419,1,39,39,39,2,31,51,52,51,42,47,8,18,26,29,41,41,17,52,1
2025-26,1610612759,SAS,San Antonio Spurs,0022500141,2025-10-30T00:00:00,SAS vs. MIA,W,48.0,109.1,105.9,97.3,102.0,11.8,3.9,0.684,2.36,18.8,0.24,0.827,0.539,0.109,0.523,0.557,101.0,100.0,83.33,101,0.554,1,1,1,1,2,47,13,33,14,18,29,44,5,19,13,37,38,28,20,1
2025-26,1610612759,SAS,San Antonio Spurs,0022500118,2025-10-27T00:00:00,SAS vs. TOR,W,48.0,124.9,121.0,99.9,105.1,25.1,15.9,0.744,1.38,21.2,0.29,0.867,0.632,0.21,0.679,0.73,100.0,99.0,82.5,100,0.631,1,1,1,1,2,20,19,10,5,45,12,27,2,1,53,1,1,37,5,1
2025-26,1610612759,SAS,San Antonio Spurs,0022500105,2025-10-26T00:00:00,SAS vs. BKN,W,48.0,120.6,124.2,108.6,112.6,12.0,11.6,0.513,1.33,15.4,0.395,0.698,0.563,0.158,0.577,0.629,98.2,95.0,79.17,95,0.592,1,1,1,1,2,16,32,19,48,47,46,5,34,8,41,19,16,50,9,1
2025-26,1610612759,SAS,San Antonio Spurs,0022500095,2025-10-24T00:00:00,SAS @ NOP,W,53.0,110.7,112.1,106.7,110.5,4.0,1.7,0.556,1.32,15.7,0.467,0.661,0.563,0.178,0.526,0.548,98.4,96.0,80.0,107,0.521,1,1,1,1,1,37,27,37,44,49,44,1,43,7,46,36,40,48,32,1
2025-26,1610612759,SAS,San Antonio Spurs,0022500004,2025-10-22T00:00:00,SAS @ DAL,W,48.0,121.0,125.0,90.7,91.1,30.3,33.9,0.48,1.6,17.4,0.311,0.764,0.56,0.15,0.621,0.629,102.4,100.5,83.75,100,0.688,1,1,1,1,2,15,2,1,49,38,34,22,19,10,38,7,15,25,1,1
2025-26,1610612760,OKC,Oklahoma City Thunder,0022500789,2026-02-12T00:00:00,OKC vs. MIL,L,48.0,99.1,100.0,116.9,118.3,-17.8,-18.3,0.71,1.38,16.8,0.296,0.654,0.472,0.172,0.464,0.507,93.9,93.0,77.5,93,0.43,1,43,43,43,4,55,49,54,3,52,40,18,41,39,53,52,54,56,53,1
2025-26,1610612760,OKC,Oklahoma City Thunder,0022500785,2026-02-11T00:00:00,OKC @ PHX,W,48.0,139.7,143.2,115.1,114.7,24.6,28.4,0.538,3.5,20.7,0.317,0.667,0.511,0.084,0.669,0.698,96.0,95.0,79.17,95,0.602,1,1,1,1,4,1,46,10,39,4,10,14,35,18,9,7,4,51,19,1
2025-26,1610612760,OKC,Oklahoma City Thunder,0022500769,2026-02-09T00:00:00,OKC @ LAL,W,48.0,116.9,120.2,109.9,111.1,7.1,9.1,0.548,1.44,16.3,0.38,0.75,0.561,0.162,0.563,0.596,100.9,99.0,82.5,99,0.539,1,1,1,1,4,23,40,33,36,51,43,3,15,4,50,28,28,33,37,1
2025-26,1610612760,OKC,Oklahoma City Thunder,0022500748,2026-02-07T00:00:00,OKC vs. HOU,L,48.0,107.8,109.3,111.6,116.7,-3.8,-7.4,0.676,1.47,18.1,0.34,0.688,0.51,0.175,0.537,0.562,99.3,96.5,80.42,97,0.467,1,43,43,43,4,46,47,50,11,49,31,7,32,19,54,35,44,47,51,1
2025-26,1610612760,OKC,Oklahoma City Thunder,0022500730,2026-02-04T00:00:00,OKC @ SAS,L,48.0,101.8,101.0,109.6,110.5,-7.9,-9.5,0.703,1.86,18.4,0.19,0.644,0.419,0.133,0.5,0.534,105.0,105.0,87.5,105,0.461,1,43,43,43,4,54,39,51,6,34,29,44,46,50,32,46,50,10,52,1
2025-26,1610612760,OKC,Oklahoma City Thunder,0022500723,2026-02-03T00:00:00,OKC vs. ORL,W,48.0,126.2,132.0,92.1,93.9,34.0,38.1,0.688,3.0,22.1,0.396,0.727,0.573,0.113,0.581,0.613,100.6,97.5,81.25,97,0.708,1,1,1,1,4,5,6,2,10,8,7,2,21,2,20,22,24,40,1,1
2025-26,1610612760,OKC,Oklahoma City Thunder,0022500711,2026-02-01T00:00:00,OKC @ DEN,W,48.0,123.6,122.2,111.5,112.1,12.1,10.1,0.575,1.77,17.0,0.283,0.69,0.477,0.131,0.582,0.624,98.7,99.0,82.5,99,0.517,1,1,1,1,4,21,42,30,33,36,38,23,31,36,30,21,20,33,42,1
2025-26,1610612760,OKC,Oklahoma City Thunder,0022500686,2026-01-29T00:00:00,OKC @ MIN,L,48.0,111.2,113.3,120.7,124.2,-9.5,-11.0,0.659,1.69,19.4,0.298,0.563,0.432,0.163,0.541,0.585,100.9,98.5,82.08,98,0.484,1,43,43,43,4,37,54,52,14,39,19,16,54,46,51,32,32,36,48,1
2025-26,1610612760,OKC,Oklahoma City Thunder,0022500667,2026-01-27T00:00:00,OKC vs. NOP,W,48.0,103.9,109.5,98.3,97.9,5.6,11.5,0.714,1.56,18.1,0.333,0.642,0.504,0.168,0.477,0.535,98.4,96.0,80.0,95,0.547,1,1,1,1,4,44,12,29,2,45,31,8,47,24,52,50,49,48,35,1
2025-26,1610612760,OKC,Oklahoma City Thunder,0022500653,2026-01-25T00:00:00,OKC vs. TOR,L,48.0,106.7,104.1,106.8,105.1,-0.1,-1.0,0.636,1.91,17.1,0.111,0.698,0.429,0.113,0.513,0.57,95.5,97.5,81.25,97,0.47,1,43,43,43,4,49,25,43,18,33,37,55,28,47,20,43,40,40,50,1
2025-26,1610612760,OKC,Oklahoma City Thunder,0022500641,2026-01-23T00:00:00,OKC vs. IND,L,48.0,113.8,112.9,114.9,117.0,-1.2,-4.1,0.45,2.0,14.3,0.156,0.696,0.455,0.089,0.53,0.599,101.0,100.5,83.75,101,0.494,1,43,43,43,4,40,48,48,54,29,52,52,29,42,10,39,27,26,45,1
2025-26,1610612760,OKC,Oklahoma City Thunder,0022500625,2026-01-21T00:00:00,OKC @ MIL,W,48.0,125.0,125.8,106.3,105.2,18.7,20.6,0.49,3.0,18.5,0.205,0.86,0.529,0.082,0.622,0.631,96.8,97.0,80.83,97,0.582,1,1,1,1,4,14,26,17,49,8,27,41,1,10,6,12,19,43,24,1
2025-26,1610612760,OKC,Oklahoma City Thunder,0022500015,2026-01-19T00:00:00,OKC @ CLE,W,48.0,128.5,127.1,95.9,97.2,32.6,29.9,0.64,2.46,21.9,0.163,0.629,0.438,0.121,0.683,0.688,107.1,107.0,89.17,107,0.646,1,1,1,1,4,11,11,7,16,15,9,50,49,45,25,4,6,4,11,1
2025-26,1610612760,OKC,Oklahoma City Thunder,0022500597,2026-01-17T00:00:00,OKC @ MIA,L,48.0,120.8,118.8,114.7,120.8,6.1,-2.0,0.548,1.53,17.7,0.158,0.611,0.455,0.149,0.63,0.672,102.8,101.0,84.17,101,0.546,1,43,43,43,4,25,52,45,36,47,36,51,50,43,47,10,9,25,36,1
2025-26,1610612760,OKC,Oklahoma City Thunder,0022500581,2026-01-15T00:00:00,OKC @ HOU,W,48.0,110.3,113.3,87.1,91.0,23.2,22.3,0.61,2.08,18.9,0.188,0.528,0.392,0.122,0.551,0.581,102.5,99.0,82.5,98,0.619,1,1,1,1,4,37,5,15,29,28,22,46,55,56,26,30,36,33,13,1
2025-26,1610612760,OKC,Oklahoma City Thunder,0022500568,2026-01-13T00:00:00,OKC vs. SAS,W,48.0,120.3,125.3,102.6,103.2,17.8,22.1,0.619,2.36,19.5,0.286,0.722,0.531,0.116,0.586,0.641,97.2,95.0,79.17,95,0.651,1,1,1,1,4,17,20,16,25,19,17,21,23,9,23,20,17,51,10,1
2025-26,1610612760,OKC,Oklahoma City Thunder,0022500553,2026-01-11T00:00:00,OKC vs. MIA,W,48.0,118.9,117.0,105.9,107.7,12.9,9.3,0.489,1.77,15.6,0.353,0.846,0.567,0.123,0.559,0.589,105.0,105.0,87.5,106,0.532,1,1,1,1,4,27,31,32,50,36,47,6,2,3,27,29,31,10,39,1
2025-26,1610612760,OKC,Oklahoma City Thunder,0022500536,2026-01-09T00:00:00,OKC @ MEM,W,48.0,117.8,119.4,115.4,118.4,2.4,1.0,0.558,4.0,18.0,0.208,0.588,0.394,0.061,0.522,0.566,99.9,98.0,81.67,98,0.489,1,1,1,1,4,24,51,42,34,3,33,40,53,55,4,41,42,39,47,1
2025-26,1610612760,OKC,Oklahoma City Thunder,0022500525,2026-01-07T00:00:00,OKC vs. UTA,W,53.0,108.9,109.3,103.1,106.8,5.8,2.5,0.591,2.36,16.4,0.234,0.6,0.419,0.093,0.47,0.54,108.6,106.42,88.68,118,0.536,1,1,1,1,3,45,29,41,30,19,42,35,51,51,12,51,47,8,38,1
2025-26,1610612760,OKC,Oklahoma City Thunder,0022500506,2026-01-05T00:00:00,OKC vs. CHA,L,48.0,97.1,100.0,127.8,127.8,-30.7,-27.8,0.529,2.25,13.3,0.323,0.595,0.424,0.082,0.425,0.462,98.4,97.0,80.83,97,0.361,1,43,43,43,4,55,55,56,41,23,54,11,52,49,6,56,56,43,56,1
2025-26,1610612760,OKC,Oklahoma City Thunder,0022500499,2026-01-04T00:00:00,OKC @ PHX,L,48.0,107.8,110.5,112.8,113.7,-4.9,-3.2,0.513,2.22,16.8,0.114,0.66,0.396,0.095,0.537,0.581,96.6,95.0,79.17,95,0.498,1,43,43,43,4,42,45,47,44,25,39,54,40,54,14,35,35,51,44,1
2025-26,1610612760,OKC,Oklahoma City Thunder,0022500484,2026-01-02T00:00:00,OKC @ GSW,W,48.0,124.3,126.0,91.2,90.4,33.2,35.6,0.708,2.43,22.5,0.295,0.75,0.558,0.135,0.609,0.653,104.2,104.0,86.67,104,0.692,1,1,1,1,4,13,4,3,4,17,5,19,15,7,34,16,12,15,3,1
2025-26,1610612760,OKC,Oklahoma City Thunder,0022500470,2025-12-31T00:00:00,OKC vs. POR,W,48.0,111.3,117.0,88.4,88.8,22.9,28.2,0.659,1.93,19.7,0.235,0.691,0.472,0.142,0.578,0.611,109.5,106.5,88.75,106,0.652,1,1,1,1,4,27,2,11,12,30,15,33,30,39,41,23,25,6,9,1
2025-26,1610612760,OKC,Oklahoma City Thunder,0022500455,2025-12-29T00:00:00,OKC vs. ATL,W,48.0,124.9,128.4,116.8,118.3,8.1,10.1,0.509,1.93,17.9,0.333,0.778,0.576,0.128,0.602,0.647,111.3,109.0,90.83,109,0.559,1,1,1,1,4,8,50,31,45,31,35,8,6,1,29,18,15,1,31,1
2025-26,1610612760,OKC,Oklahoma City Thunder,0022500442,2025-12-28T00:00:00,OKC vs. PHI,W,48.0,125.2,127.7,101.7,104.0,23.5,23.7,0.54,1.93,18.9,0.357,0.667,0.527,0.139,0.632,0.658,102.6,100.5,83.75,101,0.654,1,1,1,1,4,9,21,14,38,31,23,5,35,13,37,8,11,26,8,1
2025-26,1610612760,OKC,Oklahoma City Thunder,0022500010,2025-12-25T00:00:00,OKC vs. SAS,L,48.0,105.2,104.1,121.6,121.9,-16.4,-17.8,0.622,3.29,16.3,0.317,0.767,0.5,0.071,0.447,0.481,96.6,97.0,80.83,98,0.426,1,43,43,43,4,51,53,53,24,5,43,13,11,25,5,54,55,43,54,1
2025-26,1610612760,OKC,Oklahoma City Thunder,0022500417,2025-12-23T00:00:00,OKC @ SAS,L,48.0,116.9,115.8,138.9,136.8,-22.0,-21.1,0.5,1.53,18.0,0.282,0.7,0.494,0.158,0.612,0.624,93.8,95.0,79.17,95,0.411,1,43,43,43,4,30,56,55,46,47,34,24,27,31,49,14,21,51,55,1
2025-26,1610612760,OKC,Oklahoma City Thunder,0022500406,2025-12-22T00:00:00,OKC vs. MEM,W,48.0,114.2,113.3,97.1,98.1,17.2,15.2,0.435,1.54,14.7,0.224,0.736,0.49,0.124,0.569,0.594,105.1,105.0,87.5,105,0.566,1,1,1,1,4,36,14,24,55,46,50,37,18,32,28,24,29,10,30,1
2025-26,1610612760,OKC,Oklahoma City Thunder,0022500385,2025-12-19T00:00:00,OKC @ MIN,L,48.0,102.7,103.9,108.0,108.7,-5.3,-4.9,0.471,1.33,11.9,0.267,0.652,0.468,0.117,0.429,0.509,103.9,103.0,85.83,103,0.48,1,43,43,43,4,52,35,49,52,54,55,26,42,41,24,55,53,18,49,1
2025-26,1610612760,OKC,Oklahoma City Thunder,0022500369,2025-12-18T00:00:00,OKC vs. LAC,W,48.0,112.9,114.0,95.6,94.4,17.3,19.6,0.583,3.11,19.2,0.2,0.721,0.429,0.084,0.54,0.565,106.9,107.0,89.17,107,0.57,1,1,1,1,4,32,7,19,31,7,21,42,24,47,8,33,43,4,27,1
2025-26,1610612760,OKC,Oklahoma City Thunder,0022501230,2025-12-13T00:00:00,OKC @ SAS,L,48.0,103.9,101.9,102.7,104.7,1.2,-2.8,0.526,1.33,14.2,0.291,0.65,0.478,0.14,0.462,0.525,106.5,106.5,88.75,107,0.516,1,43,43,43,4,53,23,46,42,54,53,20,44,35,40,53,52,6,43,1
2025-26,1610612760,OKC,Oklahoma City Thunder,0022501203,2025-12-10T00:00:00,OKC vs. PHX,W,48.0,134.3,131.4,84.7,85.6,49.6,45.9,0.615,2.13,22.4,0.167,0.774,0.528,0.143,0.716,0.736,103.9,104.5,87.08,105,0.693,1,1,1,1,4,6,1,1,27,26,6,49,8,11,42,2,2,13,2,1
2025-26,1610612760,OKC,Oklahoma City Thunder,0022500363,2025-12-07T00:00:00,OKC @ UTA,W,48.0,128.5,131.0,99.7,100.0,28.8,31.0,0.627,2.29,22.7,0.209,0.796,0.522,0.14,0.699,0.683,101.6,100.5,83.75,100,0.608,1,1,1,1,4,7,15,5,22,22,4,38,4,16,39,3,8,26,15,1
2025-26,1610612760,OKC,Oklahoma City Thunder,0022500349,2025-12-05T00:00:00,OKC vs. DAL,W,48.0,138.5,133.3,113.5,113.3,25.0,20.1,0.638,5.0,22.1,0.189,0.776,0.523,0.061,0.631,0.685,96.6,98.5,82.08,99,0.607,1,1,1,1,4,4,44,18,17,1,8,45,7,15,3,9,7,36,16,1
2025-26,1610612760,OKC,Oklahoma City Thunder,0022500323,2025-12-02T00:00:00,OKC @ GSW,W,48.0,123.9,121.6,108.3,109.8,15.5,11.8,0.522,1.6,18.5,0.111,0.736,0.483,0.147,0.677,0.696,101.8,102.0,85.0,102,0.584,1,1,1,1,4,22,38,28,43,43,27,55,18,33,45,6,5,21,22,1
2025-26,1610612760,OKC,Oklahoma City Thunder,0022500305,2025-11-30T00:00:00,OKC @ POR,W,48.0,113.8,113.9,108.2,106.5,5.6,7.4,0.614,2.25,18.4,0.255,0.746,0.518,0.111,0.544,0.591,107.2,108.0,90.0,108,0.55,1,1,1,1,4,34,28,35,28,23,30,30,17,17,18,31,30,2,33,1
2025-26,1610612760,OKC,Oklahoma City Thunder,0022500075,2025-11-28T00:00:00,OKC vs. PHX,W,48.0,115.7,116.0,108.6,112.3,7.1,3.8,0.643,2.7,19.6,0.128,0.667,0.416,0.094,0.569,0.619,107.9,106.0,88.33,106,0.549,1,1,1,1,4,29,43,40,15,10,16,53,35,52,13,25,22,9,34,1
2025-26,1610612760,OKC,Oklahoma City Thunder,0022500064,2025-11-26T00:00:00,OKC vs. MIN,W,48.0,112.2,113.0,104.7,106.1,7.5,6.9,0.5,2.11,14.8,0.209,0.685,0.474,0.09,0.519,0.584,100.5,99.5,82.92,100,0.568,1,1,1,1,4,39,27,36,46,27,49,38,33,37,11,42,33,31,29,1
2025-26,1610612760,OKC,Oklahoma City Thunder,0022500280,2025-11-23T00:00:00,OKC vs. POR,W,48.0,125.6,125.8,92.9,97.9,32.7,27.8,0.733,2.36,23.1,0.302,0.641,0.505,0.144,0.618,0.641,99.7,97.0,80.83,97,0.681,1,1,1,1,4,14,12,12,1,21,3,15,48,22,43,13,16,43,4,1
2025-26,1610612760,OKC,Oklahoma City Thunder,0022500055,2025-11-21T00:00:00,OKC @ UTA,W,48.0,137.1,138.5,106.1,107.7,31.0,30.8,0.706,2.57,24.7,0.194,0.651,0.443,0.135,0.753,0.766,105.3,104.0,86.67,104,0.634,1,1,1,1,4,2,31,6,5,11,1,43,43,44,34,1,1,15,12,1
2025-26,1610612760,OKC,Oklahoma City Thunder,0022500261,2025-11-19T00:00:00,OKC vs. SAC,W,48.0,107.5,108.7,96.9,96.1,10.6,12.5,0.537,1.38,15.9,0.245,0.731,0.495,0.154,0.523,0.576,103.6,103.5,86.25,104,0.58,1,1,1,1,4,47,9,27,40,52,46,32,20,29,48,40,38,17,25,1
2025-26,1610612760,OKC,Oklahoma City Thunder,0022500247,2025-11-17T00:00:00,OKC @ NOP,W,48.0,120.8,126.0,106.2,109.0,14.5,17.0,0.698,1.67,20.3,0.413,0.644,0.527,0.18,0.592,0.634,103.5,100.0,83.33,100,0.603,1,1,1,1,4,12,36,23,8,40,13,1,45,12,55,19,18,29,18,1
2025-26,1610612760,OKC,Oklahoma City Thunder,0022500229,2025-11-15T00:00:00,OKC @ CHA,W,48.0,115.5,113.5,94.0,100.0,21.4,13.5,0.578,1.86,19.3,0.298,0.661,0.5,0.146,0.567,0.584,98.2,96.0,80.0,96,0.595,1,1,1,1,4,35,15,25,32,34,20,16,39,25,44,27,34,48,20,1
2025-26,1610612760,OKC,Oklahoma City Thunder,0022500222,2025-11-12T00:00:00,OKC vs. LAL,W,48.0,117.3,118.6,91.7,89.3,25.6,29.3,0.636,2.55,20.3,0.182,0.755,0.495,0.108,0.568,0.617,101.7,102.5,85.42,102,0.668,1,1,1,1,4,26,3,8,18,12,12,47,12,30,16,26,23,20,5,1
2025-26,1610612760,OKC,Oklahoma City Thunder,0022500210,2025-11-11T00:00:00,OKC vs. GSW,W,48.0,118.2,124.8,100.2,100.0,17.9,24.8,0.69,1.45,20.1,0.333,0.773,0.558,0.198,0.602,0.652,104.2,101.5,84.58,101,0.606,1,1,1,1,4,18,15,13,9,50,14,8,9,6,56,17,13,22,17,1
2025-26,1610612760,OKC,Oklahoma City Thunder,0022500194,2025-11-09T00:00:00,OKC @ MEM,W,48.0,110.2,114.0,98.1,101.0,12.1,13.0,0.463,3.17,14.4,0.25,0.754,0.504,0.06,0.484,0.536,102.7,99.5,82.92,100,0.577,1,1,1,1,4,33,19,26,53,6,51,31,13,23,2,49,48,31,26,1
2025-26,1610612760,OKC,Oklahoma City Thunder,0022500038,2025-11-07T00:00:00,OKC @ SAC,W,48.0,126.2,125.7,93.9,97.1,32.4,28.6,0.551,2.45,18.9,0.256,0.772,0.55,0.105,0.61,0.65,106.1,104.5,87.08,105,0.668,1,1,1,1,4,16,10,9,35,16,23,29,10,8,15,15,14,13,6,1
2025-26,1610612760,OKC,Oklahoma City Thunder,0022500180,2025-11-05T00:00:00,OKC @ POR,L,48.0,111.6,110.2,110.9,112.0,0.7,-1.9,0.632,1.6,16.6,0.268,0.704,0.482,0.139,0.5,0.569,107.9,108.0,90.0,108,0.491,1,43,43,43,4,43,41,44,20,43,41,25,25,34,38,46,41,2,46,1
2025-26,1610612760,OKC,Oklahoma City Thunder,0022500170,2025-11-04T00:00:00,OKC @ LAC,W,48.0,127.7,127.3,106.1,109.2,21.6,18.1,0.622,2.55,20.4,0.227,0.702,0.473,0.111,0.628,0.658,99.8,98.5,82.08,99,0.583,1,1,1,1,4,10,37,21,23,12,11,36,26,38,18,11,10,36,23,1
2025-26,1610612760,OKC,Oklahoma City Thunder,0022500148,2025-11-02T00:00:00,OKC vs. NOP,W,48.0,136.4,138.4,107.0,105.0,29.4,33.4,0.702,2.54,23.2,0.256,0.679,0.5,0.131,0.679,0.718,99.8,100.0,83.33,99,0.661,1,1,1,1,4,3,24,4,7,14,2,28,34,25,30,5,3,29,7,1
2025-26,1610612760,OKC,Oklahoma City Thunder,0022500140,2025-10-30T00:00:00,OKC vs. WAS,W,48.0,124.1,124.5,105.4,106.9,18.7,17.6,0.659,4.83,19.5,0.321,0.723,0.505,0.059,0.531,0.576,102.4,101.5,84.58,102,0.615,1,1,1,1,4,19,30,22,12,2,18,12,22,21,1,38,39,22,14,1
2025-26,1610612760,OKC,Oklahoma City Thunder,0022500126,2025-10-28T00:00:00,OKC vs. SAC,W,48.0,105.5,104.9,98.8,100.0,6.7,4.9,0.619,1.73,18.8,0.235,0.78,0.505,0.147,0.533,0.555,101.8,101.5,84.58,102,0.528,1,1,1,1,4,48,15,38,25,38,25,33,5,20,45,37,45,22,40,1
2025-26,1610612760,OKC,Oklahoma City Thunder,0022500119,2025-10-27T00:00:00,OKC @ DAL,W,48.0,101.3,104.1,94.3,95.9,7.0,8.2,0.5,1.62,16.0,0.265,0.8,0.56,0.134,0.5,0.528,99.7,97.5,81.25,97,0.57,1,1,1,1,4,49,8,34,46,41,45,27,3,5,33,46,51,40,28,1
2025-26,1610612760,OKC,Oklahoma City Thunder,0022500101,2025-10-25T00:00:00,OKC @ ATL,W,48.0,117.8,123.2,103.9,104.2,13.8,19.0,0.488,1.62,15.6,0.373,0.667,0.524,0.137,0.538,0.577,97.8,95.5,79.58,95,0.594,1,1,1,1,4,20,22,20,51,41,48,4,35,14,36,34,37,50,21,1
2025-26,1610612760,OKC,Oklahoma City Thunder,0022500005,2025-10-23T00:00:00,OKC @ IND,W,58.0,115.2,114.6,107.5,108.0,7.7,6.6,0.395,1.21,11.3,0.179,0.754,0.496,0.114,0.505,0.6,102.6,102.62,85.52,123,0.553,1,1,1,1,1,31,34,37,56,56,56,48,14,28,22,44,26,19,32,1
2025-26,1610612760,OKC,Oklahoma City Thunder,0022500001,2025-10-21T00:00:00,OKC vs. HOU,W,58.0,107.8,112.6,103.6,107.8,4.1,4.8,0.63,2.42,18.5,0.283,0.518,0.397,0.108,0.505,0.543,97.5,93.52,77.93,111,0.521,1,1,1,1,1,41,33,39,21,18,26,22,56,53,17,45,46,55,41,1
2025-26,1610612761,TOR,Toronto Raptors,0022500781,2026-02-11T00:00:00,TOR vs. DET,L,48.0,104.3,102.2,114.1,121.5,-9.9,-19.4,0.688,1.29,17.3,0.273,0.5,0.394,0.183,0.493,0.558,95.1,93.0,77.5,93,0.436,1,33,33,33,5,49,43,50,32,52,46,40,54,53,50,41,38,51,47,1
2025-26,1610612761,TOR,Toronto Raptors,0022500759,2026-02-08T00:00:00,TOR vs. IND,W,48.0,117.1,117.3,97.1,101.0,20.0,16.3,0.644,2.23,18.7,0.393,0.78,0.575,0.125,0.532,0.564,105.7,103.5,86.25,104,0.603,1,1,1,1,5,25,10,10,42,26,40,5,8,3,16,35,36,9,7,1
2025-26,1610612761,TOR,Toronto Raptors,0022500736,2026-02-05T00:00:00,TOR vs. CHI,W,48.0,127.2,130.9,108.6,111.5,18.6,19.4,0.714,2.92,24.8,0.308,0.62,0.483,0.128,0.644,0.663,97.6,95.0,79.17,94,0.591,1,1,1,1,5,3,27,4,23,10,5,26,44,34,18,3,3,43,9,1
2025-26,1610612761,TOR,Toronto Raptors,0022500727,2026-02-04T00:00:00,TOR vs. MIN,L,48.0,121.7,122.3,121.9,123.1,-0.2,-0.7,0.66,2.38,21.2,0.261,0.667,0.474,0.126,0.612,0.633,104.3,103.5,86.25,103,0.511,1,33,33,33,5,13,45,33,40,22,24,46,37,36,17,6,9,9,30,1
2025-26,1610612761,TOR,Toronto Raptors,0022500706,2026-02-01T00:00:00,TOR vs. UTA,W,48.0,103.7,102.9,90.1,97.1,13.6,5.8,0.629,1.16,15.6,0.283,0.557,0.43,0.183,0.488,0.55,107.1,103.5,86.25,104,0.54,1,1,1,1,5,48,6,25,44,53,50,36,52,49,49,43,39,9,24,1
2025-26,1610612761,TOR,Toronto Raptors,0022500687,2026-01-30T00:00:00,TOR @ ORL,L,48.0,114.2,117.6,125.9,127.5,-11.7,-9.8,0.75,2.36,22.9,0.209,0.875,0.53,0.137,0.565,0.612,104.2,102.0,85.0,102,0.48,1,33,33,33,5,23,49,40,13,24,9,50,3,19,26,22,12,16,36,1
2025-26,1610612761,TOR,Toronto Raptors,0022500675,2026-01-28T00:00:00,TOR vs. NYK,L,48.0,92.2,92.0,115.6,117.8,-23.4,-25.8,0.667,1.0,14.8,0.294,0.674,0.474,0.2,0.424,0.501,101.3,100.5,83.75,100,0.368,1,33,33,33,5,53,38,55,38,54,52,28,35,36,54,52,45,23,54,1
2025-26,1610612761,TOR,Toronto Raptors,0022500653,2026-01-25T00:00:00,TOR @ OKC,W,48.0,106.8,105.1,106.7,104.1,0.1,1.0,0.757,2.55,19.7,0.302,0.889,0.571,0.112,0.5,0.529,95.5,97.5,81.25,98,0.53,1,1,1,1,5,45,15,31,11,17,33,27,2,5,14,39,41,31,27,1
2025-26,1610612761,TOR,Toronto Raptors,0022500642,2026-01-23T00:00:00,TOR @ POR,W,48.0,111.7,112.2,94.8,101.0,16.9,11.2,0.622,1.75,20.4,0.267,0.633,0.476,0.163,0.582,0.595,100.9,97.5,81.25,98,0.587,1,1,1,1,5,33,11,18,45,40,27,43,41,35,40,14,23,31,11,1
2025-26,1610612761,TOR,Toronto Raptors,0022500626,2026-01-21T00:00:00,TOR @ SAC,W,48.0,120.8,122.0,107.2,107.9,13.6,14.1,0.698,2.73,20.4,0.327,0.68,0.5,0.11,0.527,0.581,101.3,100.5,83.75,100,0.55,1,1,1,1,5,15,22,12,30,12,29,21,32,28,13,36,30,23,20,1
2025-26,1610612761,TOR,Toronto Raptors,0022500618,2026-01-20T00:00:00,TOR @ GSW,W,48.0,139.9,139.4,118.2,121.0,21.6,18.5,0.824,2.47,26.8,0.314,0.625,0.494,0.163,0.715,0.758,105.6,104.5,87.08,104,0.607,1,1,1,1,5,1,41,6,4,20,2,22,43,32,41,1,1,7,6,1
2025-26,1610612761,TOR,Toronto Raptors,0022500607,2026-01-18T00:00:00,TOR @ LAL,L,48.0,95.3,95.9,111.7,114.6,-16.4,-18.7,0.789,3.0,21.3,0.246,0.756,0.471,0.103,0.456,0.476,98.0,96.5,80.42,97,0.442,1,33,33,33,5,52,33,49,5,8,23,48,15,39,10,46,51,38,43,1
2025-26,1610612761,TOR,Toronto Raptors,0022500590,2026-01-16T00:00:00,TOR vs. LAC,L,53.0,112.0,113.6,118.4,115.2,-6.4,-1.6,0.714,1.67,20.4,0.286,0.78,0.511,0.175,0.546,0.594,93.6,94.19,78.49,103,0.453,1,33,33,33,1,29,34,34,23,44,29,31,7,25,45,29,24,47,42,1
2025-26,1610612761,TOR,Toronto Raptors,0022500571,2026-01-14T00:00:00,TOR @ IND,W,48.0,113.4,118.6,104.5,104.1,8.9,14.4,0.682,2.5,20.8,0.333,0.707,0.532,0.124,0.551,0.572,99.0,97.0,80.83,97,0.562,1,1,1,1,5,21,15,11,34,18,25,19,24,18,15,28,34,35,17,1
2025-26,1610612761,TOR,Toronto Raptors,0022500560,2026-01-12T00:00:00,TOR vs. PHI,L,48.0,105.2,108.5,120.9,122.3,-15.7,-13.8,0.784,3.22,20.4,0.339,0.771,0.505,0.096,0.435,0.495,96.1,94.0,78.33,94,0.459,1,33,33,33,5,36,44,44,7,7,28,17,11,27,7,48,46,48,41,1
2025-26,1610612761,TOR,Toronto Raptors,0022500550,2026-01-11T00:00:00,TOR vs. PHI,W,53.0,99.0,106.4,101.2,105.5,-2.2,0.9,0.707,1.93,17.3,0.455,0.615,0.525,0.138,0.422,0.483,104.5,98.72,82.26,109,0.543,1,1,1,1,1,43,19,32,27,34,47,2,45,21,27,53,49,28,23,1
2025-26,1610612761,TOR,Toronto Raptors,0022500532,2026-01-09T00:00:00,TOR @ BOS,L,48.0,123.9,125.8,129.7,135.9,-5.8,-10.1,0.867,5.57,27.1,0.277,0.634,0.443,0.075,0.587,0.607,95.4,92.5,77.08,93,0.479,1,33,33,33,5,8,54,42,2,1,1,39,40,45,3,13,16,52,37,1
2025-26,1610612761,TOR,Toronto Raptors,0022500516,2026-01-07T00:00:00,TOR @ CHA,W,48.0,106.2,106.6,102.5,105.5,3.7,1.1,0.474,3.0,14.4,0.286,0.596,0.435,0.066,0.451,0.483,92.5,91.0,75.83,91,0.505,1,1,1,1,5,42,18,29,55,8,53,31,47,47,2,47,48,55,31,1
2025-26,1610612761,TOR,Toronto Raptors,0022500504,2026-01-05T00:00:00,TOR vs. ATL,W,48.0,110.9,113.5,95.0,94.3,15.9,19.1,0.723,2.27,23.3,0.167,0.772,0.495,0.144,0.589,0.6,105.8,105.0,87.5,104,0.587,1,1,1,1,5,30,2,5,20,25,6,53,10,30,30,12,18,5,10,1
2025-26,1610612761,TOR,Toronto Raptors,0022500488,2026-01-03T00:00:00,TOR vs. ATL,W,48.0,124.7,125.2,108.0,108.3,16.7,16.9,0.571,2.0,19.0,0.273,0.774,0.546,0.131,0.598,0.648,107.9,107.5,89.58,107,0.569,1,1,1,1,5,10,24,9,49,31,39,40,9,10,22,9,6,3,13,1
2025-26,1610612761,TOR,Toronto Raptors,0022500468,2025-12-31T00:00:00,TOR vs. DEN,L,48.0,102.8,106.2,109.3,110.4,-6.6,-4.2,0.73,3.38,18.2,0.364,0.75,0.526,0.082,0.43,0.471,98.6,96.5,80.42,97,0.464,1,33,33,33,5,44,26,35,18,4,43,9,17,20,4,51,53,38,40,1
2025-26,1610612761,TOR,Toronto Raptors,0022500451,2025-12-29T00:00:00,TOR vs. ORL,W,48.0,110.6,112.6,110.6,111.6,0.0,1.1,0.564,3.67,15.5,0.385,0.684,0.525,0.063,0.434,0.479,96.3,95.0,79.17,95,0.495,1,1,1,1,5,31,28,30,51,2,51,6,30,22,1,49,50,43,34,1
2025-26,1610612761,TOR,Toronto Raptors,0022500441,2025-12-28T00:00:00,TOR vs. GSW,W,53.0,122.7,125.9,110.1,113.4,12.6,12.5,0.714,2.67,23.0,0.4,0.679,0.541,0.134,0.568,0.598,104.3,101.43,84.53,112,0.577,1,1,1,1,1,7,29,15,23,13,8,4,33,14,24,18,20,19,12,1
2025-26,1610612761,TOR,Toronto Raptors,0022500425,2025-12-26T00:00:00,TOR @ WAS,L,48.0,110.5,112.5,129.1,134.0,-18.6,-21.5,0.65,2.36,18.4,0.231,0.684,0.422,0.106,0.505,0.569,106.4,103.5,86.25,104,0.425,1,33,33,33,5,32,53,53,41,23,41,49,30,51,11,38,35,9,48,1
2025-26,1610612761,TOR,Toronto Raptors,0022500414,2025-12-23T00:00:00,TOR @ MIA,W,48.0,116.8,119.1,92.1,95.8,24.7,23.4,0.707,1.71,20.7,0.362,0.706,0.541,0.181,0.558,0.596,97.4,94.5,78.75,94,0.627,1,1,1,1,5,19,3,3,27,42,26,10,25,13,48,24,21,45,3,1
2025-26,1610612761,TOR,Toronto Raptors,0022500397,2025-12-21T00:00:00,TOR @ BKN,L,48.0,84.8,82.7,97.9,99.0,-13.1,-16.3,0.719,1.53,17.4,0.2,0.767,0.449,0.153,0.43,0.452,96.8,97.5,81.25,98,0.377,1,33,33,33,5,55,8,46,21,47,45,51,12,44,34,50,54,31,52,1
2025-26,1610612761,TOR,Toronto Raptors,0022500388,2025-12-20T00:00:00,TOR vs. BOS,L,48.0,101.2,103.2,117.2,124.4,-15.9,-21.2,0.833,2.5,21.7,0.283,0.585,0.434,0.129,0.506,0.523,95.2,91.5,76.25,93,0.436,1,33,33,33,5,47,46,51,3,18,17,36,50,48,21,37,42,53,46,1
2025-26,1610612761,TOR,Toronto Raptors,0022500374,2025-12-18T00:00:00,TOR @ MIL,W,48.0,113.0,114.4,107.1,108.2,5.9,6.2,0.738,1.82,21.4,0.354,0.745,0.547,0.175,0.577,0.595,98.1,97.0,80.83,97,0.534,1,1,1,1,5,27,23,24,16,38,21,12,18,9,46,16,22,35,25,1
2025-26,1610612761,TOR,Toronto Raptors,0022501227,2025-12-15T00:00:00,TOR @ MIA,W,48.0,104.0,107.1,94.9,96.0,9.0,11.1,0.786,1.57,22.8,0.265,0.712,0.495,0.212,0.568,0.576,101.5,99.5,82.92,99,0.546,1,1,1,1,5,41,4,19,6,45,10,44,21,31,55,18,33,26,22,1
2025-26,1610612761,TOR,Toronto Raptors,0022501202,2025-12-09T00:00:00,TOR vs. NYK,L,48.0,101.1,107.4,126.7,124.5,-25.7,-17.0,0.718,2.0,19.7,0.357,0.651,0.485,0.149,0.494,0.516,96.1,94.0,78.33,94,0.42,1,33,33,33,5,40,47,47,22,31,33,11,38,33,32,40,44,48,49,1
2025-26,1610612761,TOR,Toronto Raptors,0022500358,2025-12-07T00:00:00,TOR vs. BOS,L,48.0,113.9,117.7,127.2,126.0,-13.3,-8.3,0.512,1.69,16.4,0.348,0.688,0.521,0.135,0.54,0.581,97.2,96.0,80.0,96,0.475,1,33,33,33,5,22,48,39,54,43,48,14,27,23,25,34,29,41,39,1
2025-26,1610612761,TOR,Toronto Raptors,0022500344,2025-12-05T00:00:00,TOR vs. CHA,L,48.0,81.3,83.5,104.2,107.8,-22.9,-24.3,0.559,0.95,13.7,0.283,0.707,0.455,0.194,0.418,0.44,106.1,103.0,85.83,103,0.303,1,33,33,33,5,54,21,54,52,55,54,35,23,41,53,54,55,13,55,1
2025-26,1610612761,TOR,Toronto Raptors,0022500336,2025-12-04T00:00:00,TOR vs. LAL,L,48.0,120.9,127.7,127.5,132.3,-6.6,-4.6,0.886,2.6,25.2,0.468,0.609,0.538,0.16,0.579,0.611,97.8,93.5,77.92,94,0.516,1,33,33,33,5,6,52,36,1,16,3,1,46,16,39,15,14,50,29,1
2025-26,1610612761,TOR,Toronto Raptors,0022500319,2025-12-02T00:00:00,TOR vs. POR,W,48.0,112.8,118.6,114.5,113.5,-1.6,5.2,0.688,1.83,22.1,0.292,0.729,0.51,0.176,0.594,0.61,105.2,103.0,85.83,102,0.528,1,1,1,1,5,20,30,26,32,37,13,29,19,26,47,10,15,13,28,1
2025-26,1610612761,TOR,Toronto Raptors,0022500303,2025-11-30T00:00:00,TOR @ NYK,L,48.0,94.5,96.9,120.8,118.4,-26.3,-21.5,0.73,1.5,19.3,0.309,0.528,0.417,0.186,0.483,0.492,97.8,97.5,81.25,97,0.396,1,33,33,33,5,50,40,52,18,48,38,24,53,52,52,44,47,31,50,1
2025-26,1610612761,TOR,Toronto Raptors,0022500294,2025-11-29T00:00:00,TOR @ CHA,L,53.0,105.2,109.9,114.8,118.0,-9.6,-8.1,0.773,2.13,21.4,0.455,0.685,0.569,0.158,0.49,0.521,94.3,91.02,75.85,101,0.479,1,33,33,33,1,35,39,38,9,28,20,2,28,6,38,42,43,54,38,1
2025-26,1610612761,TOR,Toronto Raptors,0022500063,2025-11-26T00:00:00,TOR vs. IND,W,48.0,94.3,96.0,92.1,94.1,2.2,2.0,0.514,1.38,13.2,0.288,0.833,0.533,0.129,0.417,0.476,103.0,101.0,84.17,101,0.503,1,1,1,1,5,51,1,28,53,51,55,30,4,17,19,55,52,20,33,1
2025-26,1610612761,TOR,Toronto Raptors,0022500284,2025-11-24T00:00:00,TOR vs. CLE,W,48.0,105.9,107.8,98.3,98.0,7.6,9.8,0.636,1.75,19.6,0.271,0.902,0.596,0.157,0.544,0.562,102.3,101.5,84.58,102,0.53,1,1,1,1,5,38,7,20,43,40,35,42,1,1,37,30,37,18,26,1
2025-26,1610612761,TOR,Toronto Raptors,0022500279,2025-11-23T00:00:00,TOR vs. BKN,W,48.0,119.3,125.3,111.6,116.0,7.7,9.3,0.769,3.33,21.7,0.283,0.643,0.455,0.095,0.554,0.615,98.7,94.5,78.75,95,0.55,1,1,1,1,5,9,35,21,10,5,17,38,39,43,6,27,11,45,21,1
2025-26,1610612761,TOR,Toronto Raptors,0022500050,2025-11-21T00:00:00,TOR vs. WAS,W,48.0,137.0,133.3,102.3,105.8,34.8,27.6,0.75,2.4,23.2,0.35,0.755,0.573,0.143,0.663,0.699,104.9,104.54,87.11,105,0.653,1,1,1,1,55,2,20,2,13,21,7,13,16,4,28,2,2,6,1,1
2025-26,1610612761,TOR,Toronto Raptors,0022500258,2025-11-19T00:00:00,TOR @ PHI,W,48.0,119.1,123.5,112.1,114.3,7.1,9.2,0.733,2.2,22.8,0.341,0.583,0.472,0.153,0.601,0.64,100.7,98.0,81.67,98,0.555,1,1,1,1,5,11,32,22,17,27,10,15,51,38,34,7,8,29,19,1
2025-26,1610612761,TOR,Toronto Raptors,0022500245,2025-11-17T00:00:00,TOR vs. CHA,W,48.0,105.7,107.8,105.7,103.8,0.1,4.0,0.568,1.47,18.4,0.196,0.673,0.455,0.167,0.557,0.579,103.1,103.0,85.83,102,0.505,1,1,1,1,5,38,14,27,50,50,42,52,36,41,42,25,31,13,32,1
2025-26,1610612761,TOR,Toronto Raptors,0022500230,2025-11-15T00:00:00,TOR @ IND,W,48.0,115.7,120.6,102.9,102.8,12.8,17.8,0.604,2.07,19.3,0.286,0.788,0.545,0.131,0.592,0.611,109.7,107.5,89.58,107,0.611,1,1,1,1,5,17,12,7,47,29,37,31,5,12,22,11,13,3,5,1
2025-26,1610612761,TOR,Toronto Raptors,0022500225,2025-11-13T00:00:00,TOR @ CLE,W,48.0,127.9,129.9,112.5,116.5,15.4,13.4,0.755,2.64,25.0,0.375,0.685,0.553,0.144,0.625,0.66,99.5,97.0,80.83,97,0.596,1,1,1,1,5,4,36,14,12,14,4,7,28,8,31,5,4,35,8,1
2025-26,1610612761,TOR,Toronto Raptors,0022500207,2025-11-11T00:00:00,TOR @ BKN,W,48.0,121.4,122.7,107.8,113.5,13.6,9.1,0.689,3.44,21.7,0.34,0.76,0.557,0.093,0.544,0.583,99.5,96.5,80.42,97,0.561,1,1,1,1,5,12,31,23,31,3,19,16,14,7,5,33,28,38,18,1
2025-26,1610612761,TOR,Toronto Raptors,0022500184,2025-11-08T00:00:00,TOR @ PHI,L,48.0,116.1,117.6,121.1,127.5,-5.0,-9.8,0.707,2.64,20.0,0.264,0.588,0.423,0.108,0.544,0.586,105.3,102.0,85.0,102,0.442,1,33,33,33,5,23,49,40,27,15,32,45,48,50,12,30,25,16,44,1
2025-26,1610612761,TOR,Toronto Raptors,0022500030,2025-11-07T00:00:00,TOR @ ATL,W,48.0,106.9,107.9,91.4,96.0,15.5,11.9,0.622,1.77,16.3,0.309,0.587,0.458,0.129,0.473,0.534,104.1,101.0,84.17,101,0.565,1,1,1,1,5,37,5,16,46,39,49,24,49,40,19,45,40,20,15,1
2025-26,1610612761,TOR,Toronto Raptors,0022500165,2025-11-04T00:00:00,TOR vs. MIL,W,48.0,123.4,128.0,98.8,99.0,24.6,29.0,0.75,3.3,22.4,0.286,0.764,0.538,0.1,0.577,0.617,102.5,100.5,83.75,100,0.641,1,1,1,1,5,5,9,1,13,6,12,31,13,15,9,17,10,23,2,1
2025-26,1610612761,TOR,Toronto Raptors,0022500152,2025-11-02T00:00:00,TOR vs. MEM,W,48.0,118.4,121.9,106.3,108.3,12.1,13.5,0.711,2.0,21.9,0.375,0.706,0.545,0.167,0.567,0.598,98.3,96.0,80.0,96,0.564,1,1,1,1,5,16,24,13,26,31,15,7,25,11,42,20,19,41,16,1
2025-26,1610612761,TOR,Toronto Raptors,0022500022,2025-10-31T00:00:00,TOR @ CLE,W,48.0,111.4,114.3,101.9,103.1,9.5,11.2,0.675,1.5,19.4,0.311,0.678,0.519,0.184,0.567,0.605,99.8,98.0,81.67,98,0.568,1,1,1,1,5,28,13,17,35,48,36,23,34,24,51,21,17,29,14,1
2025-26,1610612761,TOR,Toronto Raptors,0022500131,2025-10-29T00:00:00,TOR vs. HOU,L,48.0,121.8,119.8,136.3,137.6,-14.5,-17.8,0.674,2.9,21.3,0.136,0.5,0.305,0.099,0.629,0.648,100.7,101.0,84.17,101,0.386,1,33,33,33,5,18,55,48,36,11,22,54,54,55,8,4,5,20,51,1
2025-26,1610612761,TOR,Toronto Raptors,0022500118,2025-10-27T00:00:00,TOR @ SAS,L,48.0,99.9,105.1,124.9,121.0,-25.1,-15.9,0.784,1.93,21.8,0.133,0.71,0.368,0.153,0.544,0.578,100.0,99.0,82.5,98,0.369,1,33,33,33,5,45,42,45,7,34,16,55,22,54,34,32,32,27,53,1
2025-26,1610612761,TOR,Toronto Raptors,0022500111,2025-10-26T00:00:00,TOR @ DAL,L,48.0,114.6,116.2,126.2,127.5,-11.6,-11.3,0.673,2.06,20.2,0.339,0.714,0.5,0.144,0.555,0.583,111.4,110.0,91.67,111,0.437,1,33,33,33,5,26,51,43,37,30,31,17,20,28,29,26,27,2,45,1
2025-26,1610612761,TOR,Toronto Raptors,0022500092,2025-10-24T00:00:00,TOR vs. MIL,L,48.0,110.4,110.5,115.1,117.3,-4.7,-6.8,0.595,1.56,17.5,0.255,0.627,0.441,0.152,0.559,0.585,105.5,104.5,87.08,105,0.482,1,33,33,33,5,34,37,37,48,46,44,47,42,46,33,23,26,7,35,1
2025-26,1610612761,TOR,Toronto Raptors,0022500082,2025-10-22T00:00:00,TOR @ ATL,W,48.0,120.3,122.1,103.3,104.4,17.0,17.7,0.667,1.89,22.0,0.333,0.786,0.584,0.168,0.6,0.64,114.5,113.0,94.17,113,0.616,1,1,1,1,5,14,17,8,38,36,14,19,6,2,44,8,7,1,4,1
2025-26,1610612762,UTA,Utah Jazz,0022500790,2026-02-12T00:00:00,UTA vs. POR,L,48.0,111.5,112.3,126.7,127.4,-15.3,-15.1,0.667,1.47,18.9,0.28,0.592,0.434,0.179,0.563,0.596,106.6,106.0,88.33,106,0.45,1,19,19,19,6,30,41,39,41,45,39,32,52,50,45,21,24,13,35,1
2025-26,1610612762,UTA,Utah Jazz,0022500786,2026-02-11T00:00:00,UTA vs. SAC,W,48.0,120.1,118.6,92.3,92.1,27.8,26.5,0.723,1.89,23.3,0.275,0.738,0.554,0.176,0.634,0.66,100.7,101.5,84.58,102,0.654,1,1,1,1,6,21,1,1,28,33,6,35,20,10,44,5,4,36,1,1
2025-26,1610612762,UTA,Utah Jazz,0022500763,2026-02-09T00:00:00,UTA @ MIA,W,48.0,112.0,110.6,108.4,106.7,3.6,3.8,0.744,2.42,19.3,0.304,0.804,0.554,0.115,0.478,0.544,102.5,104.0,86.67,104,0.564,1,1,1,1,6,33,5,13,21,13,36,24,6,11,8,49,42,20,6,1
2025-26,1610612762,UTA,Utah Jazz,0022500750,2026-02-07T00:00:00,UTA @ ORL,L,48.0,102.5,101.7,105.3,105.3,-2.8,-3.5,0.682,1.25,18.9,0.28,0.882,0.584,0.209,0.533,0.573,114.0,114.5,95.42,115,0.484,1,19,19,19,6,50,3,25,36,50,40,32,2,4,53,32,30,1,21,1
2025-26,1610612762,UTA,Utah Jazz,0022500735,2026-02-05T00:00:00,UTA @ ATL,L,48.0,115.8,120.2,122.1,122.2,-6.3,-2.0,0.404,1.73,13.4,0.421,0.623,0.518,0.111,0.525,0.542,101.0,99.0,82.5,99,0.432,1,19,19,19,6,17,30,20,56,38,55,4,48,21,6,34,43,49,41,1
2025-26,1610612762,UTA,Utah Jazz,0022500717,2026-02-03T00:00:00,UTA @ IND,W,48.0,126.6,126.0,117.4,116.2,9.2,9.8,0.76,3.8,25.3,0.19,0.786,0.488,0.096,0.642,0.659,103.7,104.5,87.08,104,0.558,1,1,1,1,6,5,18,7,15,1,2,54,9,32,3,4,5,18,8,1
2025-26,1610612762,UTA,Utah Jazz,0022500706,2026-02-01T00:00:00,UTA @ TOR,L,48.0,90.1,97.1,103.7,102.9,-13.6,-5.8,0.625,0.83,13.3,0.443,0.717,0.57,0.233,0.4,0.476,107.1,103.5,86.25,103,0.46,1,19,19,19,6,53,2,28,48,56,56,3,23,6,55,56,55,24,27,1
2025-26,1610612762,UTA,Utah Jazz,0022500694,2026-01-30T00:00:00,UTA vs. BKN,L,48.0,108.4,106.5,114.4,118.5,-6.0,-12.0,0.667,2.36,20.8,0.156,0.667,0.419,0.118,0.564,0.573,93.3,92.5,77.08,93,0.451,1,19,19,19,6,42,26,37,41,17,27,56,34,51,10,20,29,56,32,1
2025-26,1610612762,UTA,Utah Jazz,0022500678,2026-01-28T00:00:00,UTA vs. GSW,L,48.0,113.2,114.8,130.6,130.8,-17.4,-16.0,0.864,2.0,24.1,0.286,0.707,0.478,0.176,0.572,0.617,108.4,107.5,89.58,108,0.444,1,19,19,19,6,27,47,41,2,26,3,29,25,37,43,19,17,6,36,1
2025-26,1610612762,UTA,Utah Jazz,0022500670,2026-01-27T00:00:00,UTA vs. LAC,L,48.0,104.8,109.6,119.5,119.8,-14.6,-10.2,0.757,1.65,20.6,0.304,0.66,0.49,0.181,0.524,0.564,97.2,95.0,79.17,94,0.466,1,19,19,19,6,36,27,34,16,41,29,23,38,28,46,35,33,54,25,1
2025-26,1610612762,UTA,Utah Jazz,0022500649,2026-01-24T00:00:00,UTA vs. MIA,L,48.0,104.2,104.5,128.4,132.4,-24.2,-27.9,0.818,2.57,23.1,0.2,0.508,0.372,0.126,0.516,0.556,112.9,111.0,92.5,111,0.417,1,19,19,19,6,45,50,51,5,6,8,53,55,55,14,38,37,2,45,1
2025-26,1610612762,UTA,Utah Jazz,0022500632,2026-01-22T00:00:00,UTA vs. SAS,L,48.0,107.2,110.1,124.1,126.0,-16.9,-15.9,0.721,1.82,21.8,0.265,0.778,0.511,0.172,0.544,0.569,101.6,99.5,82.92,99,0.431,1,19,19,19,6,35,37,40,29,36,15,39,11,23,42,27,31,46,43,1
2025-26,1610612762,UTA,Utah Jazz,0022500616,2026-01-20T00:00:00,UTA vs. MIN,W,48.0,118.2,121.0,113.1,116.2,5.1,4.8,0.646,1.82,21.2,0.227,0.65,0.471,0.162,0.621,0.645,107.7,105.0,87.5,105,0.524,1,1,1,1,6,14,18,12,46,36,20,47,39,38,34,7,10,17,13,1
2025-26,1610612762,UTA,Utah Jazz,0022500611,2026-01-19T00:00:00,UTA @ SAS,L,48.0,106.9,108.9,121.8,123.0,-14.9,-14.1,0.838,2.21,20.4,0.351,0.838,0.543,0.139,0.473,0.529,101.9,100.5,83.75,101,0.411,1,19,19,19,6,37,32,38,3,21,31,11,4,13,24,50,48,42,47,1
2025-26,1610612762,UTA,Utah Jazz,0022500593,2026-01-17T00:00:00,UTA @ DAL,L,48.0,117.9,117.6,131.6,135.3,-13.8,-17.6,0.625,2.0,20.7,0.283,0.64,0.469,0.147,0.596,0.613,103.3,102.0,85.0,102,0.432,1,19,19,19,6,24,51,44,48,26,28,30,43,40,26,9,18,31,42,1
2025-26,1610612762,UTA,Utah Jazz,0022500583,2026-01-15T00:00:00,UTA @ DAL,L,48.0,109.8,110.9,131.7,129.7,-21.9,-18.8,0.702,1.94,20.9,0.288,0.727,0.49,0.155,0.542,0.575,110.2,110.5,92.08,110,0.415,1,19,19,19,6,32,46,45,33,30,24,28,21,28,31,29,27,3,46,1
2025-26,1610612762,UTA,Utah Jazz,0022500573,2026-01-14T00:00:00,UTA @ CHI,L,48.0,122.5,122.3,126.4,126.7,-4.0,-4.4,0.638,2.31,21.1,0.22,0.667,0.461,0.126,0.593,0.644,102.1,102.0,85.0,103,0.482,1,19,19,19,6,11,40,26,47,18,22,48,34,42,15,10,11,31,22,1
2025-26,1610612762,UTA,Utah Jazz,0022500558,2026-01-12T00:00:00,UTA @ CLE,W,48.0,115.7,118.3,105.9,107.7,9.7,10.6,0.8,1.68,21.5,0.311,0.843,0.594,0.183,0.59,0.645,106.0,104.0,86.67,104,0.565,1,1,1,1,6,22,7,6,6,39,17,20,3,3,47,13,9,20,5,1
2025-26,1610612762,UTA,Utah Jazz,0022500547,2026-01-10T00:00:00,UTA vs. CHA,L,48.0,93.8,93.1,144.2,148.5,-50.4,-55.4,0.611,1.47,16.3,0.211,0.5,0.349,0.147,0.449,0.488,102.6,101.5,84.58,102,0.252,1,19,19,19,6,55,56,56,52,47,52,51,56,56,26,53,54,36,56,1
2025-26,1610612762,UTA,Utah Jazz,0022500531,2026-01-08T00:00:00,UTA vs. DAL,W,48.0,115.8,113.7,111.0,111.8,4.8,2.0,0.681,3.56,22.2,0.216,0.744,0.457,0.088,0.563,0.573,101.4,102.0,85.0,102,0.521,1,1,1,1,6,28,11,17,37,2,12,50,18,43,2,23,28,31,14,1
2025-26,1610612762,UTA,Utah Jazz,0022500525,2026-01-07T00:00:00,UTA @ OKC,L,53.0,103.1,106.8,108.9,109.3,-5.8,-2.5,0.673,1.65,18.8,0.4,0.766,0.581,0.171,0.491,0.52,108.6,106.42,88.68,117,0.464,1,19,19,19,2,41,9,21,40,40,41,7,14,5,40,44,51,12,26,1
2025-26,1610612762,UTA,Utah Jazz,0022500509,2026-01-05T00:00:00,UTA @ POR,L,48.0,116.4,115.8,134.0,135.6,-17.6,-19.8,0.711,2.13,21.6,0.32,0.667,0.484,0.149,0.56,0.588,101.4,101.0,84.17,101,0.439,1,19,19,19,6,25,52,46,31,23,16,18,34,35,28,24,25,39,40,1
2025-26,1610612762,UTA,Utah Jazz,0022500492,2026-01-03T00:00:00,UTA @ GSW,L,48.0,115.8,118.8,123.5,125.5,-7.8,-6.8,0.711,2.13,23.0,0.244,0.583,0.419,0.156,0.599,0.61,99.0,97.0,80.83,96,0.453,1,19,19,19,6,20,36,29,31,23,9,44,54,51,32,8,20,52,30,1
2025-26,1610612762,UTA,Utah Jazz,0022500475,2026-01-01T00:00:00,UTA @ LAC,L,48.0,98.8,103.1,121.1,120.4,-22.3,-17.3,0.556,1.11,15.4,0.261,0.627,0.454,0.184,0.5,0.554,99.8,98.0,81.67,98,0.424,1,19,19,19,6,46,28,43,55,53,54,42,47,45,48,40,38,50,44,1
2025-26,1610612762,UTA,Utah Jazz,0022500459,2025-12-30T00:00:00,UTA vs. BOS,L,48.0,116.7,117.8,127.6,127.7,-10.9,-9.9,0.756,2.38,21.4,0.271,0.708,0.49,0.129,0.563,0.607,101.6,101.0,84.17,101,0.455,1,19,19,19,6,23,43,33,17,14,18,37,24,28,18,21,21,39,29,1
2025-26,1610612762,UTA,Utah Jazz,0022500440,2025-12-27T00:00:00,UTA @ SAS,W,48.0,122.8,127.0,108.3,115.2,14.5,11.8,0.756,2.13,23.3,0.279,0.638,0.485,0.16,0.645,0.672,104.3,99.5,82.92,100,0.561,1,1,1,1,6,4,14,5,18,25,6,34,45,34,33,3,3,46,7,1
2025-26,1610612762,UTA,Utah Jazz,0022500430,2025-12-26T00:00:00,UTA vs. DET,W,48.0,123.1,124.8,118.2,121.7,4.9,3.1,0.795,1.94,22.6,0.326,0.646,0.489,0.171,0.589,0.646,107.8,105.5,87.92,105,0.511,1,1,1,1,6,6,29,16,8,29,10,17,42,31,41,15,8,16,16,1
2025-26,1610612762,UTA,Utah Jazz,0022500419,2025-12-23T00:00:00,UTA vs. MEM,L,48.0,119.8,120.8,127.1,129.2,-7.3,-8.5,0.725,2.23,19.2,0.308,0.738,0.5,0.123,0.533,0.605,107.3,106.0,88.33,106,0.441,1,19,19,19,6,15,45,31,27,20,38,21,19,26,12,31,22,13,38,1
2025-26,1610612762,UTA,Utah Jazz,0022500405,2025-12-22T00:00:00,UTA @ DEN,L,48.0,104.3,104.7,128.6,127.4,-24.2,-22.7,0.732,2.14,19.7,0.263,0.78,0.505,0.131,0.5,0.537,106.2,106.5,88.75,107,0.4,1,19,19,19,6,44,41,48,24,22,35,41,10,25,19,40,45,8,48,1
2025-26,1610612762,UTA,Utah Jazz,0022500393,2025-12-20T00:00:00,UTA vs. ORL,L,53.0,113.2,115.5,116.9,116.4,-3.7,-0.9,0.773,2.83,20.4,0.375,0.691,0.521,0.109,0.49,0.537,100.4,99.62,83.02,110,0.476,1,19,19,19,2,26,20,19,12,5,32,9,30,18,5,45,44,45,23,1
2025-26,1610612762,UTA,Utah Jazz,0022500379,2025-12-18T00:00:00,UTA vs. LAL,L,48.0,125.4,131.1,137.3,138.8,-11.9,-7.8,0.721,2.38,21.2,0.265,0.673,0.469,0.126,0.627,0.651,105.9,103.0,85.83,103,0.441,1,19,19,19,6,3,54,30,29,14,20,39,33,39,15,6,6,26,39,1
2025-26,1610612762,UTA,Utah Jazz,0022501224,2025-12-15T00:00:00,UTA vs. DAL,W,53.0,120.2,121.7,113.6,115.7,6.5,6.1,0.66,2.54,21.0,0.173,0.678,0.441,0.113,0.582,0.628,105.8,104.15,86.79,115,0.54,1,1,1,1,2,12,16,10,43,7,23,55,32,49,7,16,14,19,11,1
2025-26,1610612762,UTA,Utah Jazz,0022501213,2025-12-12T00:00:00,UTA @ MEM,W,48.0,114.0,122.6,115.3,117.8,-1.3,4.9,0.688,2.54,20.9,0.317,0.772,0.538,0.123,0.543,0.565,111.6,106.5,88.75,106,0.506,1,1,1,1,6,10,25,11,34,7,24,19,12,15,12,28,32,8,17,1
2025-26,1610612762,UTA,Utah Jazz,0022500363,2025-12-07T00:00:00,UTA vs. OKC,L,48.0,99.7,100.0,128.5,131.0,-28.8,-31.0,0.625,1.47,18.4,0.204,0.791,0.478,0.168,0.541,0.559,101.6,100.5,83.75,101,0.392,1,19,19,19,6,51,49,53,48,46,45,52,8,36,37,30,34,42,50,1
2025-26,1610612762,UTA,Utah Jazz,0022500343,2025-12-05T00:00:00,UTA @ NYK,L,48.0,107.3,108.7,138.5,141.7,-31.2,-33.0,0.657,1.92,16.3,0.268,0.69,0.449,0.117,0.489,0.547,104.9,103.0,85.83,103,0.365,1,19,19,19,6,38,55,54,45,32,51,38,31,48,9,47,41,26,54,1
2025-26,1610612762,UTA,Utah Jazz,0022500335,2025-12-04T00:00:00,UTA @ BKN,W,48.0,124.4,124.2,107.1,110.0,17.3,14.2,0.738,2.38,22.3,0.22,0.64,0.451,0.131,0.59,0.648,100.8,99.5,82.92,99,0.578,1,1,1,1,6,8,10,4,22,14,11,48,43,47,20,13,7,46,4,1
2025-26,1610612762,UTA,Utah Jazz,0022500316,2025-12-01T00:00:00,UTA vs. HOU,W,48.0,125.8,123.1,115.7,116.8,10.1,6.3,0.733,2.54,20.9,0.34,0.695,0.532,0.12,0.578,0.623,106.9,107.5,89.58,108,0.545,1,1,1,1,6,9,23,9,23,7,24,14,28,16,11,18,16,6,10,1
2025-26,1610612762,UTA,Utah Jazz,0022500301,2025-11-30T00:00:00,UTA vs. HOU,L,48.0,98.4,99.0,125.8,126.5,-27.4,-27.5,0.821,1.88,22.1,0.24,0.6,0.411,0.167,0.494,0.534,102.6,102.0,85.0,102,0.373,1,19,19,19,6,52,39,50,4,34,13,45,51,54,35,43,47,31,51,1
2025-26,1610612762,UTA,Utah Jazz,0022500077,2025-11-28T00:00:00,UTA vs. SAC,W,48.0,122.4,124.3,111.1,115.5,11.2,8.7,0.762,2.46,21.3,0.306,0.702,0.519,0.126,0.557,0.612,105.8,103.0,85.83,103,0.545,1,1,1,1,6,7,15,8,14,11,19,22,26,19,15,25,19,26,9,1
2025-26,1610612762,UTA,Utah Jazz,0022500291,2025-11-24T00:00:00,UTA @ GSW,L,48.0,109.4,110.4,126.5,126.4,-17.1,-16.0,0.681,2.29,20.5,0.333,0.648,0.491,0.132,0.53,0.547,106.4,106.0,88.33,106,0.444,1,19,19,19,6,34,38,42,37,19,30,16,41,27,21,33,40,13,37,1
2025-26,1610612762,UTA,Utah Jazz,0022500282,2025-11-23T00:00:00,UTA vs. LAL,L,48.0,100.1,102.9,101.0,105.9,-1.0,-3.0,0.675,1.93,18.6,0.281,0.796,0.519,0.136,0.495,0.52,106.4,102.5,85.42,103,0.472,1,19,19,19,6,47,4,23,39,31,42,31,7,19,22,42,50,29,24,1
2025-26,1610612762,UTA,Utah Jazz,0022500055,2025-11-21T00:00:00,UTA vs. OKC,L,48.0,106.1,107.7,137.1,138.5,-31.0,-30.8,0.789,1.07,20.1,0.349,0.806,0.557,0.269,0.582,0.625,105.3,104.0,86.67,104,0.366,1,19,19,19,6,40,53,52,10,55,33,12,5,9,56,17,15,20,53,1
2025-26,1610612762,UTA,Utah Jazz,0022500253,2025-11-18T00:00:00,UTA @ LAL,L,48.0,114.6,118.9,130.1,130.8,-15.5,-12.0,0.688,1.83,21.9,0.273,0.65,0.452,0.17,0.592,0.631,108.8,106.5,88.75,106,0.45,1,19,19,19,6,19,47,35,34,35,14,36,39,46,38,11,13,8,33,1
2025-26,1610612762,UTA,Utah Jazz,0022500240,2025-11-16T00:00:00,UTA vs. CHI,W,58.0,119.0,120.0,115.7,116.7,3.3,3.3,0.592,3.22,17.1,0.232,0.721,0.462,0.072,0.523,0.581,104.7,103.86,86.55,125,0.486,1,1,1,1,1,18,22,15,54,3,47,46,22,41,1,36,26,23,20,1
2025-26,1610612762,UTA,Utah Jazz,0022500227,2025-11-13T00:00:00,UTA vs. ATL,L,48.0,109.7,113.0,121.5,122.2,-11.8,-9.3,0.867,1.63,23.8,0.34,0.766,0.54,0.222,0.592,0.603,110.0,108.0,90.0,108,0.452,1,19,19,19,6,29,30,32,1,42,4,15,13,14,54,11,23,5,31,1
2025-26,1610612762,UTA,Utah Jazz,0022500211,2025-11-11T00:00:00,UTA vs. IND,W,48.0,138.9,147.6,122.2,125.5,16.8,22.1,0.745,2.53,23.6,0.465,0.636,0.561,0.146,0.658,0.708,107.1,102.5,85.42,103,0.585,1,1,1,1,6,1,35,3,20,10,5,2,46,8,25,1,1,29,3,1
2025-26,1610612762,UTA,Utah Jazz,0022500205,2025-11-10T00:00:00,UTA vs. MIN,L,48.0,108.1,111.9,113.9,116.5,-5.9,-4.6,0.789,2.0,19.9,0.345,0.75,0.528,0.149,0.489,0.535,104.9,102.0,85.0,101,0.45,1,19,19,19,6,31,21,27,10,26,34,13,16,17,28,46,46,31,34,1
2025-26,1610612762,UTA,Utah Jazz,0022500036,2025-11-07T00:00:00,UTA @ MIN,L,48.0,90.7,91.5,127.0,128.0,-36.3,-36.5,0.8,1.56,18.4,0.29,0.591,0.415,0.17,0.42,0.462,107.4,106.5,88.75,106,0.311,1,19,19,19,6,56,44,55,6,44,44,27,53,53,38,55,56,8,55,1
2025-26,1610612762,UTA,Utah Jazz,0022500172,2025-11-05T00:00:00,UTA @ DET,L,48.0,100.2,102.0,113.2,114.0,-13.0,-12.0,0.727,1.6,16.9,0.298,0.692,0.486,0.149,0.453,0.521,101.7,100.5,83.75,101,0.457,1,19,19,19,6,48,13,36,26,43,48,25,29,33,28,51,49,42,28,1
2025-26,1610612762,UTA,Utah Jazz,0022500158,2025-11-03T00:00:00,UTA @ BOS,W,48.0,106.1,108.2,104.4,107.3,1.7,1.0,0.605,1.21,16.4,0.417,0.764,0.602,0.196,0.506,0.553,98.8,96.5,80.42,97,0.525,1,1,1,1,6,39,6,18,53,52,49,6,15,2,49,39,39,53,12,1
2025-26,1610612762,UTA,Utah Jazz,0022500150,2025-11-02T00:00:00,UTA @ CHA,L,48.0,101.2,102.0,121.5,124.8,-20.3,-22.8,0.75,2.45,19.3,0.245,0.696,0.455,0.109,0.449,0.511,102.7,101.0,84.17,101,0.394,1,19,19,19,6,48,34,49,19,12,37,43,27,44,4,53,52,39,49,1
2025-26,1610612762,UTA,Utah Jazz,0022500025,2025-10-31T00:00:00,UTA @ PHX,L,48.0,93.1,95.0,114.7,115.7,-21.5,-20.6,0.767,1.1,16.4,0.291,0.745,0.509,0.208,0.45,0.51,103.0,101.5,84.58,101,0.367,1,19,19,19,6,54,17,47,13,54,49,26,17,24,52,52,53,36,52,1
2025-26,1610612762,UTA,Utah Jazz,0022500135,2025-10-29T00:00:00,UTA vs. POR,L,48.0,120.1,120.7,121.6,123.6,-1.4,-2.9,0.732,1.36,18.5,0.42,0.608,0.515,0.198,0.554,0.635,111.7,110.5,92.08,111,0.511,1,19,19,19,6,16,33,22,24,49,43,5,50,22,50,26,12,3,15,1
2025-26,1610612762,UTA,Utah Jazz,0022500120,2025-10-27T00:00:00,UTA vs. PHX,W,53.0,120.2,121.1,115.9,117.5,4.3,3.5,0.614,1.42,15.7,0.508,0.619,0.563,0.167,0.481,0.557,104.4,103.25,86.04,114,0.493,1,1,1,1,2,13,24,14,51,48,53,1,49,7,35,48,35,25,19,1
2025-26,1610612762,UTA,Utah Jazz,0022500098,2025-10-24T00:00:00,UTA @ SAC,L,48.0,101.5,105.1,107.6,108.2,-6.1,-3.2,0.658,1.25,17.7,0.367,0.891,0.621,0.202,0.517,0.556,100.0,98.0,81.67,99,0.504,1,19,19,19,6,43,8,24,44,50,46,10,1,1,51,37,36,50,18,1
2025-26,1610612762,UTA,Utah Jazz,0022500087,2025-10-22T00:00:00,UTA vs. LAC,W,48.0,134.7,135.8,111.1,113.7,23.6,22.1,0.792,2.92,25.5,0.39,0.667,0.543,0.137,0.649,0.673,96.5,95.0,79.17,95,0.621,1,1,1,1,6,2,12,2,9,4,1,8,34,12,23,2,2,54,2,1
2025-26,1610612763,MEM,Memphis Grizzlies,0022500787,2026-02-11T00:00:00,MEM @ DEN,L,48.0,118.1,117.2,120.7,124.5,-2.6,-7.3,0.667,4.67,20.3,0.212,0.625,0.391,0.061,0.544,0.579,99.7,98.5,82.08,99,0.442,1,21,21,21,3,19,42,37,32,3,20,50,43,53,2,27,25,39,43,1
2025-26,1610612763,MEM,Memphis Grizzlies,0022500768,2026-02-09T00:00:00,MEM @ GSW,L,48.0,109.1,110.8,109.2,112.9,-0.1,-2.1,0.619,1.44,18.3,0.311,0.714,0.506,0.176,0.566,0.604,104.0,101.5,84.58,102,0.498,1,21,21,21,3,31,18,23,46,40,33,29,22,21,42,16,16,23,23,1
2025-26,1610612763,MEM,Memphis Grizzlies,0022500755,2026-02-07T00:00:00,MEM @ POR,L,48.0,111.4,112.7,117.1,118.4,-5.7,-5.7,0.452,1.27,15.0,0.159,0.673,0.438,0.147,0.595,0.617,103.7,102.5,85.42,102,0.493,1,21,21,21,3,27,31,29,53,47,51,52,33,48,28,9,14,19,25,1
2025-26,1610612763,MEM,Memphis Grizzlies,0022500745,2026-02-06T00:00:00,MEM @ POR,L,48.0,111.4,110.6,128.3,129.8,-16.9,-19.2,0.667,1.75,19.6,0.265,0.69,0.462,0.154,0.563,0.591,104.2,104.0,86.67,104,0.422,1,21,21,21,3,32,52,51,32,32,27,39,28,43,33,17,20,18,49,1
2025-26,1610612763,MEM,Memphis Grizzlies,0022500731,2026-02-04T00:00:00,MEM @ SAC,W,48.0,123.7,125.2,112.3,122.5,11.4,2.7,0.667,2.31,20.4,0.298,0.586,0.457,0.126,0.6,0.63,107.8,102.5,85.42,103,0.526,1,1,1,1,3,6,40,18,32,15,19,30,48,45,13,7,9,19,20,1
2025-26,1610612763,MEM,Memphis Grizzlies,0022500714,2026-02-02T00:00:00,MEM vs. MIN,W,48.0,135.1,138.4,128.5,129.3,6.6,9.1,0.705,3.1,21.4,0.354,0.692,0.53,0.101,0.608,0.662,100.5,99.0,82.5,99,0.555,1,1,1,1,3,1,50,9,21,6,9,18,26,14,6,5,2,36,10,1
2025-26,1610612763,MEM,Memphis Grizzlies,0022500700,2026-01-31T00:00:00,MEM vs. MIN,L,48.0,111.2,111.8,126.5,129.7,-15.3,-17.9,0.659,1.93,19.7,0.333,0.696,0.505,0.147,0.544,0.567,103.1,101.5,84.58,102,0.446,1,21,21,21,3,29,51,49,37,25,24,24,24,23,28,26,31,23,40,1
2025-26,1610612763,MEM,Memphis Grizzlies,0022500691,2026-01-30T00:00:00,MEM @ NOP,L,48.0,102.3,107.1,112.4,112.9,-10.1,-5.8,0.65,1.3,17.9,0.377,0.612,0.49,0.202,0.495,0.532,102.5,100.0,83.33,99,0.458,1,21,21,21,3,41,18,31,40,44,38,11,46,30,48,39,41,31,37,1
2025-26,1610612763,MEM,Memphis Grizzlies,0022500676,2026-01-28T00:00:00,MEM vs. CHA,L,48.0,106.3,105.4,111.4,121.7,-5.2,-16.3,0.73,2.08,20.6,0.277,0.532,0.404,0.141,0.543,0.562,95.9,92.0,76.67,92,0.478,1,21,21,21,3,42,37,48,15,20,18,37,53,52,19,28,32,51,28,1
2025-26,1610612763,MEM,Memphis Grizzlies,0022500662,2026-01-26T00:00:00,MEM @ HOU,L,48.0,94.8,101.0,107.1,108.0,-12.4,-7.0,0.667,2.0,17.6,0.364,0.589,0.467,0.133,0.405,0.44,102.6,99.0,82.5,98,0.402,1,21,21,21,3,46,15,35,32,22,42,14,47,40,14,52,53,36,51,1
2025-26,1610612763,MEM,Memphis Grizzlies,0022500639,2026-01-23T00:00:00,MEM vs. NOP,L,48.0,119.0,121.0,126.0,126.7,-7.0,-5.7,0.756,1.79,21.8,0.354,0.636,0.505,0.181,0.587,0.625,106.1,105.0,87.5,105,0.476,1,21,21,21,3,9,46,30,11,31,8,18,40,24,45,12,10,11,31,1
2025-26,1610612763,MEM,Memphis Grizzlies,0022500623,2026-01-21T00:00:00,MEM vs. ATL,L,48.0,111.0,117.3,114.2,118.1,-3.2,-0.8,0.605,1.44,17.6,0.365,0.654,0.51,0.173,0.527,0.582,109.2,104.5,87.08,104,0.478,1,21,21,21,3,18,28,21,48,40,42,12,34,20,40,32,24,16,30,1
2025-26,1610612763,MEM,Memphis Grizzlies,0022500602,2026-01-18T00:00:00,MEM @ ORL,W,48.0,120.0,123.5,101.8,109.0,18.2,14.5,0.646,2.58,21.1,0.319,0.642,0.49,0.118,0.599,0.618,106.0,101.0,84.17,102,0.584,1,1,1,1,3,8,16,6,41,10,13,28,38,31,10,8,13,27,6,1
2025-26,1610612763,MEM,Memphis Grizzlies,0022500578,2026-01-15T00:00:00,MEM @ ORL,L,48.0,109.6,109.9,115.6,116.8,-5.9,-6.9,0.711,1.69,19.6,0.224,0.571,0.41,0.158,0.56,0.602,101.7,101.0,84.17,101,0.46,1,21,21,21,3,33,26,34,20,34,29,48,51,51,35,19,17,27,35,1
2025-26,1610612763,MEM,Memphis Grizzlies,0022500549,2026-01-11T00:00:00,MEM vs. BKN,W,48.0,108.5,113.2,106.5,106.5,2.0,6.7,0.73,1.8,19.6,0.392,0.732,0.57,0.165,0.483,0.537,93.5,91.5,76.25,91,0.55,1,1,1,1,3,25,12,12,15,29,29,6,19,7,38,42,40,52,11,1
2025-26,1610612763,MEM,Memphis Grizzlies,0022500536,2026-01-09T00:00:00,MEM vs. OKC,L,48.0,115.4,118.4,117.8,119.4,-2.4,-1.0,0.854,2.06,22.7,0.412,0.792,0.606,0.173,0.545,0.588,99.9,98.0,81.67,98,0.511,1,21,21,21,3,14,32,22,2,21,7,4,4,4,41,25,21,42,22,1
2025-26,1610612763,MEM,Memphis Grizzlies,0022500524,2026-01-07T00:00:00,MEM vs. PHX,L,48.0,96.9,99.0,113.0,118.2,-16.1,-19.2,0.59,1.28,16.4,0.333,0.648,0.486,0.182,0.489,0.499,102.3,99.0,82.5,99,0.418,1,21,21,21,3,50,30,50,49,45,49,24,36,34,46,41,47,36,50,1
2025-26,1610612763,MEM,Memphis Grizzlies,0022500512,2026-01-06T00:00:00,MEM vs. SAS,W,48.0,95.8,101.0,94.7,100.0,1.2,1.0,0.718,1.22,17.9,0.381,0.697,0.543,0.219,0.49,0.507,110.8,105.0,87.5,105,0.526,1,1,1,1,3,48,3,19,17,49,37,9,23,12,50,40,45,11,19,1
2025-26,1610612763,MEM,Memphis Grizzlies,0022500501,2026-01-04T00:00:00,MEM @ LAL,L,48.0,111.0,116.3,118.8,122.4,-7.7,-6.1,0.69,3.22,19.6,0.35,0.696,0.5,0.092,0.47,0.52,101.9,98.0,81.67,98,0.427,1,21,21,21,3,21,39,32,28,4,26,20,24,26,4,45,44,42,47,1
2025-26,1610612763,MEM,Memphis Grizzlies,0022500485,2026-01-02T00:00:00,MEM @ LAL,L,48.0,107.0,115.2,122.3,120.8,-15.4,-5.5,0.696,2.13,21.1,0.268,0.765,0.456,0.143,0.552,0.57,108.9,105.5,87.92,105,0.443,1,21,21,21,3,23,34,28,26,19,14,38,11,46,23,22,30,9,42,1
2025-26,1610612763,MEM,Memphis Grizzlies,0022500458,2025-12-30T00:00:00,MEM vs. PHI,L,53.0,118.8,120.4,117.9,125.2,0.9,-4.9,0.549,1.4,17.8,0.364,0.683,0.551,0.177,0.614,0.657,105.2,101.43,84.53,113,0.519,1,21,21,21,1,11,43,26,50,42,40,14,30,10,43,4,3,26,21,1
2025-26,1610612763,MEM,Memphis Grizzlies,0022500443,2025-12-28T00:00:00,MEM @ WAS,L,48.0,94.7,102.8,101.8,107.4,-7.0,-4.7,0.628,1.69,17.3,0.349,0.638,0.488,0.147,0.461,0.499,116.1,108.5,90.42,109,0.482,1,21,21,21,3,45,14,25,43,34,46,21,39,33,27,48,48,3,27,1
2025-26,1610612763,MEM,Memphis Grizzlies,0022500428,2025-12-26T00:00:00,MEM vs. MIL,W,48.0,117.8,125.0,102.4,103.0,15.4,22.0,0.651,2.0,20.0,0.283,0.648,0.48,0.14,0.582,0.631,103.8,100.5,83.75,100,0.633,1,1,1,1,3,7,8,4,39,22,21,35,36,35,18,13,8,29,3,1
2025-26,1610612763,MEM,Memphis Grizzlies,0022500419,2025-12-23T00:00:00,MEM @ UTA,W,48.0,127.1,129.2,119.8,120.8,7.3,8.5,0.837,2.73,25.9,0.262,0.692,0.5,0.142,0.665,0.68,107.3,106.0,88.33,106,0.559,1,1,1,1,3,4,34,10,5,9,1,42,26,26,21,1,1,7,9,1
2025-26,1610612763,MEM,Memphis Grizzlies,0022500406,2025-12-22T00:00:00,MEM @ OKC,L,48.0,97.1,98.1,114.2,113.3,-17.2,-15.2,0.765,1.13,17.9,0.264,0.776,0.51,0.219,0.518,0.553,105.1,105.0,87.5,105,0.434,1,21,21,21,3,52,22,47,9,53,38,41,7,19,50,34,35,11,46,1
2025-26,1610612763,MEM,Memphis Grizzlies,0022500391,2025-12-20T00:00:00,MEM vs. WAS,L,48.0,116.5,119.6,125.7,126.2,-9.1,-6.6,0.689,2.21,20.0,0.379,0.574,0.473,0.137,0.53,0.556,104.1,102.5,85.42,102,0.468,1,21,21,21,3,12,45,33,29,16,21,10,50,36,16,31,34,19,34,1
2025-26,1610612763,MEM,Memphis Grizzlies,0022500368,2025-12-17T00:00:00,MEM @ MIN,W,48.0,105.5,108.4,98.3,102.8,7.1,5.6,0.548,1.28,15.3,0.357,0.631,0.504,0.168,0.495,0.542,110.9,107.0,89.17,107,0.532,1,1,1,1,3,36,6,14,51,45,50,16,42,25,39,38,38,5,16,1
2025-26,1610612763,MEM,Memphis Grizzlies,0022501226,2025-12-15T00:00:00,MEM @ LAC,W,48.0,126.7,131.5,107.7,113.2,19.1,18.3,0.733,3.0,23.7,0.357,0.578,0.471,0.12,0.616,0.647,95.6,91.5,76.25,92,0.59,1,1,1,1,3,3,21,5,13,7,3,16,49,37,11,3,4,52,5,1
2025-26,1610612763,MEM,Memphis Grizzlies,0022501213,2025-12-12T00:00:00,MEM vs. UTA,L,48.0,115.3,117.8,114.0,122.6,1.3,-4.9,0.696,3.2,21.2,0.228,0.683,0.462,0.093,0.561,0.582,111.6,106.5,88.75,107,0.494,1,21,21,21,3,15,41,27,26,5,11,47,29,43,5,18,23,6,24,1
2025-26,1610612763,MEM,Memphis Grizzlies,0022500360,2025-12-07T00:00:00,MEM vs. POR,W,48.0,105.2,114.4,89.8,91.4,15.4,23.0,0.7,1.22,18.2,0.418,0.745,0.575,0.221,0.506,0.56,110.0,104.5,87.08,104,0.646,1,1,1,1,3,24,1,3,25,49,35,3,17,6,52,36,33,16,2,1
2025-26,1610612763,MEM,Memphis Grizzlies,0022500347,2025-12-05T00:00:00,MEM vs. LAC,W,48.0,109.3,109.2,98.5,100.0,10.8,9.2,0.667,1.75,21.2,0.154,0.83,0.523,0.163,0.603,0.623,98.7,98.0,81.67,98,0.571,1,1,1,1,3,35,3,8,32,32,10,53,3,15,37,6,11,42,8,1
2025-26,1610612763,MEM,Memphis Grizzlies,0022500322,2025-12-02T00:00:00,MEM @ SAS,L,48.0,111.7,119.0,124.0,127.3,-12.3,-8.3,0.622,1.87,19.6,0.347,0.745,0.558,0.15,0.55,0.592,104.1,99.5,82.92,100,0.488,1,21,21,21,3,13,47,38,44,26,27,22,16,8,31,23,19,33,26,1
2025-26,1610612763,MEM,Memphis Grizzlies,0022500307,2025-11-30T00:00:00,MEM @ SAC,W,48.0,108.8,112.7,105.2,104.9,3.6,7.8,0.622,1.22,19.0,0.409,0.764,0.606,0.225,0.576,0.601,103.7,102.0,85.0,102,0.54,1,1,1,1,3,27,11,11,44,49,32,5,12,3,53,15,18,22,14,1
2025-26,1610612763,MEM,Memphis Grizzlies,0022500079,2025-11-28T00:00:00,MEM @ LAC,W,48.0,114.7,113.1,103.6,109.2,11.0,3.9,0.615,1.6,16.9,0.365,0.75,0.558,0.152,0.54,0.573,100.5,98.5,82.08,99,0.531,1,1,1,1,3,26,17,16,47,38,48,12,13,8,32,29,29,39,17,1
2025-26,1610612763,MEM,Memphis Grizzlies,0022500065,2025-11-26T00:00:00,MEM @ NOP,W,53.0,123.0,120.9,115.9,117.4,7.0,3.5,0.731,2.38,23.6,0.283,0.75,0.531,0.145,0.624,0.645,99.0,99.17,82.64,110,0.537,1,1,1,1,1,10,27,17,14,14,4,35,13,13,26,2,6,35,15,1
2025-26,1610612763,MEM,Memphis Grizzlies,0022500287,2025-11-24T00:00:00,MEM vs. DEN,L,48.0,115.5,117.3,128.7,128.9,-13.2,-11.5,0.767,3.0,22.8,0.288,0.674,0.469,0.112,0.548,0.577,98.4,97.5,81.25,98,0.47,1,21,21,21,3,17,48,41,8,7,6,32,31,39,8,24,27,45,32,1
2025-26,1610612763,MEM,Memphis Grizzlies,0022500273,2025-11-22T00:00:00,MEM @ DAL,W,48.0,110.2,109.7,98.9,103.2,11.3,6.5,0.703,2.0,18.1,0.439,0.719,0.579,0.14,0.446,0.497,94.8,93.0,77.5,93,0.576,1,1,1,1,3,34,9,13,24,22,36,1,21,5,17,50,49,50,7,1
2025-26,1610612763,MEM,Memphis Grizzlies,0022500265,2025-11-20T00:00:00,MEM vs. SAC,W,48.0,127.5,137.0,96.4,96.0,31.1,41.0,0.84,5.25,25.9,0.392,0.848,0.608,0.08,0.591,0.62,103.5,100.0,83.33,100,0.692,1,1,1,1,3,2,2,1,3,1,2,6,2,2,3,11,12,31,1,1
2025-26,1610612763,MEM,Memphis Grizzlies,0022500252,2025-11-18T00:00:00,MEM @ SAS,L,48.0,100.0,104.1,113.6,114.4,-13.6,-10.3,0.714,2.14,19.7,0.422,0.87,0.609,0.144,0.462,0.468,99.3,97.0,80.83,97,0.458,1,21,21,21,3,43,24,40,18,17,23,2,1,1,25,47,51,47,36,1
2025-26,1610612763,MEM,Memphis Grizzlies,0022500228,2025-11-15T00:00:00,MEM @ CLE,L,48.0,92.9,94.3,102.1,102.9,-9.2,-8.5,0.677,1.4,14.9,0.25,0.72,0.464,0.142,0.413,0.483,106.7,105.5,87.92,106,0.447,1,21,21,21,3,53,7,39,31,42,52,44,20,42,21,51,50,9,39,1
2025-26,1610612763,MEM,Memphis Grizzlies,0022500216,2025-11-12T00:00:00,MEM @ BOS,L,48.0,93.7,99.0,134.7,136.5,-41.0,-37.5,0.781,2.5,17.5,0.343,0.56,0.436,0.104,0.389,0.446,99.4,96.0,80.0,96,0.325,1,21,21,21,3,51,53,53,7,12,44,23,52,50,7,53,52,48,53,1
2025-26,1610612763,MEM,Memphis Grizzlies,0022500208,2025-11-11T00:00:00,MEM @ NYK,L,48.0,107.6,108.1,119.0,120.9,-11.4,-12.8,0.837,1.64,23.2,0.186,0.741,0.495,0.198,0.595,0.635,111.7,110.5,92.08,111,0.478,1,21,21,21,3,39,36,42,4,37,5,51,18,29,47,9,7,2,29,1
2025-26,1610612763,MEM,Memphis Grizzlies,0022500194,2025-11-09T00:00:00,MEM vs. OKC,L,48.0,98.1,101.0,110.2,114.0,-12.1,-13.0,0.857,2.14,21.0,0.246,0.75,0.496,0.141,0.478,0.505,102.7,99.5,82.92,99,0.423,1,21,21,21,3,47,23,43,1,17,15,46,13,28,20,44,46,33,48,1
2025-26,1610612763,MEM,Memphis Grizzlies,0022500034,2025-11-07T00:00:00,MEM vs. DAL,W,48.0,112.0,116.8,100.9,104.0,11.1,12.8,0.659,1.8,19.3,0.25,0.783,0.511,0.149,0.559,0.606,104.2,100.5,83.75,101,0.543,1,1,1,1,3,20,10,7,38,29,31,44,6,18,30,20,15,29,13,1
2025-26,1610612763,MEM,Memphis Grizzlies,0022500176,2025-11-05T00:00:00,MEM vs. HOU,L,48.0,102.4,103.8,116.0,118.1,-13.5,-14.3,0.735,1.67,17.0,0.288,0.649,0.466,0.143,0.455,0.522,106.7,105.0,87.5,105,0.437,1,21,21,21,3,44,28,45,12,36,47,33,35,41,23,49,43,11,44,1
2025-26,1610612763,MEM,Memphis Grizzlies,0022500161,2025-11-03T00:00:00,MEM vs. DET,L,48.0,106.0,108.2,114.3,115.2,-8.3,-7.0,0.714,1.25,17.5,0.389,0.674,0.52,0.204,0.483,0.541,99.9,98.5,82.08,98,0.445,1,21,21,21,3,38,25,36,18,48,44,8,31,17,49,43,39,39,41,1
2025-26,1610612763,MEM,Memphis Grizzlies,0022500152,2025-11-02T00:00:00,MEM @ TOR,L,48.0,106.3,108.3,118.4,121.9,-12.1,-13.5,0.632,1.85,17.8,0.294,0.625,0.455,0.135,0.5,0.543,98.3,96.0,80.0,96,0.436,1,21,21,21,3,37,38,44,42,27,41,31,43,47,15,37,37,48,45,1
2025-26,1610612763,MEM,Memphis Grizzlies,0022500024,2025-10-31T00:00:00,MEM vs. LAL,L,48.0,112.7,115.5,116.4,119.4,-3.7,-3.9,0.683,2.55,19.7,0.333,0.775,0.521,0.113,0.516,0.552,99.9,97.5,81.25,97,0.453,1,21,21,21,3,22,32,24,30,11,25,24,8,16,9,35,36,45,38,1
2025-26,1610612763,MEM,Memphis Grizzlies,0022500137,2025-10-29T00:00:00,MEM @ PHX,W,48.0,106.8,107.5,106.1,106.6,0.7,0.9,0.705,1.82,20.9,0.224,0.766,0.49,0.16,0.554,0.577,106.6,106.0,88.33,106,0.526,1,1,1,1,3,40,13,20,21,28,16,48,10,32,36,21,26,7,18,1
2025-26,1610612763,MEM,Memphis Grizzlies,0022500121,2025-10-27T00:00:00,MEM @ GSW,L,48.0,111.0,111.3,124.5,126.0,-13.5,-14.6,0.8,2.46,21.2,0.265,0.786,0.505,0.123,0.523,0.588,105.8,105.0,87.5,106,0.469,1,21,21,21,3,30,44,46,6,13,11,39,5,22,12,33,22,11,33,1
2025-26,1610612763,MEM,Memphis Grizzlies,0022500103,2025-10-25T00:00:00,MEM vs. IND,W,48.0,119.5,126.7,101.9,101.0,17.7,25.8,0.705,5.17,20.8,0.327,0.768,0.55,0.059,0.531,0.576,104.1,101.5,84.58,101,0.612,1,1,1,1,3,5,5,2,21,2,17,27,9,11,1,30,28,23,4,1
2025-26,1610612763,MEM,Memphis Grizzlies,0022500094,2025-10-24T00:00:00,MEM vs. MIA,L,48.0,98.9,100.9,127.3,129.2,-28.5,-28.3,0.763,1.45,18.2,0.283,0.62,0.436,0.177,0.468,0.531,115.0,113.0,94.17,113,0.375,1,21,21,21,3,49,49,52,10,39,34,34,45,49,43,46,42,1,52,1
2025-26,1610612763,MEM,Memphis Grizzlies,0022500085,2025-10-22T00:00:00,MEM vs. NOP,W,48.0,116.4,117.4,111.3,113.0,5.2,4.5,0.488,1.18,14.4,0.256,0.632,0.47,0.156,0.581,0.647,109.8,108.5,90.42,109,0.544,1,1,1,1,3,16,20,15,52,52,53,43,41,38,34,14,5,3,12,1
2025-26,1610612764,WAS,Washington Wizards,0022500776,2026-02-11T00:00:00,WAS @ CLE,L,48.0,104.7,107.6,132.3,130.2,-27.6,-22.6,0.619,1.73,16.8,0.369,0.553,0.437,0.143,0.471,0.505,106.1,105.5,87.92,105,0.365,1,15,15,15,3,30,43,40,26,22,32,7,50,41,22,43,45,9,45,1
2025-26,1610612764,WAS,Washington Wizards,0022500758,2026-02-08T00:00:00,WAS vs. MIA,L,48.0,92.6,95.3,125.0,125.7,-32.4,-30.4,0.59,1.21,15.9,0.276,0.607,0.439,0.179,0.484,0.505,107.3,105.5,87.92,106,0.361,1,15,15,15,3,49,38,49,33,45,40,32,42,39,41,40,46,9,47,1
2025-26,1610612764,WAS,Washington Wizards,0022500747,2026-02-07T00:00:00,WAS @ BKN,L,48.0,109.5,114.1,127.8,128.3,-18.3,-14.1,0.486,1.13,14.1,0.25,0.643,0.442,0.162,0.538,0.613,101.3,99.0,82.5,99,0.402,1,15,15,15,3,16,40,29,48,47,50,41,37,38,30,25,8,41,36,1
2025-26,1610612764,WAS,Washington Wizards,0022500733,2026-02-05T00:00:00,WAS @ DET,W,48.0,120.1,123.5,113.0,114.7,7.1,8.8,0.612,1.76,20.5,0.298,0.627,0.469,0.167,0.637,0.637,104.2,102.0,85.0,102,0.505,1,1,1,1,3,5,16,6,28,20,9,26,39,29,31,3,4,27,15,1
2025-26,1610612764,WAS,Washington Wizards,0022500718,2026-02-03T00:00:00,WAS vs. NYK,L,48.0,98.0,100.0,129.6,130.7,-31.6,-30.7,0.543,1.46,14.1,0.263,0.783,0.495,0.129,0.471,0.505,102.5,101.0,84.17,101,0.322,1,15,15,15,3,45,45,50,41,33,49,38,4,22,14,44,47,34,50,1
2025-26,1610612764,WAS,Washington Wizards,0022500707,2026-02-01T00:00:00,WAS vs. SAC,W,48.0,117.6,118.4,114.6,115.5,3.1,2.9,0.674,1.82,20.8,0.426,0.667,0.547,0.173,0.597,0.613,98.2,97.5,81.25,98,0.524,1,1,1,1,3,9,17,12,13,16,7,3,29,6,36,6,7,47,10,1
2025-26,1610612764,WAS,Washington Wizards,0022500688,2026-01-30T00:00:00,WAS vs. LAL,L,48.0,105.3,105.7,135.1,135.2,-29.8,-29.5,0.636,1.47,18.4,0.339,0.622,0.452,0.181,0.525,0.537,105.2,105.0,87.5,105,0.33,1,15,15,15,3,39,49,46,23,31,17,12,40,35,42,28,35,12,49,1
2025-26,1610612764,WAS,Washington Wizards,0022500681,2026-01-29T00:00:00,WAS vs. MIL,W,48.0,105.5,107.9,95.2,97.1,10.3,10.9,0.553,1.62,14.8,0.333,0.776,0.551,0.129,0.438,0.503,103.6,101.5,84.58,101,0.555,1,1,1,1,3,29,2,5,37,26,46,15,5,5,14,51,48,30,6,1
2025-26,1610612764,WAS,Washington Wizards,0022500664,2026-01-27T00:00:00,WAS vs. POR,W,48.0,107.2,107.5,100.8,103.7,6.4,3.7,0.675,1.93,18.0,0.271,0.493,0.392,0.131,0.495,0.536,108.7,107.0,89.17,107,0.572,1,1,1,1,3,31,6,11,11,14,24,36,52,51,17,38,36,6,5,1
2025-26,1610612764,WAS,Washington Wizards,0022500645,2026-01-24T00:00:00,WAS @ CHA,L,48.0,111.7,113.9,117.6,120.2,-5.9,-6.3,0.795,2.69,23.5,0.308,0.65,0.457,0.129,0.557,0.575,102.1,100.0,83.33,101,0.469,1,15,15,15,3,17,27,22,1,5,1,20,33,33,14,13,21,38,19,1
2025-26,1610612764,WAS,Washington Wizards,0022500629,2026-01-22T00:00:00,WAS vs. DEN,L,48.0,102.6,101.0,109.8,111.5,-7.2,-10.4,0.625,1.43,15.2,0.296,0.696,0.48,0.146,0.458,0.513,96.0,96.0,80.0,96,0.409,1,15,15,15,3,44,11,24,24,36,44,28,19,26,26,47,43,50,32,1
2025-26,1610612764,WAS,Washington Wizards,0022500608,2026-01-19T00:00:00,WAS vs. LAC,L,48.0,105.3,107.1,111.4,112.2,-6.1,-5.2,0.73,1.35,18.2,0.415,0.696,0.545,0.202,0.506,0.554,99.7,98.5,82.08,99,0.455,1,15,15,15,3,34,12,18,7,38,22,4,19,7,50,35,31,43,22,1
2025-26,1610612764,WAS,Washington Wizards,0022500600,2026-01-17T00:00:00,WAS @ DEN,L,48.0,111.9,113.9,116.2,119.8,-4.3,-5.9,0.455,1.82,14.2,0.339,0.795,0.534,0.109,0.516,0.529,103.4,101.0,84.17,101,0.442,1,15,15,15,3,17,26,21,53,17,48,13,3,9,6,32,40,34,23,1
2025-26,1610612764,WAS,Washington Wizards,0022500592,2026-01-16T00:00:00,WAS @ SAC,L,48.0,111.4,112.7,126.5,125.5,-15.1,-12.7,0.523,2.09,17.2,0.184,0.675,0.404,0.108,0.55,0.579,102.2,102.0,85.0,102,0.426,1,15,15,15,3,19,37,26,42,10,28,50,26,50,5,18,18,27,27,1
2025-26,1610612764,WAS,Washington Wizards,0022500577,2026-01-14T00:00:00,WAS @ LAC,L,48.0,107.7,108.2,121.6,124.0,-13.9,-15.7,0.61,2.27,18.4,0.275,0.773,0.505,0.113,0.511,0.539,97.7,96.5,80.42,97,0.423,1,15,15,15,3,27,31,31,29,8,18,34,7,16,7,34,33,49,29,1
2025-26,1610612764,WAS,Washington Wizards,0022500555,2026-01-11T00:00:00,WAS @ PHX,L,48.0,88.6,89.4,107.3,108.7,-18.7,-19.3,0.647,0.96,15.5,0.308,0.696,0.509,0.221,0.436,0.495,104.6,103.5,86.25,104,0.424,1,15,15,15,3,51,9,36,19,52,41,20,18,14,52,52,50,18,28,1
2025-26,1610612764,WAS,Washington Wizards,0022500534,2026-01-09T00:00:00,WAS vs. NOP,L,48.0,97.7,100.0,111.7,118.5,-14.0,-18.5,0.649,1.26,16.7,0.25,0.646,0.433,0.178,0.489,0.527,112.0,107.5,89.58,107,0.382,1,15,15,15,3,45,20,34,18,43,33,41,35,43,40,39,42,4,42,1
2025-26,1610612764,WAS,Washington Wizards,0022500518,2026-01-07T00:00:00,WAS @ PHI,L,48.0,107.0,106.8,129.6,128.4,-22.6,-21.6,0.674,1.32,19.7,0.333,0.8,0.553,0.214,0.569,0.599,102.0,102.5,85.42,103,0.409,1,15,15,15,3,37,41,38,12,39,13,15,2,4,51,10,10,24,34,1
2025-26,1610612764,WAS,Washington Wizards,0022500511,2026-01-06T00:00:00,WAS vs. ORL,W,48.0,114.8,112.1,103.2,106.7,11.6,5.5,0.641,1.67,17.1,0.3,0.698,0.505,0.14,0.517,0.597,106.5,106.0,88.33,107,0.551,1,1,1,1,3,21,7,9,21,24,29,25,17,17,21,30,11,8,7,1
2025-26,1610612764,WAS,Washington Wizards,0022500498,2026-01-04T00:00:00,WAS vs. MIN,L,48.0,108.1,109.5,131.9,134.3,-23.8,-24.8,0.488,1.11,15.2,0.255,0.574,0.415,0.181,0.557,0.597,106.6,105.0,87.5,105,0.383,1,15,15,15,3,25,48,43,46,49,42,39,46,48,42,14,12,12,40,1
2025-26,1610612764,WAS,Washington Wizards,0022500477,2026-01-02T00:00:00,WAS vs. BKN,W,48.0,113.3,116.7,94.0,96.1,19.3,20.6,0.511,1.26,16.6,0.413,0.759,0.6,0.186,0.571,0.601,105.2,102.5,85.42,102,0.593,1,1,1,1,3,10,1,2,44,43,35,5,9,1,45,9,9,24,1,1
2025-26,1610612764,WAS,Washington Wizards,0022500469,2025-12-31T00:00:00,WAS @ MIL,W,48.0,114.2,116.3,110.1,114.1,4.2,2.2,0.756,3.1,21.4,0.286,0.654,0.463,0.102,0.537,0.554,101.2,98.5,82.08,98,0.514,1,1,1,1,3,12,14,13,5,3,4,29,31,30,4,26,30,43,13,1
2025-26,1610612764,WAS,Washington Wizards,0022500448,2025-12-29T00:00:00,WAS vs. PHX,L,48.0,107.2,105.2,116.3,119.8,-9.1,-14.6,0.583,1.31,16.7,0.209,0.583,0.427,0.167,0.545,0.579,96.6,96.0,80.0,96,0.456,1,15,15,15,3,40,25,30,34,41,33,47,45,44,31,20,19,50,20,1
2025-26,1610612764,WAS,Washington Wizards,0022500443,2025-12-28T00:00:00,WAS vs. MEM,W,48.0,101.8,107.4,94.7,102.8,7.0,4.7,0.619,1.37,16.9,0.362,0.651,0.512,0.176,0.465,0.527,116.1,108.5,90.42,108,0.518,1,1,1,1,3,32,5,10,26,37,30,8,32,13,39,45,41,1,11,1
2025-26,1610612764,WAS,Washington Wizards,0022500425,2025-12-26T00:00:00,WAS vs. TOR,W,48.0,129.1,134.0,110.5,112.5,18.6,21.5,0.481,1.86,18.4,0.316,0.769,0.578,0.136,0.676,0.698,106.4,103.5,86.25,103,0.575,1,1,1,1,3,1,13,1,49,15,16,18,8,3,18,2,1,18,4,1
2025-26,1610612764,WAS,Washington Wizards,0022500409,2025-12-23T00:00:00,WAS @ CHA,L,48.0,114.6,114.7,131.4,134.0,-16.8,-19.3,0.55,3.67,16.2,0.339,0.673,0.495,0.063,0.464,0.509,95.5,94.5,78.75,95,0.403,1,15,15,15,3,14,47,35,38,2,37,13,27,21,2,46,44,52,35,1
2025-26,1610612764,WAS,Washington Wizards,0022500399,2025-12-21T00:00:00,WAS vs. SAS,L,48.0,110.2,108.7,114.7,121.6,-4.6,-12.9,0.476,4.0,14.9,0.196,0.563,0.392,0.048,0.5,0.535,105.3,103.0,85.83,104,0.455,1,15,15,15,3,26,29,27,50,1,45,48,49,52,1,37,37,20,21,1
2025-26,1610612764,WAS,Washington Wizards,0022500391,2025-12-20T00:00:00,WAS @ MEM,W,48.0,125.7,126.2,116.5,119.6,9.1,6.6,0.681,2.46,20.3,0.426,0.621,0.527,0.126,0.561,0.589,104.1,102.5,85.42,103,0.532,1,1,1,1,3,4,24,8,10,6,10,1,41,10,12,12,15,24,8,1
2025-26,1610612764,WAS,Washington Wizards,0022500370,2025-12-18T00:00:00,WAS @ SAS,L,48.0,92.9,94.0,120.4,120.2,-27.5,-26.2,0.763,2.07,20.0,0.305,0.688,0.477,0.14,0.452,0.469,100.0,99.5,82.92,100,0.39,1,15,15,15,3,50,27,44,4,12,11,23,23,27,20,48,51,39,37,1
2025-26,1610612764,WAS,Washington Wizards,0022501216,2025-12-14T00:00:00,WAS @ IND,W,48.0,114.4,118.7,98.6,98.9,15.7,19.8,0.463,1.73,14.5,0.426,0.759,0.593,0.121,0.517,0.538,92.3,90.5,75.42,91,0.576,1,1,1,1,3,8,3,3,51,23,47,1,9,2,9,31,34,53,3,1
2025-26,1610612764,WAS,Washington Wizards,0022501212,2025-12-12T00:00:00,WAS vs. CLE,L,48.0,121.1,120.0,124.0,125.0,-2.9,-5.0,0.69,1.81,19.5,0.306,0.695,0.519,0.152,0.581,0.629,104.5,104.5,87.08,105,0.479,1,15,15,15,3,6,35,17,9,18,14,22,21,11,27,8,6,16,17,1
2025-26,1610612764,WAS,Washington Wizards,0022500351,2025-12-06T00:00:00,WAS vs. ATL,L,48.0,111.2,114.9,125.8,128.4,-14.6,-13.6,0.707,1.45,21.2,0.171,0.574,0.386,0.198,0.619,0.656,104.3,101.5,84.58,101,0.409,1,15,15,15,3,13,41,28,8,34,5,51,46,53,49,4,3,30,33,1
2025-26,1610612764,WAS,Washington Wizards,0022500334,2025-12-04T00:00:00,WAS vs. BOS,L,48.0,100.0,102.0,141.4,150.5,-41.4,-48.5,0.6,1.17,15.2,0.346,0.565,0.449,0.182,0.476,0.532,102.1,98.0,81.67,99,0.296,1,15,15,15,3,42,53,53,31,46,42,11,48,37,44,42,38,46,52,1
2025-26,1610612764,WAS,Washington Wizards,0022500318,2025-12-02T00:00:00,WAS @ PHI,L,48.0,100.9,98.1,112.6,118.6,-11.7,-20.6,0.657,1.53,16.0,0.31,0.69,0.5,0.144,0.449,0.5,104.3,103.0,85.83,104,0.438,1,15,15,15,3,48,21,37,17,29,38,19,22,18,25,49,49,20,25,1
2025-26,1610612764,WAS,Washington Wizards,0022500311,2025-12-01T00:00:00,WAS vs. MIL,W,48.0,123.3,126.5,122.0,124.8,1.3,1.7,0.547,2.9,19.5,0.353,0.705,0.516,0.098,0.583,0.594,103.9,101.5,84.58,102,0.516,1,1,1,1,3,3,34,14,39,4,14,10,15,12,3,7,13,30,12,1
2025-26,1610612764,WAS,Washington Wizards,0022500073,2025-11-28T00:00:00,WAS @ IND,L,48.0,87.0,85.1,114.7,119.0,-27.7,-33.9,0.545,1.06,13.6,0.255,0.681,0.451,0.168,0.435,0.463,101.3,100.5,83.75,101,0.317,1,15,15,15,3,53,22,52,40,51,51,40,24,36,33,53,52,37,51,1
2025-26,1610612764,WAS,Washington Wizards,0022500057,2025-11-25T00:00:00,WAS vs. ATL,W,48.0,128.9,128.2,105.6,109.7,23.3,18.4,0.625,2.31,21.1,0.22,0.642,0.457,0.126,0.685,0.692,104.7,103.0,85.83,103,0.584,1,1,1,1,3,2,10,4,24,7,6,46,38,32,12,1,2,20,2,1
2025-26,1610612764,WAS,Washington Wizards,0022500271,2025-11-22T00:00:00,WAS @ CHI,L,48.0,114.5,114.3,113.9,114.2,0.6,0.1,0.75,2.2,21.6,0.273,0.672,0.483,0.143,0.542,0.573,105.5,105.5,87.92,105,0.512,1,15,15,15,3,15,15,15,6,9,2,35,28,24,22,22,22,9,14,1
2025-26,1610612764,WAS,Washington Wizards,0022500050,2025-11-21T00:00:00,WAS @ TOR,L,48.0,102.3,105.8,137.0,133.3,-34.8,-27.6,0.667,1.44,18.3,0.245,0.65,0.427,0.173,0.523,0.57,104.9,104.54,87.11,104,0.347,1,15,15,15,53,38,46,45,14,35,20,43,33,45,35,29,24,15,48,1
2025-26,1610612764,WAS,Washington Wizards,0022500259,2025-11-19T00:00:00,WAS @ MIN,L,48.0,110.9,112.4,121.1,122.4,-10.2,-10.1,0.581,1.47,18.4,0.298,0.589,0.456,0.175,0.568,0.584,98.7,97.5,81.25,97,0.435,1,15,15,15,3,20,30,23,35,32,18,26,44,34,38,11,16,47,26,1
2025-26,1610612764,WAS,Washington Wizards,0022500235,2025-11-16T00:00:00,WAS vs. BKN,L,48.0,103.2,108.2,126.0,130.3,-22.7,-22.1,0.568,1.75,16.5,0.163,0.732,0.422,0.122,0.512,0.566,102.5,98.5,82.08,98,0.379,1,15,15,15,3,28,44,39,36,21,36,53,12,46,11,33,27,43,43,1
2025-26,1610612764,WAS,Washington Wizards,0022500218,2025-11-12T00:00:00,WAS @ HOU,L,48.0,111.6,112.0,137.6,136.4,-26.0,-24.4,0.595,2.08,18.2,0.264,0.592,0.422,0.12,0.538,0.558,99.2,99.5,82.92,100,0.382,1,15,15,15,3,23,50,42,32,11,21,37,43,47,8,24,29,39,41,1
2025-26,1610612764,WAS,Washington Wizards,0022500199,2025-11-10T00:00:00,WAS @ DET,L,53.0,116.9,116.4,115.4,119.1,1.5,-2.8,0.52,1.3,16.9,0.245,0.528,0.413,0.172,0.605,0.634,106.0,104.6,87.17,116,0.485,1,15,15,15,1,11,23,16,43,42,30,43,51,49,34,5,5,14,16,1
2025-26,1610612764,WAS,Washington Wizards,0022500183,2025-11-08T00:00:00,WAS vs. DAL,L,48.0,99.9,101.9,107.6,107.8,-7.7,-5.8,0.459,0.94,12.6,0.302,0.655,0.481,0.175,0.478,0.53,104.2,103.0,85.83,103,0.415,1,15,15,15,3,43,8,20,52,53,53,24,30,25,37,41,39,20,31,1
2025-26,1610612764,WAS,Washington Wizards,0022500029,2025-11-07T00:00:00,WAS vs. CLE,L,48.0,109.4,110.6,136.2,141.0,-26.8,-30.4,0.78,1.6,20.6,0.377,0.492,0.439,0.192,0.533,0.569,106.9,104.5,87.08,104,0.378,1,15,15,15,3,24,52,48,3,27,8,6,53,39,47,27,26,16,44,1
2025-26,1610612764,WAS,Washington Wizards,0022500174,2025-11-05T00:00:00,WAS @ BOS,L,48.0,107.1,107.0,137.0,138.8,-29.9,-31.8,0.641,1.32,17.9,0.319,0.705,0.505,0.19,0.544,0.582,99.6,99.0,82.5,100,0.388,1,15,15,15,3,35,51,51,21,40,26,17,15,15,46,21,17,41,38,1
2025-26,1610612764,WAS,Washington Wizards,0022500159,2025-11-03T00:00:00,WAS @ NYK,L,48.0,99.6,100.0,115.8,116.7,-16.1,-16.7,0.789,1.5,21.4,0.17,0.75,0.475,0.196,0.549,0.571,102.6,102.0,85.0,102,0.422,1,15,15,15,3,45,18,32,2,30,3,52,11,28,48,19,23,27,30,1
2025-26,1610612764,WAS,Washington Wizards,0022500145,2025-11-01T00:00:00,WAS vs. ORL,L,48.0,85.0,87.0,112.9,116.8,-27.9,-29.8,0.487,1.12,13.1,0.277,0.717,0.459,0.157,0.444,0.449,110.6,107.5,89.58,108,0.267,1,15,15,15,3,52,19,47,47,48,52,30,13,31,29,50,53,4,53,1
2025-26,1610612764,WAS,Washington Wizards,0022500140,2025-10-30T00:00:00,WAS @ OKC,L,48.0,105.4,106.9,124.1,124.5,-18.7,-17.6,0.658,1.09,18.0,0.277,0.679,0.495,0.228,0.554,0.59,102.4,101.5,84.58,101,0.385,1,15,15,15,3,36,33,33,16,50,25,31,25,22,53,17,14,30,39,1
2025-26,1610612764,WAS,Washington Wizards,0022500123,2025-10-28T00:00:00,WAS vs. PHI,L,53.0,112.4,119.6,123.8,125.2,-11.4,-5.6,0.647,2.06,19.8,0.355,0.644,0.496,0.143,0.556,0.576,104.8,100.98,84.15,112,0.472,1,15,15,15,1,7,36,19,19,13,12,9,36,20,22,16,20,36,18,1
2025-26,1610612764,WAS,Washington Wizards,0022500109,2025-10-26T00:00:00,WAS vs. CHA,L,48.0,102.7,104.6,127.7,127.5,-25.0,-22.9,0.61,1.67,17.6,0.189,0.708,0.436,0.139,0.505,0.554,109.4,108.5,90.42,108,0.362,1,15,15,15,3,41,39,41,29,24,27,49,14,42,19,36,32,1,46,1
2025-26,1610612764,WAS,Washington Wizards,0022500096,2025-10-24T00:00:00,WAS @ DAL,W,48.0,106.6,107.3,95.6,99.1,11.0,8.3,0.659,1.59,18.2,0.226,0.774,0.5,0.156,0.539,0.569,110.8,108.5,90.42,109,0.531,1,1,1,1,3,33,4,7,15,28,22,45,6,18,28,23,25,1,9,1
2025-26,1610612764,WAS,Washington Wizards,0022500086,2025-10-22T00:00:00,WAS @ MIL,L,48.0,112.8,112.1,122.7,124.3,-9.9,-12.1,0.5,1.77,16.0,0.276,0.846,0.545,0.121,0.556,0.564,107.4,107.0,89.17,107,0.441,1,15,15,15,3,21,32,25,45,19,38,32,1,7,10,15,28,6,24,1
2025-26,1610612765,DET,Detroit Pistons,0022500781,2026-02-11T00:00:00,DET @ TOR,W,48.0,114.1,121.5,104.3,102.2,9.9,19.4,0.585,1.5,17.0,0.5,0.727,0.606,0.172,0.539,0.565,95.1,93.0,77.5,93,0.564,1,1,1,1,3,17,10,10,36,35,36,1,19,2,38,25,32,49,18,1
2025-26,1610612765,DET,Detroit Pistons,0022500761,2026-02-09T00:00:00,DET @ CHA,W,48.0,115.4,119.6,104.5,110.6,10.9,8.9,0.488,2.0,15.5,0.362,0.604,0.484,0.109,0.5,0.554,97.4,93.0,77.5,92,0.573,1,1,1,1,3,21,29,21,52,19,42,26,50,42,10,37,36,49,15,1
2025-26,1610612765,DET,Detroit Pistons,0022500742,2026-02-06T00:00:00,DET vs. NYK,W,48.0,124.7,126.9,84.7,84.2,40.1,42.7,0.705,2.38,23.3,0.225,0.736,0.516,0.14,0.633,0.658,94.5,94.0,78.33,93,0.708,1,1,1,1,3,9,4,2,6,13,6,48,16,30,18,8,7,45,3,1
2025-26,1610612765,DET,Detroit Pistons,0022500733,2026-02-05T00:00:00,DET vs. WAS,L,48.0,113.0,114.7,120.1,123.5,-7.1,-8.8,0.537,1.47,15.4,0.373,0.702,0.531,0.147,0.517,0.571,104.2,102.0,85.0,102,0.495,1,41,41,41,3,33,51,50,46,39,43,24,26,23,26,35,27,15,40,1
2025-26,1610612765,DET,Detroit Pistons,0022500716,2026-02-03T00:00:00,DET vs. DEN,W,48.0,119.0,124.0,121.1,119.8,-2.1,4.2,0.628,3.0,18.8,0.321,0.74,0.524,0.09,0.521,0.578,102.1,100.5,83.75,100,0.5,1,1,1,1,3,13,47,30,26,5,22,33,14,28,5,33,24,23,38,1
2025-26,1610612765,DET,Detroit Pistons,0022500704,2026-02-01T00:00:00,DET vs. BKN,W,48.0,129.0,130.0,77.1,76.2,51.9,53.8,0.688,4.13,23.7,0.146,0.765,0.489,0.08,0.635,0.665,100.3,100.5,83.75,100,0.798,1,1,1,1,3,7,2,1,9,1,3,52,5,40,3,7,6,23,1,1
2025-26,1610612765,DET,Detroit Pistons,0022500696,2026-01-30T00:00:00,DET @ GSW,W,48.0,117.1,118.0,110.3,109.7,6.8,8.3,0.674,1.94,19.5,0.321,0.759,0.542,0.144,0.537,0.591,112.1,112.0,93.33,111,0.544,1,1,1,1,3,25,28,22,11,20,18,33,7,18,25,27,22,1,27,1
2025-26,1610612765,DET,Detroit Pistons,0022500685,2026-01-29T00:00:00,DET @ PHX,L,48.0,99.8,100.0,116.6,118.8,-16.9,-18.8,0.703,2.89,19.7,0.2,0.659,0.415,0.094,0.46,0.499,97.0,96.0,80.0,96,0.446,1,41,41,41,3,50,46,52,7,8,17,50,35,53,6,48,49,44,50,1
2025-26,1610612765,DET,Detroit Pistons,0022500668,2026-01-27T00:00:00,DET @ DEN,W,48.0,113.6,116.0,111.3,113.8,2.3,2.1,0.545,3.43,17.9,0.302,0.652,0.465,0.074,0.5,0.535,96.0,94.0,78.33,94,0.497,1,1,1,1,3,29,36,37,44,4,27,37,38,47,1,37,40,45,39,1
2025-26,1610612765,DET,Detroit Pistons,0022500650,2026-01-25T00:00:00,DET vs. SAC,W,48.0,130.7,139.0,112.3,114.9,18.5,24.1,0.62,1.63,20.3,0.5,0.66,0.582,0.19,0.637,0.673,104.8,100.5,83.75,100,0.591,1,1,1,1,3,1,38,7,29,31,14,1,34,6,45,6,4,23,12,1
2025-26,1610612765,DET,Detroit Pistons,0022500635,2026-01-23T00:00:00,DET vs. HOU,L,48.0,101.4,106.1,114.2,113.3,-12.8,-7.1,0.55,1.29,16.5,0.277,0.643,0.449,0.173,0.518,0.55,99.9,98.0,81.67,98,0.424,1,41,41,41,3,45,35,49,42,47,40,43,42,50,41,34,37,39,52,1
2025-26,1610612765,DET,Detroit Pistons,0022500624,2026-01-21T00:00:00,DET @ NOP,W,48.0,106.1,108.7,99.8,102.0,6.3,6.8,0.667,1.3,17.7,0.377,0.685,0.533,0.194,0.528,0.568,104.9,102.5,85.42,103,0.542,1,1,1,1,3,41,8,25,12,46,30,21,30,22,47,30,29,14,29,1
2025-26,1610612765,DET,Detroit Pistons,0022500017,2026-01-19T00:00:00,DET vs. BOS,W,48.0,107.1,111.8,107.1,110.8,0.0,1.1,0.632,3.0,18.2,0.302,0.623,0.462,0.086,0.494,0.53,96.7,93.0,77.5,93,0.56,1,1,1,1,3,38,30,39,23,5,26,37,46,48,4,39,41,49,21,1
2025-26,1610612765,DET,Detroit Pistons,0022500595,2026-01-17T00:00:00,DET vs. IND,W,48.0,106.7,110.0,71.0,70.3,35.8,39.7,0.696,1.68,21.1,0.2,0.845,0.546,0.173,0.581,0.597,111.6,110.5,92.08,110,0.742,1,1,1,1,3,40,1,3,8,28,11,50,1,16,40,16,19,3,2,1
2025-26,1610612765,DET,Detroit Pistons,0022500579,2026-01-15T00:00:00,DET vs. PHX,W,48.0,107.7,108.0,101.9,105.0,5.8,3.0,0.658,1.47,17.9,0.308,0.768,0.546,0.17,0.525,0.555,101.6,100.0,83.33,100,0.56,1,1,1,1,3,42,14,34,13,37,28,35,3,16,37,31,35,27,20,1
2025-26,1610612765,DET,Detroit Pistons,0022500544,2026-01-10T00:00:00,DET vs. LAC,L,48.0,89.3,92.0,96.2,98.0,-6.9,-6.0,0.636,0.84,14.8,0.415,0.739,0.566,0.25,0.446,0.489,102.4,100.0,83.33,100,0.468,1,41,41,41,3,52,7,48,20,51,49,12,15,11,53,51,51,27,47,1
2025-26,1610612765,DET,Detroit Pistons,0022500517,2026-01-07T00:00:00,DET vs. CHI,W,48.0,111.9,118.7,100.0,102.2,11.9,16.5,0.778,3.89,24.6,0.333,0.635,0.49,0.099,0.554,0.565,94.7,91.0,75.83,91,0.596,1,1,1,1,3,23,11,12,3,2,1,31,44,38,8,22,31,53,11,1
2025-26,1610612765,DET,Detroit Pistons,0022500502,2026-01-05T00:00:00,DET vs. NYK,W,48.0,127.3,130.1,92.6,95.7,34.7,34.4,0.532,1.56,18.7,0.405,0.723,0.573,0.172,0.64,0.65,96.1,93.5,77.92,93,0.68,1,1,1,1,3,6,5,4,48,33,25,14,20,9,38,5,8,48,5,1
2025-26,1610612765,DET,Detroit Pistons,0022500494,2026-01-04T00:00:00,DET @ CLE,W,48.0,106.3,112.9,110.9,108.9,-4.6,4.0,0.641,1.47,17.0,0.375,0.729,0.538,0.168,0.489,0.547,103.2,101.0,84.17,101,0.48,1,1,1,1,3,36,26,32,19,37,37,23,18,19,36,40,38,19,45,1
2025-26,1610612765,DET,Detroit Pistons,0022500472,2026-01-01T00:00:00,DET vs. MIA,L,48.0,103.1,103.7,104.6,108.3,-1.5,-4.6,0.658,1.19,17.6,0.205,0.614,0.436,0.194,0.531,0.598,110.7,108.5,90.42,108,0.495,1,41,41,41,3,48,23,47,13,48,31,49,47,52,48,29,18,4,42,1
2025-26,1610612765,DET,Detroit Pistons,0022500460,2025-12-30T00:00:00,DET @ LAL,W,48.0,124.6,126.7,100.3,102.9,24.2,23.8,0.625,1.5,21.6,0.242,0.653,0.488,0.198,0.704,0.721,104.2,102.0,85.0,101,0.629,1,1,1,1,3,10,12,8,27,35,10,47,36,41,49,2,2,15,7,1
2025-26,1610612765,DET,Detroit Pistons,0022500445,2025-12-28T00:00:00,DET @ LAC,L,48.0,107.2,107.6,122.1,120.4,-14.8,-12.8,0.529,1.38,14.2,0.347,0.75,0.538,0.141,0.457,0.525,92.0,92.5,77.08,92,0.457,1,41,41,41,3,43,48,51,49,43,50,30,11,20,20,49,42,52,48,1
2025-26,1610612765,DET,Detroit Pistons,0022500430,2025-12-26T00:00:00,DET @ UTA,L,48.0,118.2,121.7,123.1,124.8,-4.9,-3.1,0.792,2.24,23.9,0.354,0.674,0.511,0.16,0.62,0.632,107.8,105.5,87.92,106,0.489,1,41,41,41,3,16,52,45,1,15,2,29,31,33,31,10,13,7,43,1
2025-26,1610612765,DET,Detroit Pistons,0022500421,2025-12-23T00:00:00,DET @ SAC,W,48.0,127.9,136.0,124.2,127.0,3.7,9.0,0.745,2.53,23.5,0.5,0.549,0.525,0.15,0.611,0.634,104.3,100.0,83.33,100,0.55,1,1,1,1,3,3,53,20,4,10,5,1,53,27,28,12,12,27,26,1
2025-26,1610612765,DET,Detroit Pistons,0022500408,2025-12-22T00:00:00,DET @ POR,W,48.0,110.5,113.4,99.1,106.3,11.4,7.2,0.636,2.8,18.7,0.443,0.638,0.528,0.103,0.47,0.493,101.2,96.5,80.42,97,0.552,1,1,1,1,3,35,16,23,20,9,24,6,43,25,9,45,50,42,25,1
2025-26,1610612765,DET,Detroit Pistons,0022500390,2025-12-20T00:00:00,DET vs. CHA,W,48.0,101.7,106.7,78.3,80.4,23.4,26.3,0.561,1.15,15.1,0.436,0.698,0.576,0.19,0.473,0.523,109.9,106.0,88.33,105,0.681,1,1,1,1,3,44,3,6,40,49,47,8,28,8,46,43,45,6,4,1
2025-26,1610612765,DET,Detroit Pistons,0022500376,2025-12-18T00:00:00,DET @ DAL,L,53.0,97.6,103.6,104.7,103.6,-7.1,0.1,0.553,2.17,15.4,0.434,0.731,0.555,0.109,0.41,0.436,103.1,100.53,83.77,110,0.443,1,41,41,41,1,49,13,41,41,17,43,9,17,13,11,53,53,22,51,1
2025-26,1610612765,DET,Detroit Pistons,0022501222,2025-12-15T00:00:00,DET @ BOS,W,48.0,113.1,117.9,105.1,112.9,8.0,5.0,0.512,1.91,15.6,0.377,0.75,0.554,0.116,0.534,0.56,99.4,94.0,78.33,95,0.531,1,1,1,1,3,26,34,28,51,22,41,21,11,14,12,28,33,45,31,1
2025-26,1610612765,DET,Detroit Pistons,0022501210,2025-12-12T00:00:00,DET vs. ATL,W,48.0,131.8,134.0,108.9,106.5,22.9,27.5,0.642,2.43,22.4,0.3,0.653,0.494,0.132,0.648,0.684,106.7,107.0,89.17,106,0.608,1,1,1,1,3,4,17,5,18,12,7,39,36,36,15,4,3,5,10,1
2025-26,1610612765,DET,Detroit Pistons,0022500353,2025-12-06T00:00:00,DET vs. MIL,W,48.0,124.4,127.8,113.0,116.7,11.4,11.2,0.721,1.94,20.7,0.44,0.717,0.583,0.165,0.587,0.622,99.4,96.5,80.42,97,0.573,1,1,1,1,3,8,44,18,5,20,12,7,22,5,33,15,16,42,14,1
2025-26,1610612765,DET,Detroit Pistons,0022500342,2025-12-05T00:00:00,DET vs. POR,W,48.0,117.2,122.0,113.3,117.2,3.9,4.8,0.632,1.71,16.8,0.385,0.6,0.49,0.14,0.524,0.592,103.3,99.5,82.92,100,0.527,1,1,1,1,3,15,45,29,23,25,38,20,51,37,19,32,21,32,33,1
2025-26,1610612765,DET,Detroit Pistons,0022500331,2025-12-03T00:00:00,DET @ MIL,L,48.0,101.3,112.4,113.9,115.3,-12.5,-2.9,0.658,1.67,17.5,0.356,0.705,0.505,0.155,0.474,0.516,103.4,97.5,81.25,97,0.448,1,41,41,41,3,37,40,44,13,29,32,28,25,34,29,42,46,40,49,1
2025-26,1610612765,DET,Detroit Pistons,0022500309,2025-12-01T00:00:00,DET vs. ATL,W,48.0,97.5,98.0,96.2,97.0,1.2,1.0,0.474,0.78,12.9,0.412,0.827,0.621,0.228,0.471,0.513,101.7,101.0,84.17,101,0.519,1,1,1,1,3,51,6,40,53,52,53,13,2,1,50,44,47,19,35,1
2025-26,1610612765,DET,Detroit Pistons,0022500296,2025-11-29T00:00:00,DET @ MIA,W,48.0,122.0,124.3,120.4,121.6,1.6,2.7,0.527,1.38,18.7,0.357,0.723,0.551,0.189,0.651,0.669,112.6,111.0,92.5,111,0.51,1,1,1,1,3,12,50,36,50,44,23,27,20,15,44,3,5,2,37,1
2025-26,1610612765,DET,Detroit Pistons,0022500072,2025-11-28T00:00:00,DET vs. ORL,L,48.0,101.3,104.8,100.8,106.7,0.4,-1.9,0.595,0.92,15.2,0.373,0.65,0.523,0.231,0.506,0.558,109.4,104.5,87.08,104,0.495,1,41,41,41,3,47,19,42,34,50,46,24,39,29,51,36,34,12,41,1
2025-26,1610612765,DET,Detroit Pistons,0022500060,2025-11-26T00:00:00,DET @ BOS,L,48.0,113.1,117.5,118.7,120.6,-5.7,-3.1,0.541,1.54,14.0,0.433,0.706,0.559,0.134,0.457,0.524,99.7,97.0,80.83,97,0.486,1,41,41,41,3,28,49,46,45,34,51,10,23,12,16,50,44,41,44,1
2025-26,1610612765,DET,Detroit Pistons,0022500283,2025-11-24T00:00:00,DET @ IND,W,48.0,118.1,119.6,111.5,115.8,6.7,3.8,0.571,1.41,16.8,0.4,0.761,0.582,0.167,0.554,0.608,104.1,101.5,84.58,102,0.531,1,1,1,1,3,20,41,33,38,42,38,15,6,6,35,23,17,17,32,1
2025-26,1610612765,DET,Detroit Pistons,0022500272,2025-11-22T00:00:00,DET @ MIL,W,48.0,127.0,130.3,115.7,116.0,11.3,14.3,0.633,2.21,23.5,0.061,0.767,0.461,0.141,0.731,0.728,100.9,99.5,82.92,99,0.553,1,1,1,1,3,5,42,14,22,16,4,53,4,49,21,1,1,32,24,1
2025-26,1610612765,DET,Detroit Pistons,0022500251,2025-11-18T00:00:00,DET @ ATL,W,48.0,118.2,117.6,110.2,112.0,7.9,5.6,0.622,1.87,19.7,0.293,0.745,0.534,0.147,0.602,0.641,101.6,101.0,84.17,102,0.57,1,1,1,1,3,27,33,27,28,23,16,40,13,21,26,13,9,19,16,1
2025-26,1610612765,DET,Detroit Pistons,0022500242,2025-11-17T00:00:00,DET vs. IND,W,48.0,121.9,123.3,106.9,108.7,15.0,14.6,0.604,1.71,19.3,0.4,0.564,0.49,0.165,0.597,0.627,104.5,103.0,85.83,103,0.627,1,1,1,1,3,14,25,13,32,26,20,15,52,38,34,14,14,13,8,1
2025-26,1610612765,DET,Detroit Pistons,0022500041,2025-11-14T00:00:00,DET vs. PHI,W,48.0,113.0,115.2,106.5,105.0,6.5,10.2,0.78,2.29,21.9,0.283,0.686,0.481,0.141,0.538,0.57,99.8,99.5,82.92,99,0.566,1,1,1,1,3,30,14,19,2,14,8,41,29,43,21,26,28,32,17,1
2025-26,1610612765,DET,Detroit Pistons,0022500214,2025-11-12T00:00:00,DET vs. CHI,W,48.0,118.1,118.1,105.3,106.6,12.8,11.5,0.6,1.58,20.5,0.256,0.647,0.468,0.181,0.628,0.639,106.2,105.5,87.92,105,0.561,1,1,1,1,3,24,18,17,33,32,13,45,41,46,43,9,10,7,19,1
2025-26,1610612765,DET,Detroit Pistons,0022500199,2025-11-10T00:00:00,DET vs. WAS,W,53.0,115.4,119.1,116.9,116.4,-1.5,2.8,0.574,1.69,15.3,0.472,0.755,0.587,0.139,0.469,0.524,106.0,104.6,87.17,115,0.515,1,1,1,1,1,22,43,35,37,27,45,5,8,4,17,46,43,11,36,1
2025-26,1610612765,DET,Detroit Pistons,0022500195,2025-11-09T00:00:00,DET @ PHI,W,48.0,109.6,111.0,103.5,109.1,6.0,1.9,0.59,1.44,17.0,0.255,0.627,0.449,0.16,0.555,0.588,102.8,99.5,82.92,100,0.522,1,1,1,1,3,39,27,38,35,41,34,46,45,51,30,21,23,32,34,1
2025-26,1610612765,DET,Detroit Pistons,0022500031,2025-11-07T00:00:00,DET @ BKN,W,48.0,124.8,125.0,103.4,108.1,21.3,16.9,0.653,2.46,21.9,0.39,0.755,0.589,0.13,0.612,0.636,101.8,99.5,82.92,100,0.657,1,1,1,1,3,11,21,11,16,11,8,19,8,3,13,11,11,32,6,1
2025-26,1610612765,DET,Detroit Pistons,0022500172,2025-11-05T00:00:00,DET vs. UTA,W,48.0,113.2,114.0,100.2,102.0,13.0,12.0,0.533,1.85,17.1,0.308,0.702,0.514,0.13,0.555,0.566,101.7,100.5,83.75,100,0.543,1,1,1,1,3,34,9,16,47,24,33,35,27,31,13,20,30,23,28,1
2025-26,1610612765,DET,Detroit Pistons,0022500161,2025-11-03T00:00:00,DET @ MEM,W,48.0,114.3,115.2,106.0,108.2,8.3,7.0,0.548,1.64,17.0,0.326,0.611,0.48,0.141,0.566,0.595,99.9,98.5,82.08,99,0.555,1,1,1,1,3,30,22,24,43,30,34,32,49,44,21,17,20,38,22,1
2025-26,1610612765,DET,Detroit Pistons,0022500147,2025-11-01T00:00:00,DET @ DAL,W,48.0,122.0,120.8,108.2,107.8,13.8,12.9,0.644,3.63,20.0,0.278,0.755,0.505,0.079,0.544,0.576,100.8,101.5,84.58,101,0.574,1,1,1,1,3,18,20,15,17,3,15,42,8,34,2,24,25,17,13,1
2025-26,1610612765,DET,Detroit Pistons,0022500129,2025-10-29T00:00:00,DET vs. ORL,W,48.0,125.0,136.4,113.1,114.9,12.0,21.5,0.63,2.07,19.5,0.429,0.614,0.528,0.141,0.565,0.625,105.3,100.0,83.33,99,0.61,1,1,1,1,3,2,38,9,25,18,19,11,47,24,21,18,15,27,9,1
2025-26,1610612765,DET,Detroit Pistons,0022500007,2025-10-27T00:00:00,DET vs. CLE,L,48.0,87.3,89.6,107.0,111.5,-19.8,-21.9,0.606,0.77,13.3,0.393,0.66,0.514,0.245,0.443,0.48,108.6,105.0,87.5,106,0.345,1,41,41,41,3,53,32,53,31,53,52,17,33,32,52,52,52,10,53,1
2025-26,1610612765,DET,Detroit Pistons,0022500106,2025-10-26T00:00:00,DET vs. BOS,W,48.0,112.4,120.2,108.1,114.1,4.4,6.1,0.564,1.38,14.9,0.474,0.667,0.57,0.162,0.468,0.547,105.2,99.0,82.5,99,0.554,1,1,1,1,3,19,37,26,39,45,48,4,32,10,32,47,39,37,23,1
2025-26,1610612765,DET,Detroit Pistons,0022500093,2025-10-24T00:00:00,DET @ HOU,W,48.0,111.5,115.0,109.8,111.0,1.7,4.0,0.619,1.44,17.8,0.392,0.649,0.528,0.18,0.556,0.574,102.1,100.0,83.33,100,0.532,1,1,1,1,3,32,31,31,30,40,29,18,40,25,42,19,26,27,30,1
2025-26,1610612765,DET,Detroit Pistons,0022500084,2025-10-22T00:00:00,DET @ CHI,L,48.0,105.3,105.7,107.4,108.5,-2.1,-2.8,0.674,2.9,19.3,0.276,0.706,0.477,0.095,0.479,0.512,106.3,105.5,87.92,105,0.47,1,41,41,41,3,46,24,43,10,7,20,44,23,45,7,41,48,7,46,1
2025-26,1610612766,CHA,Charlotte Hornets,0022500775,2026-02-11T00:00:00,CHA vs. ATL,W,48.0,108.1,110.0,104.7,108.1,3.4,1.9,0.636,1.31,15.0,0.362,0.74,0.537,0.16,0.483,0.546,102.0,99.5,82.92,100,0.482,1,1,1,1,4,42,20,25,31,41,45,22,22,32,29,45,44,24,31,1
2025-26,1610612766,CHA,Charlotte Hornets,0022500761,2026-02-09T00:00:00,CHA vs. DET,L,48.0,104.5,110.6,115.4,119.6,-10.9,-8.9,0.647,1.05,16.5,0.396,0.638,0.516,0.223,0.53,0.581,97.4,93.0,77.5,94,0.427,1,27,27,27,4,41,35,40,29,50,43,15,51,36,50,34,28,51,45,1
2025-26,1610612766,CHA,Charlotte Hornets,0022500751,2026-02-07T00:00:00,CHA @ ATL,W,48.0,123.5,129.9,118.4,122.7,5.0,7.2,0.674,1.94,20.8,0.429,0.778,0.596,0.165,0.579,0.617,101.3,97.0,80.83,97,0.526,1,1,1,1,4,6,40,18,21,20,14,8,14,8,31,20,18,31,18,1
2025-26,1610612766,CHA,Charlotte Hornets,0022500737,2026-02-05T00:00:00,CHA @ HOU,W,48.0,106.2,113.5,101.2,102.1,4.9,11.5,0.583,0.95,14.9,0.462,0.66,0.556,0.229,0.511,0.564,100.2,96.5,80.42,96,0.505,1,1,1,1,4,35,10,15,46,52,46,6,47,22,52,41,37,35,26,1
2025-26,1610612766,CHA,Charlotte Hornets,0022500712,2026-02-02T00:00:00,CHA vs. NOP,W,48.0,101.1,105.2,96.9,99.0,4.2,6.2,0.471,0.94,12.0,0.389,0.836,0.615,0.175,0.471,0.526,99.4,96.5,80.42,97,0.537,1,1,1,1,4,47,5,22,54,53,54,16,5,4,40,50,48,35,16,1
2025-26,1610612766,CHA,Charlotte Hornets,0022500697,2026-01-31T00:00:00,CHA vs. SAS,W,48.0,116.0,116.8,113.5,112.8,2.5,4.1,0.769,2.5,21.3,0.327,0.841,0.57,0.126,0.517,0.568,94.5,94.5,78.75,95,0.515,1,1,1,1,4,29,24,24,3,7,9,33,4,13,10,39,35,44,21,1
2025-26,1610612766,CHA,Charlotte Hornets,0022500683,2026-01-29T00:00:00,CHA @ DAL,W,48.0,121.9,120.6,115.2,119.8,6.7,0.8,0.651,2.8,19.9,0.22,0.702,0.477,0.098,0.582,0.622,103.0,101.5,84.58,102,0.506,1,1,1,1,4,21,36,26,25,3,17,54,36,49,4,18,16,12,23,1
2025-26,1610612766,CHA,Charlotte Hornets,0022500676,2026-01-28T00:00:00,CHA @ MEM,W,48.0,111.4,121.7,106.3,105.4,5.2,16.3,0.568,1.25,18.0,0.468,0.723,0.596,0.217,0.583,0.599,95.9,92.0,76.67,92,0.522,1,1,1,1,4,18,14,13,48,42,33,5,24,8,48,17,23,52,19,1
2025-26,1610612766,CHA,Charlotte Hornets,0022500657,2026-01-26T00:00:00,CHA vs. PHI,W,48.0,122.8,128.7,90.9,91.2,31.9,37.5,0.723,1.36,22.4,0.425,0.719,0.598,0.248,0.669,0.685,104.1,101.5,84.58,101,0.688,1,1,1,1,4,7,2,2,9,40,5,9,25,7,55,2,4,12,3,1
2025-26,1610612766,CHA,Charlotte Hornets,0022500645,2026-01-24T00:00:00,CHA vs. WAS,W,48.0,117.6,120.2,111.7,113.9,5.9,6.3,0.732,1.43,21.0,0.35,0.692,0.543,0.212,0.608,0.645,102.1,100.0,83.33,99,0.531,1,1,1,1,4,22,26,21,7,39,13,26,39,28,46,10,9,22,17,1
2025-26,1610612766,CHA,Charlotte Hornets,0022500627,2026-01-22T00:00:00,CHA @ ORL,W,48.0,130.5,130.5,102.5,102.1,28.1,28.4,0.605,1.73,19.5,0.316,0.833,0.605,0.158,0.652,0.689,94.8,95.0,79.17,95,0.637,1,1,1,1,4,5,11,3,39,24,21,36,6,6,28,5,2,42,6,1
2025-26,1610612766,CHA,Charlotte Hornets,0022500620,2026-01-21T00:00:00,CHA vs. CLE,L,48.0,85.4,90.6,92.6,97.9,-7.2,-7.3,0.606,1.54,14.4,0.348,0.586,0.457,0.135,0.378,0.411,101.7,96.0,80.0,96,0.418,1,27,27,27,4,54,4,37,38,32,51,27,53,50,15,55,55,39,48,1
2025-26,1610612766,CHA,Charlotte Hornets,0022500605,2026-01-18T00:00:00,CHA @ DEN,W,48.0,119.9,127.9,100.1,101.2,19.8,26.7,0.682,2.31,21.9,0.478,0.776,0.632,0.151,0.556,0.581,89.3,86.0,71.67,86,0.624,1,1,1,1,4,9,8,5,17,13,6,3,15,2,23,25,29,55,7,1
2025-26,1610612766,CHA,Charlotte Hornets,0022500599,2026-01-17T00:00:00,CHA @ GSW,L,48.0,108.9,113.7,133.7,133.3,-24.8,-19.6,0.628,1.59,18.2,0.352,0.773,0.541,0.167,0.543,0.572,104.1,102.0,85.0,102,0.405,1,27,27,27,4,34,51,52,35,30,30,25,18,31,33,31,33,11,52,1
2025-26,1610612766,CHA,Charlotte Hornets,0022500586,2026-01-15T00:00:00,CHA @ LAL,W,48.0,137.7,137.8,116.9,118.2,20.8,19.6,0.68,2.62,23.1,0.357,0.704,0.552,0.133,0.652,0.682,99.1,98.5,82.08,98,0.604,1,1,1,1,4,2,32,9,18,6,3,24,34,23,14,4,5,27,10,1
2025-26,1610612766,CHA,Charlotte Hornets,0022500563,2026-01-12T00:00:00,CHA @ LAC,L,48.0,114.2,116.0,120.3,124.5,-6.2,-8.5,0.558,2.4,18.0,0.319,0.774,0.56,0.106,0.545,0.571,96.4,94.0,78.33,94,0.506,1,27,27,27,4,30,41,39,50,10,32,35,17,20,5,29,34,47,24,1
2025-26,1610612766,CHA,Charlotte Hornets,0022500547,2026-01-10T00:00:00,CHA @ UTA,W,48.0,144.2,148.5,93.8,93.1,50.4,55.4,0.66,2.69,21.6,0.5,0.789,0.651,0.129,0.644,0.67,102.6,101.5,84.58,101,0.748,1,1,1,1,4,1,3,1,23,4,7,1,12,1,11,6,7,12,1,1
2025-26,1610612766,CHA,Charlotte Hornets,0022500528,2026-01-08T00:00:00,CHA vs. IND,L,48.0,106.1,114.3,112.6,116.3,-6.5,-2.0,0.744,1.71,20.6,0.306,0.683,0.478,0.173,0.547,0.58,103.4,98.0,81.67,98,0.477,1,27,27,27,4,33,29,30,6,26,15,38,41,48,39,28,31,28,34,1
2025-26,1610612766,CHA,Charlotte Hornets,0022500516,2026-01-07T00:00:00,CHA vs. TOR,L,48.0,102.5,105.5,106.2,106.6,-3.7,-1.1,0.594,1.06,14.7,0.404,0.714,0.565,0.198,0.476,0.524,92.5,91.0,75.83,91,0.495,1,27,27,27,4,46,15,28,41,49,48,13,27,16,43,47,50,54,28,1
2025-26,1610612766,CHA,Charlotte Hornets,0022500506,2026-01-05T00:00:00,CHA @ OKC,W,48.0,127.8,127.8,97.1,100.0,30.7,27.8,0.61,1.19,18.2,0.405,0.677,0.576,0.216,0.656,0.705,98.4,97.0,80.83,97,0.639,1,1,1,1,4,11,6,4,37,45,29,12,43,11,47,3,1,31,4,1
2025-26,1610612766,CHA,Charlotte Hornets,0022500489,2026-01-03T00:00:00,CHA @ CHI,W,48.0,111.9,112.0,100.9,100.0,11.0,12.0,0.59,1.92,16.5,0.296,0.83,0.561,0.12,0.511,0.554,99.1,99.5,82.92,100,0.513,1,1,1,1,4,36,6,14,42,22,42,45,7,19,9,42,43,24,22,1
2025-26,1610612766,CHA,Charlotte Hornets,0022500481,2026-01-02T00:00:00,CHA @ MIL,L,48.0,120.6,124.7,124.6,125.8,-4.0,-1.0,0.675,1.93,19.7,0.289,0.744,0.511,0.144,0.598,0.641,99.1,97.0,80.83,97,0.488,1,27,27,27,4,15,42,27,20,21,19,50,21,38,19,13,12,31,29,1
2025-26,1610612766,CHA,Charlotte Hornets,0022500462,2025-12-31T00:00:00,CHA vs. GSW,L,48.0,119.6,123.8,132.7,130.7,-13.0,-6.9,0.729,2.33,23.0,0.348,0.711,0.512,0.149,0.602,0.622,102.0,101.0,84.17,101,0.471,1,27,27,27,4,16,49,36,8,12,4,27,32,37,21,11,15,16,36,1
2025-26,1610612766,CHA,Charlotte Hornets,0022500447,2025-12-29T00:00:00,CHA vs. MIL,L,48.0,115.5,121.5,125.9,129.5,-10.4,-8.0,0.7,2.15,19.7,0.389,0.714,0.531,0.14,0.522,0.555,97.7,94.0,78.33,93,0.436,1,27,27,27,4,19,48,38,13,15,18,16,27,33,17,37,40,47,43,1
2025-26,1610612766,CHA,Charlotte Hornets,0022500424,2025-12-26T00:00:00,CHA @ ORL,W,48.0,122.1,123.7,109.2,107.1,12.8,16.6,0.561,1.53,16.3,0.42,0.683,0.564,0.155,0.58,0.604,97.2,97.5,81.25,97,0.572,1,1,1,1,4,17,17,12,49,33,44,10,40,18,26,19,20,29,12,1
2025-26,1610612766,CHA,Charlotte Hornets,0022500409,2025-12-23T00:00:00,CHA vs. WAS,W,48.0,131.4,134.0,114.6,114.7,16.8,19.3,0.833,7.0,24.1,0.327,0.661,0.505,0.053,0.559,0.601,95.5,94.5,78.75,94,0.597,1,1,1,1,4,3,27,10,1,1,2,32,46,44,1,24,22,44,11,1
2025-26,1610612766,CHA,Charlotte Hornets,0022500402,2025-12-22T00:00:00,CHA @ CLE,L,48.0,122.2,132.0,134.5,136.3,-12.3,-4.3,0.63,1.45,19.1,0.46,0.795,0.607,0.2,0.601,0.629,105.7,101.0,84.17,100,0.452,1,27,27,27,4,4,55,35,34,36,23,7,11,5,44,12,13,16,40,1
2025-26,1610612766,CHA,Charlotte Hornets,0022500390,2025-12-20T00:00:00,CHA @ DET,L,48.0,78.3,80.4,101.7,106.7,-23.4,-26.3,0.75,0.88,14.3,0.302,0.564,0.424,0.224,0.388,0.44,109.9,106.0,88.33,107,0.319,1,27,27,27,4,55,16,54,5,55,52,43,54,54,51,54,54,4,55,1
2025-26,1610612766,CHA,Charlotte Hornets,0022500371,2025-12-18T00:00:00,CHA vs. ATL,W,48.0,123.7,127.9,117.0,121.2,6.7,6.7,0.796,2.44,25.2,0.302,0.696,0.506,0.154,0.67,0.675,107.6,104.0,86.67,104,0.542,1,1,1,1,4,10,38,19,2,9,1,42,38,42,24,1,6,7,14,1
2025-26,1610612766,CHA,Charlotte Hornets,0022501218,2025-12-14T00:00:00,CHA @ CLE,W,53.0,105.1,111.2,102.1,104.7,3.0,6.5,0.651,1.56,18.1,0.379,0.705,0.546,0.168,0.526,0.555,100.5,96.45,80.38,107,0.538,1,1,1,1,1,40,13,20,25,31,31,18,33,24,34,36,41,38,15,1
2025-26,1610612766,CHA,Charlotte Hornets,0022501209,2025-12-12T00:00:00,CHA vs. CHI,L,48.0,123.0,124.8,124.8,126.5,-1.8,-1.7,0.588,3.33,21.3,0.213,0.651,0.422,0.089,0.608,0.621,102.9,101.5,84.58,101,0.462,1,27,27,27,4,13,43,29,43,2,9,55,49,55,2,9,17,12,38,1
2025-26,1610612766,CHA,Charlotte Hornets,0022500359,2025-12-07T00:00:00,CHA vs. DEN,L,48.0,107.9,109.3,117.7,118.6,-9.8,-9.3,0.632,1.71,17.9,0.3,0.844,0.558,0.144,0.529,0.562,98.0,97.0,80.83,97,0.456,1,27,27,27,4,44,33,42,33,25,34,44,3,21,19,35,38,31,39,1
2025-26,1610612766,CHA,Charlotte Hornets,0022500344,2025-12-05T00:00:00,CHA @ TOR,W,48.0,104.2,107.8,81.3,83.5,22.9,24.3,0.703,1.08,18.4,0.293,0.717,0.545,0.233,0.588,0.627,106.1,103.0,85.83,103,0.697,1,1,1,1,4,45,1,6,12,48,28,47,26,26,53,16,14,9,2,1
2025-26,1610612766,CHA,Charlotte Hornets,0022500328,2025-12-03T00:00:00,CHA @ NYK,L,48.0,103.8,111.8,124.1,126.6,-20.4,-14.8,0.528,1.46,14.4,0.364,0.681,0.51,0.14,0.472,0.524,98.1,93.5,77.92,93,0.408,1,27,27,27,4,38,44,48,51,35,50,20,42,41,17,48,49,49,50,1
2025-26,1610612766,CHA,Charlotte Hornets,0022500312,2025-12-01T00:00:00,CHA @ BKN,L,48.0,99.1,103.0,114.3,117.2,-15.2,-14.2,0.684,1.44,18.6,0.28,0.696,0.5,0.18,0.518,0.554,102.7,99.5,82.92,100,0.467,1,27,27,27,4,52,30,46,16,37,27,51,37,45,42,38,42,24,37,1
2025-26,1610612766,CHA,Charlotte Hornets,0022500294,2025-11-29T00:00:00,CHA vs. TOR,W,53.0,114.8,118.0,105.2,109.9,9.6,8.1,0.585,2.67,17.1,0.315,0.545,0.431,0.09,0.495,0.558,94.3,91.02,75.85,100,0.521,1,1,1,1,1,26,22,17,44,5,39,37,55,53,3,43,39,53,20,1
2025-26,1610612766,CHA,Charlotte Hornets,0022500071,2025-11-28T00:00:00,CHA vs. CHI,W,48.0,110.3,115.0,108.6,109.4,1.6,5.5,0.636,2.0,18.7,0.296,0.755,0.523,0.131,0.531,0.572,109.2,106.5,88.75,107,0.506,1,1,1,1,4,32,21,23,31,18,25,45,19,35,13,33,32,3,25,1
2025-26,1610612766,CHA,Charlotte Hornets,0022500061,2025-11-26T00:00:00,CHA vs. NYK,L,48.0,97.5,104.1,125.3,131.6,-27.8,-27.5,0.429,0.88,11.8,0.291,0.675,0.453,0.175,0.488,0.528,103.2,97.5,81.25,97,0.332,1,27,27,27,4,48,50,55,55,54,55,49,44,52,40,44,47,29,54,1
2025-26,1610612766,CHA,Charlotte Hornets,0022500276,2025-11-23T00:00:00,CHA @ ATL,L,48.0,108.1,115.8,116.4,118.9,-8.4,-3.2,0.667,1.63,18.8,0.362,0.714,0.542,0.168,0.535,0.58,99.4,95.0,79.17,95,0.485,1,27,27,27,4,31,34,33,22,29,24,23,27,30,36,32,30,42,30,1
2025-26,1610612766,CHA,Charlotte Hornets,0022500268,2025-11-22T00:00:00,CHA vs. LAC,L,48.0,120.3,120.8,131.6,135.1,-11.3,-14.2,0.585,2.18,17.9,0.304,0.609,0.457,0.115,0.547,0.601,98.0,96.5,80.42,96,0.439,1,27,27,27,4,20,54,47,44,14,34,40,52,51,7,27,21,35,42,1
2025-26,1610612766,CHA,Charlotte Hornets,0022500256,2025-11-19T00:00:00,CHA @ IND,L,48.0,109.6,118.0,125.6,127.0,-16.0,-9.0,0.651,2.15,17.7,0.477,0.714,0.57,0.13,0.463,0.506,104.4,100.0,83.33,100,0.427,1,27,27,27,4,26,45,41,25,15,38,4,27,12,12,52,51,22,46,1
2025-26,1610612766,CHA,Charlotte Hornets,0022500245,2025-11-17T00:00:00,CHA @ TOR,L,48.0,105.7,103.8,105.7,107.8,-0.1,-4.0,0.514,1.19,13.5,0.327,0.804,0.545,0.154,0.483,0.539,103.1,103.0,85.83,104,0.495,1,27,27,27,4,50,19,34,52,46,53,31,10,26,24,46,45,9,27,1
2025-26,1610612766,CHA,Charlotte Hornets,0022500229,2025-11-15T00:00:00,CHA vs. OKC,L,48.0,94.0,100.0,115.5,113.5,-21.4,-13.5,0.622,1.53,16.7,0.339,0.702,0.5,0.156,0.469,0.484,98.2,96.0,80.0,96,0.405,1,27,27,27,4,53,25,44,36,33,41,30,35,45,27,51,53,39,53,1
2025-26,1610612766,CHA,Charlotte Hornets,0022500043,2025-11-14T00:00:00,CHA @ MIL,L,53.0,117.8,119.6,131.6,134.9,-13.8,-15.2,0.66,2.38,19.4,0.321,0.853,0.529,0.116,0.566,0.605,102.1,100.08,83.4,112,0.443,1,27,27,27,1,23,53,49,24,11,22,34,2,34,8,23,19,21,41,1
2025-26,1610612766,CHA,Charlotte Hornets,0022500213,2025-11-12T00:00:00,CHA vs. MIL,W,48.0,112.3,118.1,107.9,107.5,4.4,10.6,0.711,1.69,18.6,0.49,0.776,0.63,0.17,0.512,0.567,95.8,93.5,77.92,94,0.559,1,1,1,1,4,24,18,16,11,27,26,2,15,3,37,40,36,49,13,1
2025-26,1610612766,CHA,Charlotte Hornets,0022500198,2025-11-10T00:00:00,CHA vs. LAL,L,48.0,117.2,118.1,123.7,127.4,-6.5,-9.3,0.757,1.22,21.2,0.306,0.646,0.5,0.245,0.641,0.688,96.2,94.5,78.75,94,0.472,1,27,27,27,4,24,46,43,4,44,11,39,50,45,54,7,3,44,35,1
2025-26,1610612766,CHA,Charlotte Hornets,0022500033,2025-11-07T00:00:00,CHA @ MIA,L,48.0,100.1,103.8,117.6,117.8,-17.5,-13.9,0.595,1.22,14.8,0.371,0.816,0.568,0.173,0.433,0.496,107.5,105.5,87.92,104,0.409,1,27,27,27,4,50,31,45,40,43,47,19,8,14,38,53,52,6,49,1
2025-26,1610612766,CHA,Charlotte Hornets,0022500168,2025-11-04T00:00:00,CHA @ NOP,L,48.0,112.8,112.0,117.9,114.9,-5.2,-2.9,0.513,1.0,14.5,0.4,0.712,0.567,0.2,0.555,0.594,98.8,100.5,83.75,100,0.478,1,27,27,27,4,36,28,32,53,51,49,14,31,15,44,26,26,19,33,1
2025-26,1610612766,CHA,Charlotte Hornets,0022500150,2025-11-02T00:00:00,CHA vs. UTA,W,48.0,121.5,124.8,101.2,102.0,20.3,22.8,0.721,2.07,21.4,0.304,0.755,0.545,0.149,0.591,0.645,102.7,101.0,84.17,101,0.606,1,1,1,1,4,13,9,8,10,17,8,40,19,25,21,15,10,16,9,1
2025-26,1610612766,CHA,Charlotte Hornets,0022500143,2025-11-01T00:00:00,CHA vs. MIN,L,48.0,103.1,104.0,123.0,122.0,-20.0,-18.0,0.676,1.64,16.8,0.264,0.902,0.543,0.139,0.471,0.536,100.5,100.5,83.75,101,0.42,1,27,27,27,4,49,39,51,19,28,40,53,1,29,16,49,46,19,47,1
2025-26,1610612766,CHA,Charlotte Hornets,0022500138,2025-10-30T00:00:00,CHA vs. ORL,L,48.0,108.5,111.5,128.0,128.1,-19.4,-16.7,0.571,1.14,17.8,0.364,0.652,0.511,0.219,0.572,0.597,97.4,96.0,80.0,96,0.428,1,27,27,27,4,39,47,50,47,47,37,20,48,39,49,22,25,39,44,1
2025-26,1610612766,CHA,Charlotte Hornets,0022500124,2025-10-28T00:00:00,CHA @ MIA,L,48.0,107.2,109.3,132.5,133.3,-25.3,-24.0,0.65,1.44,17.8,0.269,0.783,0.51,0.168,0.544,0.584,108.9,107.5,89.58,107,0.405,1,27,27,27,4,43,51,53,28,37,36,52,13,40,34,30,27,2,51,1
2025-26,1610612766,CHA,Charlotte Hornets,0022500109,2025-10-26T00:00:00,CHA @ WAS,W,48.0,127.7,127.5,102.7,104.6,25.0,22.9,0.638,2.5,19.6,0.292,0.811,0.564,0.11,0.592,0.644,109.4,108.5,90.42,109,0.638,1,1,1,1,4,12,12,7,30,7,20,48,9,17,6,14,11,1,5,1
2025-26,1610612766,CHA,Charlotte Hornets,0022500102,2025-10-25T00:00:00,CHA @ PHI,L,48.0,114.9,117.5,119.0,120.2,-4.1,-2.7,0.698,1.76,19.9,0.34,0.673,0.505,0.165,0.573,0.597,105.2,103.5,86.25,103,0.478,1,27,27,27,4,28,37,31,14,23,16,29,45,43,32,21,24,8,32,1
2025-26,1610612766,CHA,Charlotte Hornets,0022500080,2025-10-22T00:00:00,CHA vs. BKN,W,48.0,126.5,128.3,108.4,110.4,18.1,17.9,0.688,1.94,21.2,0.409,0.732,0.59,0.16,0.628,0.651,107.7,106.0,88.33,106,0.609,1,1,1,1,4,8,23,11,15,19,12,11,23,10,30,8,8,4,8,1
